{"type":"FeatureCollection","features":[{"type":"Feature","geometry":{"type":"LineString","coordinates":[[139.5352811,35.3156622],[139.5352815,35.3156235]]},"properties":{"edge_u":"10223028868","edge_v":"8499382553","avg_max_density":0.1046,"run_count":50,"level":"low"}},{"type":"Feature","geometry":{"type":"LineString","coordinates":[[139.5353547,35.3160468],[139.5353366,35.3160256]]},"properties":{"edge_u":"10223028893","edge_v":"10223028898","avg_max_density":0.1891,"run_count":46,"level":"low"}},{"type":"Feature","geometry":{"type":"LineString","coordinates":[[139.5353547,35.3160468],[139.5354481,35.31598]]},"properties":{"edge_u":"10223028893","edge_v":"8090643404","avg_max_density":0.1757,"run_count":50,"level":"low"}},{"type":"Feature","geometry":{"type":"LineString","coordinates":[[139.5353547,35.3160468],[139.5353375,35.3161123]]},"properties":{"edge_u":"10223028893","edge_v":"8499382579","avg_max_density":0.1824,"run_count":50,"level":"low"}},{"type":"Feature","geometry":{"type":"LineString","coordinates":[[139.5353245,35.3160114],[139.5353366,35.3160256]]},"properties":{"edge_u":"10223028894","edge_v":"10223028898","avg_max_density":0.3157,"run_count":42,"level":"low"}},{"type":"Feature","geometry":{"type":"LineString","coordinates":[[139.5353366,35.3160256],[139.5353584,35.3161908]]},"properties":{"edge_u":"10223028898","edge_v":"5627303152","avg_max_density":0.0755,"run_count":50,"level":"low"}},{"type":"Feature","geometry":{"type":"LineString","coordinates":[[139.5353583,35.3169201],[139.5352138,35.316472]]},"properties":{"edge_u":"10228174646","edge_v":"5627303149","avg_max_density":0.0171,"run_count":37,"level":"low"}},{"type":"Feature","geometry":{"type":"LineString","coordinates":[[139.5525129,35.3176177],[139.5524769,35.3178084]]},"properties":{"edge_u":"10314699129","edge_v":"1787973873","avg_max_density":0.3706,"run_count":50,"level":"low"}},{"type":"Feature","geometry":{"type":"LineString","coordinates":[[139.5525129,35.3176177],[139.5523452,35.3176457]]},"properties":{"edge_u":"10314699129","edge_v":"6597730711","avg_max_density":0.1014,"run_count":50,"level":"low"}},{"type":"Feature","geometry":{"type":"LineString","coordinates":[[139.5525129,35.3176177],[139.5526046,35.3174567]]},"properties":{"edge_u":"10314699129","edge_v":"8088240146","avg_max_density":0.4755,"run_count":50,"level":"low"}},{"type":"Feature","geometry":{"type":"LineString","coordinates":[[139.5522214,35.3176759],[139.5523452,35.3176457]]},"properties":{"edge_u":"10314699131","edge_v":"6597730711","avg_max_density":0.1731,"run_count":50,"level":"low"}},{"type":"Feature","geometry":{"type":"LineString","coordinates":[[139.5526182,35.3174328],[139.5520337,35.3171184]]},"properties":{"edge_u":"10314699135","edge_v":"10314699139","avg_max_density":0.0746,"run_count":50,"level":"low"}},{"type":"Feature","geometry":{"type":"LineString","coordinates":[[139.5526182,35.3174328],[139.5526805,35.3174641]]},"properties":{"edge_u":"10314699135","edge_v":"10314699155","avg_max_density":0.1128,"run_count":50,"level":"low"}},{"type":"Feature","geometry":{"type":"LineString","coordinates":[[139.5526182,35.3174328],[139.5526851,35.3173153]]},"properties":{"edge_u":"10314699135","edge_v":"1787973750","avg_max_density":0.1111,"run_count":50,"level":"low"}},{"type":"Feature","geometry":{"type":"LineString","coordinates":[[139.5526182,35.3174328],[139.5526046,35.3174567]]},"properties":{"edge_u":"10314699135","edge_v":"8088240146","avg_max_density":0.3777,"run_count":50,"level":"low"}},{"type":"Feature","geometry":{"type":"LineString","coordinates":[[139.552797,35.3173345],[139.5527877,35.3173075]]},"properties":{"edge_u":"10314699153","edge_v":"8088240154","avg_max_density":0.1799,"run_count":49,"level":"low"}},{"type":"Feature","geometry":{"type":"LineString","coordinates":[[139.5526523,35.3171745],[139.5527019,35.317314]]},"properties":{"edge_u":"10314699159","edge_v":"8088240156","avg_max_density":0.0483,"run_count":50,"level":"low"}},{"type":"Feature","geometry":{"type":"LineString","coordinates":[[139.5348673,35.3108982],[139.5349315,35.3109133]]},"properties":{"edge_u":"10566529038","edge_v":"2077456177","avg_max_density":0.2661,"run_count":50,"level":"low"}},{"type":"Feature","geometry":{"type":"LineString","coordinates":[[139.5348673,35.3108982],[139.5344615,35.3107932]]},"properties":{"edge_u":"10566529038","edge_v":"2077456179","avg_max_density":0.0906,"run_count":50,"level":"low"}},{"type":"Feature","geometry":{"type":"LineString","coordinates":[[139.5348673,35.3108982],[139.5347121,35.3115404]]},"properties":{"edge_u":"10566529038","edge_v":"5735676609","avg_max_density":0.0899,"run_count":50,"level":"low"}},{"type":"Feature","geometry":{"type":"LineString","coordinates":[[139.5595614,35.3024957],[139.5593035,35.3023147]]},"properties":{"edge_u":"11594271997","edge_v":"3292746338","avg_max_density":0.0106,"run_count":48,"level":"low"}},{"type":"Feature","geometry":{"type":"LineString","coordinates":[[139.5584369,35.3020868],[139.5588167,35.3018864]]},"properties":{"edge_u":"11594272009","edge_v":"286527743","avg_max_density":0.17,"run_count":50,"level":"low"}},{"type":"Feature","geometry":{"type":"LineString","coordinates":[[139.5585197,35.3017901],[139.5587891,35.301774]]},"properties":{"edge_u":"11594272021","edge_v":"11594272022","avg_max_density":0.0503,"run_count":50,"level":"low"}},{"type":"Feature","geometry":{"type":"LineString","coordinates":[[139.5587891,35.301774],[139.5588167,35.3018864]]},"properties":{"edge_u":"11594272022","edge_v":"286527743","avg_max_density":0.0996,"run_count":50,"level":"low"}},{"type":"Feature","geometry":{"type":"LineString","coordinates":[[139.5587891,35.301774],[139.5587969,35.3016176]]},"properties":{"edge_u":"11594272022","edge_v":"6645196225","avg_max_density":0.0835,"run_count":50,"level":"low"}},{"type":"Feature","geometry":{"type":"LineString","coordinates":[[139.5402196,35.3100554],[139.5402176,35.3104616]]},"properties":{"edge_u":"11661038198","edge_v":"279623652","avg_max_density":0.1607,"run_count":50,"level":"low"}},{"type":"Feature","geometry":{"type":"LineString","coordinates":[[139.5402196,35.3100554],[139.5402048,35.3100024]]},"properties":{"edge_u":"11661038198","edge_v":"3937261766","avg_max_density":6.4134,"run_count":50,"level":"high"}},{"type":"Feature","geometry":{"type":"LineString","coordinates":[[139.5402196,35.3100554],[139.5413185,35.3098786]]},"properties":{"edge_u":"11661038198","edge_v":"3937309264","avg_max_density":7.799,"run_count":50,"level":"high"}},{"type":"Feature","geometry":{"type":"LineString","coordinates":[[139.5402196,35.3100554],[139.539076,35.3103469]]},"properties":{"edge_u":"11661038198","edge_v":"3937309282","avg_max_density":0.2031,"run_count":50,"level":"low"}},{"type":"Feature","geometry":{"type":"LineString","coordinates":[[139.5523315,35.3194446],[139.5523467,35.319468]]},"properties":{"edge_u":"1176604258","edge_v":"286629235","avg_max_density":0.0395,"run_count":49,"level":"low"}},{"type":"Feature","geometry":{"type":"LineString","coordinates":[[139.5523315,35.3194446],[139.5520861,35.3190681]]},"properties":{"edge_u":"1176604258","edge_v":"3804632260","avg_max_density":0.0158,"run_count":50,"level":"low"}},{"type":"Feature","geometry":{"type":"LineString","coordinates":[[139.5523315,35.3194446],[139.5522036,35.3194936]]},"properties":{"edge_u":"1176604258","edge_v":"4504329149","avg_max_density":0.0676,"run_count":50,"level":"low"}},{"type":"Feature","geometry":{"type":"LineString","coordinates":[[139.5508915,35.3189825],[139.5511731,35.3189775]]},"properties":{"edge_u":"1176604266","edge_v":"1176604277","avg_max_density":0.0884,"run_count":50,"level":"low"}},{"type":"Feature","geometry":{"type":"LineString","coordinates":[[139.5508915,35.3189825],[139.5508898,35.3189455]]},"properties":{"edge_u":"1176604266","edge_v":"3426156463","avg_max_density":0.0996,"run_count":50,"level":"low"}},{"type":"Feature","geometry":{"type":"LineString","coordinates":[[139.5508915,35.3189825],[139.5508962,35.3190356]]},"properties":{"edge_u":"1176604266","edge_v":"3426156466","avg_max_density":0.087,"run_count":50,"level":"low"}},{"type":"Feature","geometry":{"type":"LineString","coordinates":[[139.5508915,35.3189825],[139.5506816,35.3189891]]},"properties":{"edge_u":"1176604266","edge_v":"6411006224","avg_max_density":0.1364,"run_count":50,"level":"low"}},{"type":"Feature","geometry":{"type":"LineString","coordinates":[[139.5511731,35.3189775],[139.5511717,35.3189413]]},"properties":{"edge_u":"1176604277","edge_v":"3426156461","avg_max_density":0.0869,"run_count":50,"level":"low"}},{"type":"Feature","geometry":{"type":"LineString","coordinates":[[139.5511731,35.3189775],[139.551176,35.3190299]]},"properties":{"edge_u":"1176604277","edge_v":"3426156464","avg_max_density":0.0694,"run_count":50,"level":"low"}},{"type":"Feature","geometry":{"type":"LineString","coordinates":[[139.5511731,35.3189775],[139.5512719,35.3189787]]},"properties":{"edge_u":"1176604277","edge_v":"6615779034","avg_max_density":0.0653,"run_count":50,"level":"low"}},{"type":"Feature","geometry":{"type":"LineString","coordinates":[[139.5338026,35.311665],[139.5338546,35.3113791]]},"properties":{"edge_u":"1185831745","edge_v":"1185831762","avg_max_density":0.0454,"run_count":50,"level":"low"}},{"type":"Feature","geometry":{"type":"LineString","coordinates":[[139.5338026,35.311665],[139.5341791,35.3119728]]},"properties":{"edge_u":"1185831745","edge_v":"3046589299","avg_max_density":0.0405,"run_count":50,"level":"low"}},{"type":"Feature","geometry":{"type":"LineString","coordinates":[[139.5338026,35.311665],[139.5328672,35.3110452]]},"properties":{"edge_u":"1185831745","edge_v":"3937261799","avg_max_density":0.1254,"run_count":50,"level":"low"}},{"type":"Feature","geometry":{"type":"LineString","coordinates":[[139.5354469,35.3121914],[139.5352564,35.3128179]]},"properties":{"edge_u":"1185831747","edge_v":"266622424","avg_max_density":0.1033,"run_count":50,"level":"low"}},{"type":"Feature","geometry":{"type":"LineString","coordinates":[[139.5354469,35.3121914],[139.5354109,35.3121855]]},"properties":{"edge_u":"1185831747","edge_v":"6622547965","avg_max_density":0.1831,"run_count":50,"level":"low"}},{"type":"Feature","geometry":{"type":"LineString","coordinates":[[139.5354469,35.3121914],[139.5357212,35.3113512]]},"properties":{"edge_u":"1185831747","edge_v":"9976832485","avg_max_density":0.0872,"run_count":50,"level":"low"}},{"type":"Feature","geometry":{"type":"LineString","coordinates":[[139.5337922,35.3105168],[139.5336235,35.3103367]]},"properties":{"edge_u":"1185831761","edge_v":"1798210244","avg_max_density":0.054,"run_count":50,"level":"low"}},{"type":"Feature","geometry":{"type":"LineString","coordinates":[[139.5337922,35.3105168],[139.5338368,35.3105832]]},"properties":{"edge_u":"1185831761","edge_v":"2077456180","avg_max_density":0.1544,"run_count":50,"level":"low"}},{"type":"Feature","geometry":{"type":"LineString","coordinates":[[139.5337922,35.3105168],[139.53391,35.3104301]]},"properties":{"edge_u":"1185831761","edge_v":"3046697370","avg_max_density":0.1482,"run_count":50,"level":"low"}},{"type":"Feature","geometry":{"type":"LineString","coordinates":[[139.5338546,35.3113791],[139.5338368,35.3105832]]},"properties":{"edge_u":"1185831762","edge_v":"2077456180","avg_max_density":0.0607,"run_count":50,"level":"low"}},{"type":"Feature","geometry":{"type":"LineString","coordinates":[[139.5338546,35.3113791],[139.534289,35.3111553]]},"properties":{"edge_u":"1185831762","edge_v":"3046697384","avg_max_density":0.0385,"run_count":50,"level":"low"}},{"type":"Feature","geometry":{"type":"LineString","coordinates":[[139.5283559,35.3030277],[139.5268192,35.3027449]]},"properties":{"edge_u":"11860871082","edge_v":"11860871088","avg_max_density":0.2247,"run_count":50,"level":"low"}},{"type":"Feature","geometry":{"type":"LineString","coordinates":[[139.5283559,35.3030277],[139.5306674,35.3037113]]},"properties":{"edge_u":"11860871082","edge_v":"2407841292","avg_max_density":0.116,"run_count":50,"level":"low"}},{"type":"Feature","geometry":{"type":"LineString","coordinates":[[139.5268192,35.3027449],[139.5252044,35.3027711]]},"properties":{"edge_u":"11860871088","edge_v":"6635018428","avg_max_density":0.1585,"run_count":50,"level":"low"}},{"type":"Feature","geometry":{"type":"LineString","coordinates":[[139.5326259,35.3131985],[139.534106,35.3131907]]},"properties":{"edge_u":"11958458869","edge_v":"1771735743","avg_max_density":0.0293,"run_count":50,"level":"low"}},{"type":"Feature","geometry":{"type":"LineString","coordinates":[[139.5327709,35.3153889],[139.5336649,35.3145316]]},"properties":{"edge_u":"12389329882","edge_v":"1771735844","avg_max_density":0.0185,"run_count":50,"level":"low"}},{"type":"Feature","geometry":{"type":"LineString","coordinates":[[139.5489296,35.3068136],[139.549084,35.3068129]]},"properties":{"edge_u":"12389340995","edge_v":"2481902476","avg_max_density":0.1788,"run_count":50,"level":"low"}},{"type":"Feature","geometry":{"type":"LineString","coordinates":[[139.5489296,35.3068136],[139.5486914,35.3074931]]},"properties":{"edge_u":"12389340995","edge_v":"5692253005","avg_max_density":0.2819,"run_count":50,"level":"low"}},{"type":"Feature","geometry":{"type":"LineString","coordinates":[[139.5489296,35.3068136],[139.5488944,35.3068137]]},"properties":{"edge_u":"12389340995","edge_v":"6612552414","avg_max_density":0.2035,"run_count":50,"level":"low"}},{"type":"Feature","geometry":{"type":"LineString","coordinates":[[139.5212922,35.3047579],[139.5204856,35.3041676]]},"properties":{"edge_u":"12389360305","edge_v":"3620835334","avg_max_density":0.1696,"run_count":50,"level":"low"}},{"type":"Feature","geometry":{"type":"LineString","coordinates":[[139.5212922,35.3047579],[139.5215081,35.3048296]]},"properties":{"edge_u":"12389360305","edge_v":"759648785","avg_max_density":0.1105,"run_count":50,"level":"low"}},{"type":"Feature","geometry":{"type":"LineString","coordinates":[[139.5169698,35.3040443],[139.5169652,35.3043991]]},"properties":{"edge_u":"12397051923","edge_v":"12397051925","avg_max_density":0.342,"run_count":50,"level":"low"}},{"type":"Feature","geometry":{"type":"LineString","coordinates":[[139.5169698,35.3040443],[139.5149855,35.304207]]},"properties":{"edge_u":"12397051923","edge_v":"723776685","avg_max_density":0.0578,"run_count":50,"level":"low"}},{"type":"Feature","geometry":{"type":"LineString","coordinates":[[139.5169698,35.3040443],[139.5187569,35.3039167]]},"properties":{"edge_u":"12397051923","edge_v":"723776807","avg_max_density":0.0618,"run_count":50,"level":"low"}},{"type":"Feature","geometry":{"type":"LineString","coordinates":[[139.5514806,35.298812],[139.5515119,35.2987822]]},"properties":{"edge_u":"12401556160","edge_v":"12401882143","avg_max_density":0.3226,"run_count":50,"level":"low"}},{"type":"Feature","geometry":{"type":"LineString","coordinates":[[139.5514806,35.298812],[139.5513215,35.2977259]]},"properties":{"edge_u":"12401556160","edge_v":"279690050","avg_max_density":0.0238,"run_count":50,"level":"low"}},{"type":"Feature","geometry":{"type":"LineString","coordinates":[[139.5514806,35.298812],[139.5521404,35.2995596]]},"properties":{"edge_u":"12401556160","edge_v":"279690065","avg_max_density":0.1528,"run_count":50,"level":"low"}},{"type":"Feature","geometry":{"type":"LineString","coordinates":[[139.5514806,35.298812],[139.5518563,35.2985575]]},"properties":{"edge_u":"12401556160","edge_v":"286527890","avg_max_density":0.0661,"run_count":50,"level":"low"}},{"type":"Feature","geometry":{"type":"LineString","coordinates":[[139.5513949,35.2976153],[139.5524575,35.2979885]]},"properties":{"edge_u":"12401574115","edge_v":"12401665369","avg_max_density":0.0513,"run_count":50,"level":"low"}},{"type":"Feature","geometry":{"type":"LineString","coordinates":[[139.5524977,35.2980053],[139.5524575,35.2979885]]},"properties":{"edge_u":"12401574122","edge_v":"12401665369","avg_max_density":0.4457,"run_count":50,"level":"low"}},{"type":"Feature","geometry":{"type":"LineString","coordinates":[[139.5524977,35.2980053],[139.5525461,35.2979644]]},"properties":{"edge_u":"12401574122","edge_v":"12401694245","avg_max_density":0.174,"run_count":50,"level":"low"}},{"type":"Feature","geometry":{"type":"LineString","coordinates":[[139.5524977,35.2980053],[139.5520379,35.2983939]]},"properties":{"edge_u":"12401574122","edge_v":"286527831","avg_max_density":0.2113,"run_count":50,"level":"low"}},{"type":"Feature","geometry":{"type":"LineString","coordinates":[[139.5516881,35.2982169],[139.5516939,35.2984854]]},"properties":{"edge_u":"12401574123","edge_v":"12401574127","avg_max_density":0.0592,"run_count":50,"level":"low"}},{"type":"Feature","geometry":{"type":"LineString","coordinates":[[139.5515002,35.2981603],[139.5516939,35.2984854]]},"properties":{"edge_u":"12401574124","edge_v":"12401574127","avg_max_density":0.0707,"run_count":50,"level":"low"}},{"type":"Feature","geometry":{"type":"LineString","coordinates":[[139.5516939,35.2984854],[139.5518151,35.2985277]]},"properties":{"edge_u":"12401574127","edge_v":"12401614507","avg_max_density":0.1519,"run_count":50,"level":"low"}},{"type":"Feature","geometry":{"type":"LineString","coordinates":[[139.5517181,35.2988718],[139.5518989,35.2985923]]},"properties":{"edge_u":"12401590768","edge_v":"12401737673","avg_max_density":0.098,"run_count":50,"level":"low"}},{"type":"Feature","geometry":{"type":"LineString","coordinates":[[139.5515498,35.2951514],[139.5523557,35.2957876]]},"properties":{"edge_u":"12401600587","edge_v":"12401665553","avg_max_density":0.0916,"run_count":50,"level":"low"}},{"type":"Feature","geometry":{"type":"LineString","coordinates":[[139.5540436,35.2955175],[139.5531523,35.2962817]]},"properties":{"edge_u":"12401600595","edge_v":"12401665554","avg_max_density":0.0499,"run_count":50,"level":"low"}},{"type":"Feature","geometry":{"type":"LineString","coordinates":[[139.5540436,35.2955175],[139.5540026,35.2954887]]},"properties":{"edge_u":"12401600595","edge_v":"12401665556","avg_max_density":0.1996,"run_count":50,"level":"low"}},{"type":"Feature","geometry":{"type":"LineString","coordinates":[[139.5540436,35.2955175],[139.5542956,35.2964237]]},"properties":{"edge_u":"12401600595","edge_v":"12401882105","avg_max_density":0.0593,"run_count":50,"level":"low"}},{"type":"Feature","geometry":{"type":"LineString","coordinates":[[139.5518151,35.2985277],[139.5524575,35.2979885]]},"properties":{"edge_u":"12401614507","edge_v":"12401665369","avg_max_density":0.0726,"run_count":50,"level":"low"}},{"type":"Feature","geometry":{"type":"LineString","coordinates":[[139.5518151,35.2985277],[139.5515119,35.2987822]]},"properties":{"edge_u":"12401614507","edge_v":"12401882143","avg_max_density":0.0689,"run_count":50,"level":"low"}},{"type":"Feature","geometry":{"type":"LineString","coordinates":[[139.5518151,35.2985277],[139.5518563,35.2985575]]},"properties":{"edge_u":"12401614507","edge_v":"286527890","avg_max_density":0.2602,"run_count":50,"level":"low"}},{"type":"Feature","geometry":{"type":"LineString","coordinates":[[139.553719,35.2953407],[139.5537938,35.2952808]]},"properties":{"edge_u":"12401625284","edge_v":"12401625285","avg_max_density":0.1009,"run_count":50,"level":"low"}},{"type":"Feature","geometry":{"type":"LineString","coordinates":[[139.5537938,35.2952808],[139.5536721,35.2951735]]},"properties":{"edge_u":"12401625285","edge_v":"12401625286","avg_max_density":0.2834,"run_count":50,"level":"low"}},{"type":"Feature","geometry":{"type":"LineString","coordinates":[[139.5537938,35.2952808],[139.553893,35.2951988]]},"properties":{"edge_u":"12401625285","edge_v":"12401625294","avg_max_density":0.0494,"run_count":50,"level":"low"}},{"type":"Feature","geometry":{"type":"LineString","coordinates":[[139.5537938,35.2952808],[139.5540508,35.2954439]]},"properties":{"edge_u":"12401625285","edge_v":"12401625299","avg_max_density":0.0408,"run_count":50,"level":"low"}},{"type":"Feature","geometry":{"type":"LineString","coordinates":[[139.5537938,35.2952808],[139.5540196,35.2954726]]},"properties":{"edge_u":"12401625285","edge_v":"12401640201","avg_max_density":0.2562,"run_count":50,"level":"low"}},{"type":"Feature","geometry":{"type":"LineString","coordinates":[[139.5536721,35.2951735],[139.5539986,35.294898]]},"properties":{"edge_u":"12401625286","edge_v":"12401625290","avg_max_density":0.1799,"run_count":50,"level":"low"}},{"type":"Feature","geometry":{"type":"LineString","coordinates":[[139.5539986,35.294898],[139.5542005,35.2949346]]},"properties":{"edge_u":"12401625290","edge_v":"12401625295","avg_max_density":0.1839,"run_count":50,"level":"low"}},{"type":"Feature","geometry":{"type":"LineString","coordinates":[[139.553893,35.2951988],[139.5542005,35.2949346]]},"properties":{"edge_u":"12401625294","edge_v":"12401625295","avg_max_density":0.0261,"run_count":50,"level":"low"}},{"type":"Feature","geometry":{"type":"LineString","coordinates":[[139.5540508,35.2954439],[139.5544676,35.2950935]]},"properties":{"edge_u":"12401625299","edge_v":"12401665540","avg_max_density":0.0586,"run_count":50,"level":"low"}},{"type":"Feature","geometry":{"type":"LineString","coordinates":[[139.5540508,35.2954439],[139.5540344,35.2954582]]},"properties":{"edge_u":"12401625299","edge_v":"286527821","avg_max_density":0.2135,"run_count":50,"level":"low"}},{"type":"Feature","geometry":{"type":"LineString","coordinates":[[139.5557213,35.2960374],[139.5555153,35.2962112]]},"properties":{"edge_u":"12401633246","edge_v":"12401633247","avg_max_density":0.0608,"run_count":50,"level":"low"}},{"type":"Feature","geometry":{"type":"LineString","coordinates":[[139.5555153,35.2962112],[139.5553029,35.2960528]]},"properties":{"edge_u":"12401633247","edge_v":"12401633248","avg_max_density":0.1578,"run_count":50,"level":"low"}},{"type":"Feature","geometry":{"type":"LineString","coordinates":[[139.5555153,35.2962112],[139.555624,35.2965415]]},"properties":{"edge_u":"12401633247","edge_v":"12401633283","avg_max_density":0.1894,"run_count":50,"level":"low"}},{"type":"Feature","geometry":{"type":"LineString","coordinates":[[139.555624,35.2965415],[139.5555681,35.296587]]},"properties":{"edge_u":"12401633283","edge_v":"12401665391","avg_max_density":0.0677,"run_count":50,"level":"low"}},{"type":"Feature","geometry":{"type":"LineString","coordinates":[[139.555624,35.2965415],[139.5559527,35.2967998]]},"properties":{"edge_u":"12401633283","edge_v":"12401747172","avg_max_density":0.1468,"run_count":50,"level":"low"}},{"type":"Feature","geometry":{"type":"LineString","coordinates":[[139.555624,35.2965415],[139.5550195,35.2954606]]},"properties":{"edge_u":"12401633283","edge_v":"1771965514","avg_max_density":0.1428,"run_count":50,"level":"low"}},{"type":"Feature","geometry":{"type":"LineString","coordinates":[[139.5563503,35.297115],[139.5563115,35.297087]]},"properties":{"edge_u":"12401633285","edge_v":"12401665399","avg_max_density":0.1883,"run_count":50,"level":"low"}},{"type":"Feature","geometry":{"type":"LineString","coordinates":[[139.5563503,35.297115],[139.5563038,35.2971612]]},"properties":{"edge_u":"12401633285","edge_v":"12401737661","avg_max_density":0.0491,"run_count":49,"level":"low"}},{"type":"Feature","geometry":{"type":"LineString","coordinates":[[139.5563503,35.297115],[139.5565337,35.2969476]]},"properties":{"edge_u":"12401633285","edge_v":"3292731231","avg_max_density":0.1374,"run_count":50,"level":"low"}},{"type":"Feature","geometry":{"type":"LineString","coordinates":[[139.5540196,35.2954726],[139.5540026,35.2954887]]},"properties":{"edge_u":"12401640201","edge_v":"12401665556","avg_max_density":0.1841,"run_count":50,"level":"low"}},{"type":"Feature","geometry":{"type":"LineString","coordinates":[[139.5540196,35.2954726],[139.5540344,35.2954582]]},"properties":{"edge_u":"12401640201","edge_v":"286527821","avg_max_density":0.39,"run_count":50,"level":"low"}},{"type":"Feature","geometry":{"type":"LineString","coordinates":[[139.5535512,35.2982284],[139.5535111,35.2982654]]},"properties":{"edge_u":"12401648946","edge_v":"12401665595","avg_max_density":0.446,"run_count":50,"level":"low"}},{"type":"Feature","geometry":{"type":"LineString","coordinates":[[139.5535512,35.2982284],[139.5535966,35.2981874]]},"properties":{"edge_u":"12401648946","edge_v":"12401674743","avg_max_density":0.7762,"run_count":50,"level":"medium"}},{"type":"Feature","geometry":{"type":"LineString","coordinates":[[139.5535512,35.2982284],[139.5528792,35.2976829]]},"properties":{"edge_u":"12401648946","edge_v":"286527832","avg_max_density":0.1533,"run_count":50,"level":"low"}},{"type":"Feature","geometry":{"type":"LineString","coordinates":[[139.5535512,35.2982284],[139.5535958,35.2982652]]},"properties":{"edge_u":"12401648946","edge_v":"286527834","avg_max_density":0.3545,"run_count":50,"level":"low"}},{"type":"Feature","geometry":{"type":"LineString","coordinates":[[139.5524575,35.2979885],[139.5529777,35.2975427]]},"properties":{"edge_u":"12401665369","edge_v":"12401751445","avg_max_density":0.1446,"run_count":50,"level":"low"}},{"type":"Feature","geometry":{"type":"LineString","coordinates":[[139.5549012,35.2959214],[139.5555238,35.2965538]]},"properties":{"edge_u":"12401665381","edge_v":"12401665390","avg_max_density":0.0734,"run_count":50,"level":"low"}},{"type":"Feature","geometry":{"type":"LineString","coordinates":[[139.5555238,35.2965538],[139.5555681,35.296587]]},"properties":{"edge_u":"12401665390","edge_v":"12401665391","avg_max_density":0.1227,"run_count":50,"level":"low"}},{"type":"Feature","geometry":{"type":"LineString","coordinates":[[139.5555238,35.2965538],[139.5554843,35.2965885]]},"properties":{"edge_u":"12401665390","edge_v":"12401737666","avg_max_density":0.2411,"run_count":50,"level":"low"}},{"type":"Feature","geometry":{"type":"LineString","coordinates":[[139.5555681,35.296587],[139.555612,35.2966195]]},"properties":{"edge_u":"12401665391","edge_v":"12401674701","avg_max_density":0.1143,"run_count":48,"level":"low"}},{"type":"Feature","geometry":{"type":"LineString","coordinates":[[139.5555681,35.296587],[139.5555285,35.2966224]]},"properties":{"edge_u":"12401665391","edge_v":"286527835","avg_max_density":0.0675,"run_count":50,"level":"low"}},{"type":"Feature","geometry":{"type":"LineString","coordinates":[[139.5578878,35.2955438],[139.5563115,35.297087]]},"properties":{"edge_u":"12401665392","edge_v":"12401665399","avg_max_density":0.0107,"run_count":50,"level":"low"}},{"type":"Feature","geometry":{"type":"LineString","coordinates":[[139.5563115,35.297087],[139.5562601,35.2971356]]},"properties":{"edge_u":"12401665399","edge_v":"12401665400","avg_max_density":0.0952,"run_count":50,"level":"low"}},{"type":"Feature","geometry":{"type":"LineString","coordinates":[[139.5563115,35.297087],[139.5559527,35.2967998]]},"properties":{"edge_u":"12401665399","edge_v":"12401747172","avg_max_density":0.1022,"run_count":50,"level":"low"}},{"type":"Feature","geometry":{"type":"LineString","coordinates":[[139.5562601,35.2971356],[139.555612,35.2966195]]},"properties":{"edge_u":"12401665400","edge_v":"12401674701","avg_max_density":0.0444,"run_count":50,"level":"low"}},{"type":"Feature","geometry":{"type":"LineString","coordinates":[[139.5562601,35.2971356],[139.5563038,35.2971612]]},"properties":{"edge_u":"12401665400","edge_v":"12401737661","avg_max_density":0.1087,"run_count":49,"level":"low"}},{"type":"Feature","geometry":{"type":"LineString","coordinates":[[139.5562601,35.2971356],[139.5562147,35.2971767]]},"properties":{"edge_u":"12401665400","edge_v":"12401737663","avg_max_density":0.1024,"run_count":50,"level":"low"}},{"type":"Feature","geometry":{"type":"LineString","coordinates":[[139.5547131,35.2953506],[139.5546189,35.295292]]},"properties":{"edge_u":"12401665510","edge_v":"12401665514","avg_max_density":0.2345,"run_count":50,"level":"low"}},{"type":"Feature","geometry":{"type":"LineString","coordinates":[[139.5547131,35.2953506],[139.554802,35.2957288]]},"properties":{"edge_u":"12401665510","edge_v":"12401665531","avg_max_density":0.0891,"run_count":50,"level":"low"}},{"type":"Feature","geometry":{"type":"LineString","coordinates":[[139.5547131,35.2953506],[139.5547507,35.295317]]},"properties":{"edge_u":"12401665510","edge_v":"12401694278","avg_max_density":0.3735,"run_count":50,"level":"low"}},{"type":"Feature","geometry":{"type":"LineString","coordinates":[[139.5545337,35.2951949],[139.5546189,35.295292]]},"properties":{"edge_u":"12401665511","edge_v":"12401665514","avg_max_density":0.2143,"run_count":50,"level":"low"}},{"type":"Feature","geometry":{"type":"LineString","coordinates":[[139.5546189,35.295292],[139.5545626,35.2957205]]},"properties":{"edge_u":"12401665514","edge_v":"12401665529","avg_max_density":0.0589,"run_count":50,"level":"low"}},{"type":"Feature","geometry":{"type":"LineString","coordinates":[[139.5545626,35.2957205],[139.5545134,35.2957635]]},"properties":{"edge_u":"12401665529","edge_v":"12401665530","avg_max_density":0.1192,"run_count":50,"level":"low"}},{"type":"Feature","geometry":{"type":"LineString","coordinates":[[139.5545626,35.2957205],[139.554802,35.2957288]]},"properties":{"edge_u":"12401665529","edge_v":"12401665531","avg_max_density":0.0541,"run_count":50,"level":"low"}},{"type":"Feature","geometry":{"type":"LineString","coordinates":[[139.5545134,35.2957635],[139.554869,35.2957437]]},"properties":{"edge_u":"12401665530","edge_v":"12401665532","avg_max_density":0.1552,"run_count":50,"level":"low"}},{"type":"Feature","geometry":{"type":"LineString","coordinates":[[139.5545134,35.2957635],[139.5541177,35.2954565]]},"properties":{"edge_u":"12401665530","edge_v":"12401665550","avg_max_density":0.1405,"run_count":50,"level":"low"}},{"type":"Feature","geometry":{"type":"LineString","coordinates":[[139.554802,35.2957288],[139.554869,35.2957437]]},"properties":{"edge_u":"12401665531","edge_v":"12401665532","avg_max_density":0.1396,"run_count":50,"level":"low"}},{"type":"Feature","geometry":{"type":"LineString","coordinates":[[139.554869,35.2957437],[139.5547507,35.295317]]},"properties":{"edge_u":"12401665532","edge_v":"12401694278","avg_max_density":0.1415,"run_count":50,"level":"low"}},{"type":"Feature","geometry":{"type":"LineString","coordinates":[[139.5544676,35.2950935],[139.5520943,35.2954469]]},"properties":{"edge_u":"12401665540","edge_v":"12401665621","avg_max_density":0.1494,"run_count":50,"level":"low"}},{"type":"Feature","geometry":{"type":"LineString","coordinates":[[139.5544676,35.2950935],[139.5547507,35.295317]]},"properties":{"edge_u":"12401665540","edge_v":"12401694278","avg_max_density":0.2495,"run_count":50,"level":"low"}},{"type":"Feature","geometry":{"type":"LineString","coordinates":[[139.5544676,35.2950935],[139.5545087,35.2950589]]},"properties":{"edge_u":"12401665540","edge_v":"1771965409","avg_max_density":0.2071,"run_count":50,"level":"low"}},{"type":"Feature","geometry":{"type":"LineString","coordinates":[[139.5524356,35.2957203],[139.5523917,35.2957574]]},"properties":{"edge_u":"12401665551","edge_v":"12401665552","avg_max_density":0.1587,"run_count":50,"level":"low"}},{"type":"Feature","geometry":{"type":"LineString","coordinates":[[139.5524356,35.2957203],[139.5520943,35.2954469]]},"properties":{"edge_u":"12401665551","edge_v":"12401665621","avg_max_density":0.0797,"run_count":50,"level":"low"}},{"type":"Feature","geometry":{"type":"LineString","coordinates":[[139.5524356,35.2957203],[139.5525231,35.2957903]]},"properties":{"edge_u":"12401665551","edge_v":"12401737628","avg_max_density":0.0944,"run_count":50,"level":"low"}},{"type":"Feature","geometry":{"type":"LineString","coordinates":[[139.5523917,35.2957574],[139.5523557,35.2957876]]},"properties":{"edge_u":"12401665552","edge_v":"12401665553","avg_max_density":0.1238,"run_count":50,"level":"low"}},{"type":"Feature","geometry":{"type":"LineString","coordinates":[[139.5523917,35.2957574],[139.5524807,35.2958263]]},"properties":{"edge_u":"12401665552","edge_v":"12401737629","avg_max_density":0.0799,"run_count":50,"level":"low"}},{"type":"Feature","geometry":{"type":"LineString","coordinates":[[139.5523917,35.2957574],[139.5515761,35.2951026]]},"properties":{"edge_u":"12401665552","edge_v":"1771965463","avg_max_density":0.0213,"run_count":50,"level":"low"}},{"type":"Feature","geometry":{"type":"LineString","coordinates":[[139.5523557,35.2957876],[139.5524613,35.2958719]]},"properties":{"edge_u":"12401665553","edge_v":"12401737631","avg_max_density":0.1664,"run_count":50,"level":"low"}},{"type":"Feature","geometry":{"type":"LineString","coordinates":[[139.5531523,35.2962817],[139.5531106,35.2962515]]},"properties":{"edge_u":"12401665554","edge_v":"12401665555","avg_max_density":0.2174,"run_count":50,"level":"low"}},{"type":"Feature","geometry":{"type":"LineString","coordinates":[[139.5531523,35.2962817],[139.5537118,35.2967373]]},"properties":{"edge_u":"12401665554","edge_v":"12401882122","avg_max_density":0.0854,"run_count":50,"level":"low"}},{"type":"Feature","geometry":{"type":"LineString","coordinates":[[139.5531106,35.2962515],[139.5530706,35.2962219]]},"properties":{"edge_u":"12401665555","edge_v":"12401665565","avg_max_density":0.7163,"run_count":50,"level":"medium"}},{"type":"Feature","geometry":{"type":"LineString","coordinates":[[139.5531106,35.2962515],[139.5531926,35.2961814]]},"properties":{"edge_u":"12401665555","edge_v":"12404889195","avg_max_density":0.2598,"run_count":50,"level":"low"}},{"type":"Feature","geometry":{"type":"LineString","coordinates":[[139.5531106,35.2962515],[139.5530707,35.2962856]]},"properties":{"edge_u":"12401665555","edge_v":"286527825","avg_max_density":0.3052,"run_count":50,"level":"low"}},{"type":"Feature","geometry":{"type":"LineString","coordinates":[[139.5540026,35.2954887],[139.5536086,35.295758]]},"properties":{"edge_u":"12401665556","edge_v":"12404889200","avg_max_density":0.1371,"run_count":50,"level":"low"}},{"type":"Feature","geometry":{"type":"LineString","coordinates":[[139.5540026,35.2954887],[139.5536508,35.2957912]]},"properties":{"edge_u":"12401665556","edge_v":"12404889201","avg_max_density":0.0485,"run_count":50,"level":"low"}},{"type":"Feature","geometry":{"type":"LineString","coordinates":[[139.5530706,35.2962219],[139.5525231,35.2957903]]},"properties":{"edge_u":"12401665565","edge_v":"12401737628","avg_max_density":0.0504,"run_count":50,"level":"low"}},{"type":"Feature","geometry":{"type":"LineString","coordinates":[[139.5530706,35.2962219],[139.5531492,35.2961533]]},"properties":{"edge_u":"12401665565","edge_v":"12404889196","avg_max_density":0.1293,"run_count":50,"level":"low"}},{"type":"Feature","geometry":{"type":"LineString","coordinates":[[139.550267,35.2961972],[139.5515761,35.2951026]]},"properties":{"edge_u":"12401665571","edge_v":"1771965463","avg_max_density":0.0082,"run_count":50,"level":"low"}},{"type":"Feature","geometry":{"type":"LineString","coordinates":[[139.5528674,35.2992527],[139.5527541,35.2990343]]},"properties":{"edge_u":"12401665581","edge_v":"12401665587","avg_max_density":0.1963,"run_count":50,"level":"low"}},{"type":"Feature","geometry":{"type":"LineString","coordinates":[[139.5527541,35.2990343],[139.5526707,35.2989639]]},"properties":{"edge_u":"12401665587","edge_v":"12401737671","avg_max_density":0.3453,"run_count":50,"level":"low"}},{"type":"Feature","geometry":{"type":"LineString","coordinates":[[139.5527541,35.2990343],[139.5521404,35.2995596]]},"properties":{"edge_u":"12401665587","edge_v":"279690065","avg_max_density":0.1936,"run_count":50,"level":"low"}},{"type":"Feature","geometry":{"type":"LineString","coordinates":[[139.5527541,35.298897],[139.5535111,35.2982654]]},"properties":{"edge_u":"12401665594","edge_v":"12401665595","avg_max_density":0.1772,"run_count":50,"level":"low"}},{"type":"Feature","geometry":{"type":"LineString","coordinates":[[139.5527541,35.298897],[139.5525948,35.297998]]},"properties":{"edge_u":"12401665594","edge_v":"12401694244","avg_max_density":0.2194,"run_count":50,"level":"low"}},{"type":"Feature","geometry":{"type":"LineString","coordinates":[[139.5527541,35.298897],[139.5527229,35.2989231]]},"properties":{"edge_u":"12401665594","edge_v":"12401737672","avg_max_density":0.8311,"run_count":50,"level":"medium"}},{"type":"Feature","geometry":{"type":"LineString","coordinates":[[139.5535111,35.2982654],[139.5525948,35.297998]]},"properties":{"edge_u":"12401665595","edge_v":"12401694244","avg_max_density":0.1518,"run_count":50,"level":"low"}},{"type":"Feature","geometry":{"type":"LineString","coordinates":[[139.5523813,35.295002],[139.5524403,35.2951529]]},"properties":{"edge_u":"12401665618","edge_v":"12401665619","avg_max_density":0.1482,"run_count":50,"level":"low"}},{"type":"Feature","geometry":{"type":"LineString","coordinates":[[139.5524403,35.2951529],[139.5520943,35.2954469]]},"properties":{"edge_u":"12401665619","edge_v":"12401665621","avg_max_density":0.2753,"run_count":50,"level":"low"}},{"type":"Feature","geometry":{"type":"LineString","coordinates":[[139.5524403,35.2951529],[139.5527374,35.2949002]]},"properties":{"edge_u":"12401665619","edge_v":"12401737613","avg_max_density":0.3253,"run_count":50,"level":"low"}},{"type":"Feature","geometry":{"type":"LineString","coordinates":[[139.555612,35.2966195],[139.5555701,35.2966559]]},"properties":{"edge_u":"12401674701","edge_v":"12401737665","avg_max_density":0.2107,"run_count":50,"level":"low"}},{"type":"Feature","geometry":{"type":"LineString","coordinates":[[139.5557568,35.297421],[139.5563767,35.2974026]]},"properties":{"edge_u":"12401674702","edge_v":"12401674705","avg_max_density":0.0401,"run_count":50,"level":"low"}},{"type":"Feature","geometry":{"type":"LineString","coordinates":[[139.5563767,35.2974026],[139.5564359,35.2974434]]},"properties":{"edge_u":"12401674705","edge_v":"12401737636","avg_max_density":0.1095,"run_count":50,"level":"low"}},{"type":"Feature","geometry":{"type":"LineString","coordinates":[[139.5563767,35.2974026],[139.5561863,35.2972015]]},"properties":{"edge_u":"12401674705","edge_v":"12401737664","avg_max_density":0.1374,"run_count":50,"level":"low"}},{"type":"Feature","geometry":{"type":"LineString","coordinates":[[139.5555265,35.2966909],[139.5561863,35.2972015]]},"properties":{"edge_u":"12401674710","edge_v":"12401737664","avg_max_density":0.1151,"run_count":50,"level":"low"}},{"type":"Feature","geometry":{"type":"LineString","coordinates":[[139.5555265,35.2966909],[139.5555701,35.2966559]]},"properties":{"edge_u":"12401674710","edge_v":"12401737665","avg_max_density":0.3658,"run_count":50,"level":"low"}},{"type":"Feature","geometry":{"type":"LineString","coordinates":[[139.5555265,35.2966909],[139.5554871,35.2966579]]},"properties":{"edge_u":"12401674710","edge_v":"12401737667","avg_max_density":0.1405,"run_count":50,"level":"low"}},{"type":"Feature","geometry":{"type":"LineString","coordinates":[[139.5555265,35.2966909],[139.5549411,35.2971859]]},"properties":{"edge_u":"12401674710","edge_v":"12401882135","avg_max_density":0.1915,"run_count":50,"level":"low"}},{"type":"Feature","geometry":{"type":"LineString","coordinates":[[139.5554055,35.2975403],[139.5549937,35.2977499]]},"properties":{"edge_u":"12401674715","edge_v":"12401674718","avg_max_density":0.0822,"run_count":50,"level":"low"}},{"type":"Feature","geometry":{"type":"LineString","coordinates":[[139.5549937,35.2977499],[139.5546253,35.2974634]]},"properties":{"edge_u":"12401674718","edge_v":"12401674719","avg_max_density":0.0782,"run_count":50,"level":"low"}},{"type":"Feature","geometry":{"type":"LineString","coordinates":[[139.5549937,35.2977499],[139.5549431,35.297777]]},"properties":{"edge_u":"12401674718","edge_v":"12401737668","avg_max_density":0.2531,"run_count":50,"level":"low"}},{"type":"Feature","geometry":{"type":"LineString","coordinates":[[139.5546253,35.2974634],[139.5545798,35.2974237]]},"properties":{"edge_u":"12401674719","edge_v":"12401737669","avg_max_density":0.4318,"run_count":50,"level":"low"}},{"type":"Feature","geometry":{"type":"LineString","coordinates":[[139.5546253,35.2974634],[139.5549411,35.2971859]]},"properties":{"edge_u":"12401674719","edge_v":"12401882135","avg_max_density":0.1181,"run_count":50,"level":"low"}},{"type":"Feature","geometry":{"type":"LineString","coordinates":[[139.5545425,35.29752],[139.5548992,35.2978002]]},"properties":{"edge_u":"12401674729","edge_v":"12401674730","avg_max_density":0.064,"run_count":50,"level":"low"}},{"type":"Feature","geometry":{"type":"LineString","coordinates":[[139.5545425,35.29752],[139.5545037,35.2974871]]},"properties":{"edge_u":"12401674729","edge_v":"12401737670","avg_max_density":0.2737,"run_count":50,"level":"low"}},{"type":"Feature","geometry":{"type":"LineString","coordinates":[[139.5548992,35.2978002],[139.5549431,35.297777]]},"properties":{"edge_u":"12401674730","edge_v":"12401737668","avg_max_density":0.2423,"run_count":50,"level":"low"}},{"type":"Feature","geometry":{"type":"LineString","coordinates":[[139.5549877,35.2970154],[139.5554447,35.2966249]]},"properties":{"edge_u":"12401674733","edge_v":"12401674737","avg_max_density":0.045,"run_count":50,"level":"low"}},{"type":"Feature","geometry":{"type":"LineString","coordinates":[[139.5549877,35.2970154],[139.555026,35.2970462]]},"properties":{"edge_u":"12401674733","edge_v":"12401694234","avg_max_density":0.1079,"run_count":50,"level":"low"}},{"type":"Feature","geometry":{"type":"LineString","coordinates":[[139.5549877,35.2970154],[139.5548572,35.2971246]]},"properties":{"edge_u":"12401674733","edge_v":"12401694237","avg_max_density":0.0538,"run_count":50,"level":"low"}},{"type":"Feature","geometry":{"type":"LineString","coordinates":[[139.5545398,35.2973925],[139.5548572,35.2971246]]},"properties":{"edge_u":"12401674736","edge_v":"12401694237","avg_max_density":0.097,"run_count":50,"level":"low"}},{"type":"Feature","geometry":{"type":"LineString","coordinates":[[139.5545398,35.2973925],[139.5545798,35.2974237]]},"properties":{"edge_u":"12401674736","edge_v":"12401737669","avg_max_density":0.5258,"run_count":50,"level":"medium"}},{"type":"Feature","geometry":{"type":"LineString","coordinates":[[139.5545398,35.2973925],[139.5541475,35.29708]]},"properties":{"edge_u":"12401674736","edge_v":"12401882102","avg_max_density":0.1158,"run_count":50,"level":"low"}},{"type":"Feature","geometry":{"type":"LineString","coordinates":[[139.5554447,35.2966249],[139.5554843,35.2965885]]},"properties":{"edge_u":"12401674737","edge_v":"12401737666","avg_max_density":0.2087,"run_count":50,"level":"low"}},{"type":"Feature","geometry":{"type":"LineString","coordinates":[[139.5554447,35.2966249],[139.5554871,35.2966579]]},"properties":{"edge_u":"12401674737","edge_v":"12401737667","avg_max_density":0.2125,"run_count":50,"level":"low"}},{"type":"Feature","geometry":{"type":"LineString","coordinates":[[139.5554447,35.2966249],[139.5541475,35.29708]]},"properties":{"edge_u":"12401674737","edge_v":"12401882102","avg_max_density":0.0834,"run_count":50,"level":"low"}},{"type":"Feature","geometry":{"type":"LineString","coordinates":[[139.554464,35.2974544],[139.5535966,35.2981874]]},"properties":{"edge_u":"12401674740","edge_v":"12401674743","avg_max_density":0.1086,"run_count":50,"level":"low"}},{"type":"Feature","geometry":{"type":"LineString","coordinates":[[139.554464,35.2974544],[139.5533808,35.2973271]]},"properties":{"edge_u":"12401674740","edge_v":"12401694271","avg_max_density":0.0495,"run_count":50,"level":"low"}},{"type":"Feature","geometry":{"type":"LineString","coordinates":[[139.554464,35.2974544],[139.5545037,35.2974871]]},"properties":{"edge_u":"12401674740","edge_v":"12401737670","avg_max_density":1.3597,"run_count":50,"level":"medium"}},{"type":"Feature","geometry":{"type":"LineString","coordinates":[[139.5535966,35.2981874],[139.5533808,35.2973271]]},"properties":{"edge_u":"12401674743","edge_v":"12401694271","avg_max_density":0.1053,"run_count":50,"level":"low"}},{"type":"Feature","geometry":{"type":"LineString","coordinates":[[139.5525757,35.2969224],[139.5528965,35.2964267]]},"properties":{"edge_u":"12401694005","edge_v":"12401694007","avg_max_density":0.023,"run_count":50,"level":"low"}},{"type":"Feature","geometry":{"type":"LineString","coordinates":[[139.5528965,35.2964267],[139.5530267,35.2963212]]},"properties":{"edge_u":"12401694007","edge_v":"12401694008","avg_max_density":0.199,"run_count":50,"level":"low"}},{"type":"Feature","geometry":{"type":"LineString","coordinates":[[139.5528965,35.2964267],[139.5526575,35.2964895]]},"properties":{"edge_u":"12401694007","edge_v":"12401694010","avg_max_density":0.0485,"run_count":50,"level":"low"}},{"type":"Feature","geometry":{"type":"LineString","coordinates":[[139.5530267,35.2963212],[139.5533604,35.297217]]},"properties":{"edge_u":"12401694008","edge_v":"12401694276","avg_max_density":0.0906,"run_count":50,"level":"low"}},{"type":"Feature","geometry":{"type":"LineString","coordinates":[[139.5530267,35.2963212],[139.5524613,35.2958719]]},"properties":{"edge_u":"12401694008","edge_v":"12401737631","avg_max_density":0.0567,"run_count":50,"level":"low"}},{"type":"Feature","geometry":{"type":"LineString","coordinates":[[139.5530267,35.2963212],[139.5530707,35.2962856]]},"properties":{"edge_u":"12401694008","edge_v":"286527825","avg_max_density":0.1067,"run_count":50,"level":"low"}},{"type":"Feature","geometry":{"type":"LineString","coordinates":[[139.553196,35.296501],[139.5527581,35.2968332]]},"properties":{"edge_u":"12401694023","edge_v":"12401694027","avg_max_density":0.1475,"run_count":50,"level":"low"}},{"type":"Feature","geometry":{"type":"LineString","coordinates":[[139.5526119,35.2969498],[139.5527581,35.2968332]]},"properties":{"edge_u":"12401694026","edge_v":"12401694027","avg_max_density":0.0668,"run_count":50,"level":"low"}},{"type":"Feature","geometry":{"type":"LineString","coordinates":[[139.5527581,35.2968332],[139.5530961,35.2972426]]},"properties":{"edge_u":"12401694027","edge_v":"12401694035","avg_max_density":0.1296,"run_count":50,"level":"low"}},{"type":"Feature","geometry":{"type":"LineString","coordinates":[[139.5532067,35.2973476],[139.5530961,35.2972426]]},"properties":{"edge_u":"12401694033","edge_v":"12401694035","avg_max_density":0.0484,"run_count":50,"level":"low"}},{"type":"Feature","geometry":{"type":"LineString","coordinates":[[139.5532067,35.2973476],[139.5532422,35.2973175]]},"properties":{"edge_u":"12401694033","edge_v":"12401694037","avg_max_density":0.1722,"run_count":50,"level":"low"}},{"type":"Feature","geometry":{"type":"LineString","coordinates":[[139.5532067,35.2973476],[139.5529777,35.2975427]]},"properties":{"edge_u":"12401694033","edge_v":"12401751445","avg_max_density":0.1162,"run_count":50,"level":"low"}},{"type":"Feature","geometry":{"type":"LineString","coordinates":[[139.5530961,35.2972426],[139.5532422,35.2973175]]},"properties":{"edge_u":"12401694035","edge_v":"12401694037","avg_max_density":0.0579,"run_count":50,"level":"low"}},{"type":"Feature","geometry":{"type":"LineString","coordinates":[[139.5530961,35.2972426],[139.5529777,35.2975427]]},"properties":{"edge_u":"12401694035","edge_v":"12401751445","avg_max_density":0.1305,"run_count":50,"level":"low"}},{"type":"Feature","geometry":{"type":"LineString","coordinates":[[139.5532422,35.2973175],[139.5533604,35.297217]]},"properties":{"edge_u":"12401694037","edge_v":"12401694276","avg_max_density":0.0988,"run_count":50,"level":"low"}},{"type":"Feature","geometry":{"type":"LineString","coordinates":[[139.555026,35.2970462],[139.5548992,35.2971544]]},"properties":{"edge_u":"12401694234","edge_v":"12401694238","avg_max_density":0.0903,"run_count":50,"level":"low"}},{"type":"Feature","geometry":{"type":"LineString","coordinates":[[139.555026,35.2970462],[139.5554871,35.2966579]]},"properties":{"edge_u":"12401694234","edge_v":"12401737667","avg_max_density":0.0358,"run_count":50,"level":"low"}},{"type":"Feature","geometry":{"type":"LineString","coordinates":[[139.5548572,35.2971246],[139.5548992,35.2971544]]},"properties":{"edge_u":"12401694237","edge_v":"12401694238","avg_max_density":0.161,"run_count":50,"level":"low"}},{"type":"Feature","geometry":{"type":"LineString","coordinates":[[139.5548992,35.2971544],[139.5545798,35.2974237]]},"properties":{"edge_u":"12401694238","edge_v":"12401737669","avg_max_density":0.1032,"run_count":50,"level":"low"}},{"type":"Feature","geometry":{"type":"LineString","coordinates":[[139.5548992,35.2971544],[139.5549411,35.2971859]]},"properties":{"edge_u":"12401694238","edge_v":"12401882135","avg_max_density":0.1586,"run_count":50,"level":"low"}},{"type":"Feature","geometry":{"type":"LineString","coordinates":[[139.5526528,35.2981001],[139.5525948,35.297998]]},"properties":{"edge_u":"12401694242","edge_v":"12401694244","avg_max_density":0.1184,"run_count":50,"level":"low"}},{"type":"Feature","geometry":{"type":"LineString","coordinates":[[139.5525948,35.297998],[139.5525461,35.2979644]]},"properties":{"edge_u":"12401694244","edge_v":"12401694245","avg_max_density":0.1935,"run_count":50,"level":"low"}},{"type":"Feature","geometry":{"type":"LineString","coordinates":[[139.5525461,35.2979644],[139.5528792,35.2976829]]},"properties":{"edge_u":"12401694245","edge_v":"286527832","avg_max_density":0.065,"run_count":50,"level":"low"}},{"type":"Feature","geometry":{"type":"LineString","coordinates":[[139.5535457,35.2974472],[139.5534287,35.2973569]]},"properties":{"edge_u":"12401694264","edge_v":"12401694270","avg_max_density":0.1437,"run_count":50,"level":"low"}},{"type":"Feature","geometry":{"type":"LineString","coordinates":[[139.5534287,35.2973569],[139.5533808,35.2973271]]},"properties":{"edge_u":"12401694270","edge_v":"12401694271","avg_max_density":0.1707,"run_count":50,"level":"low"}},{"type":"Feature","geometry":{"type":"LineString","coordinates":[[139.5533808,35.2973271],[139.5533342,35.297293]]},"properties":{"edge_u":"12401694271","edge_v":"12401694272","avg_max_density":0.1467,"run_count":50,"level":"low"}},{"type":"Feature","geometry":{"type":"LineString","coordinates":[[139.5533342,35.297293],[139.5533901,35.2972451]]},"properties":{"edge_u":"12401694272","edge_v":"12401694277","avg_max_density":0.2264,"run_count":50,"level":"low"}},{"type":"Feature","geometry":{"type":"LineString","coordinates":[[139.5533342,35.297293],[139.5530131,35.2975682]]},"properties":{"edge_u":"12401694272","edge_v":"12401751446","avg_max_density":0.0845,"run_count":50,"level":"low"}},{"type":"Feature","geometry":{"type":"LineString","coordinates":[[139.5532456,35.2970822],[139.5533604,35.297217]]},"properties":{"edge_u":"12401694273","edge_v":"12401694276","avg_max_density":0.0443,"run_count":50,"level":"low"}},{"type":"Feature","geometry":{"type":"LineString","coordinates":[[139.5533604,35.297217],[139.5533901,35.2972451]]},"properties":{"edge_u":"12401694276","edge_v":"12401694277","avg_max_density":0.1713,"run_count":50,"level":"low"}},{"type":"Feature","geometry":{"type":"LineString","coordinates":[[139.5533901,35.2972451],[139.5538206,35.2968763]]},"properties":{"edge_u":"12401694277","edge_v":"286527829","avg_max_density":0.0465,"run_count":50,"level":"low"}},{"type":"Feature","geometry":{"type":"LineString","coordinates":[[139.5521057,35.2947852],[139.5526294,35.2948142]]},"properties":{"edge_u":"12401737597","edge_v":"12401737611","avg_max_density":0.1937,"run_count":50,"level":"low"}},{"type":"Feature","geometry":{"type":"LineString","coordinates":[[139.5526294,35.2948142],[139.5524456,35.2946681]]},"properties":{"edge_u":"12401737611","edge_v":"12401737612","avg_max_density":0.2379,"run_count":50,"level":"low"}},{"type":"Feature","geometry":{"type":"LineString","coordinates":[[139.5526294,35.2948142],[139.5527374,35.2949002]]},"properties":{"edge_u":"12401737611","edge_v":"12401737613","avg_max_density":0.3293,"run_count":50,"level":"low"}},{"type":"Feature","geometry":{"type":"LineString","coordinates":[[139.5527374,35.2949002],[139.5527836,35.2948607]]},"properties":{"edge_u":"12401737613","edge_v":"12401737614","avg_max_density":0.723,"run_count":50,"level":"medium"}},{"type":"Feature","geometry":{"type":"LineString","coordinates":[[139.5527668,35.2950671],[139.552801,35.2955186]]},"properties":{"edge_u":"12401737615","edge_v":"12401737623","avg_max_density":0.035,"run_count":50,"level":"low"}},{"type":"Feature","geometry":{"type":"LineString","coordinates":[[139.5527809,35.2954945],[139.552801,35.2955186]]},"properties":{"edge_u":"12401737621","edge_v":"12401737623","avg_max_density":0.1115,"run_count":50,"level":"low"}},{"type":"Feature","geometry":{"type":"LineString","coordinates":[[139.552801,35.2955186],[139.5525231,35.2957903]]},"properties":{"edge_u":"12401737623","edge_v":"12401737628","avg_max_density":0.0613,"run_count":50,"level":"low"}},{"type":"Feature","geometry":{"type":"LineString","coordinates":[[139.5525231,35.2957903],[139.5524807,35.2958263]]},"properties":{"edge_u":"12401737628","edge_v":"12401737629","avg_max_density":0.1765,"run_count":50,"level":"low"}},{"type":"Feature","geometry":{"type":"LineString","coordinates":[[139.5524807,35.2958263],[139.5525011,35.2958422]]},"properties":{"edge_u":"12401737629","edge_v":"12401737632","avg_max_density":0.1738,"run_count":50,"level":"low"}},{"type":"Feature","geometry":{"type":"LineString","coordinates":[[139.5523967,35.2959241],[139.5524613,35.2958719]]},"properties":{"edge_u":"12401737630","edge_v":"12401737631","avg_max_density":0.0751,"run_count":50,"level":"low"}},{"type":"Feature","geometry":{"type":"LineString","coordinates":[[139.5524613,35.2958719],[139.5525011,35.2958422]]},"properties":{"edge_u":"12401737631","edge_v":"12401737632","avg_max_density":0.2097,"run_count":50,"level":"low"}},{"type":"Feature","geometry":{"type":"LineString","coordinates":[[139.5525011,35.2958422],[139.5530707,35.2962856]]},"properties":{"edge_u":"12401737632","edge_v":"286527825","avg_max_density":0.1243,"run_count":50,"level":"low"}},{"type":"Feature","geometry":{"type":"LineString","coordinates":[[139.5564359,35.2974434],[139.5565397,35.2974346]]},"properties":{"edge_u":"12401737636","edge_v":"12401737637","avg_max_density":0.2084,"run_count":50,"level":"low"}},{"type":"Feature","geometry":{"type":"LineString","coordinates":[[139.5564359,35.2974434],[139.5564844,35.2974091]]},"properties":{"edge_u":"12401737636","edge_v":"286527862","avg_max_density":0.1091,"run_count":50,"level":"low"}},{"type":"Feature","geometry":{"type":"LineString","coordinates":[[139.5564359,35.2974434],[139.5564211,35.2974472]]},"properties":{"edge_u":"12401737636","edge_v":"6602471718","avg_max_density":0.2628,"run_count":50,"level":"low"}},{"type":"Feature","geometry":{"type":"LineString","coordinates":[[139.5565397,35.2974346],[139.5564334,35.2972168]]},"properties":{"edge_u":"12401737637","edge_v":"12401737645","avg_max_density":0.1606,"run_count":50,"level":"low"}},{"type":"Feature","geometry":{"type":"LineString","coordinates":[[139.5565397,35.2974346],[139.5564844,35.2974091]]},"properties":{"edge_u":"12401737637","edge_v":"286527862","avg_max_density":0.0358,"run_count":50,"level":"low"}},{"type":"Feature","geometry":{"type":"LineString","coordinates":[[139.5565397,35.2974346],[139.5566652,35.2974983]]},"properties":{"edge_u":"12401737637","edge_v":"3292731243","avg_max_density":0.0306,"run_count":50,"level":"low"}},{"type":"Feature","geometry":{"type":"LineString","coordinates":[[139.5564334,35.2972168],[139.5565701,35.2969684]]},"properties":{"edge_u":"12401737645","edge_v":"12401737649","avg_max_density":0.1686,"run_count":50,"level":"low"}},{"type":"Feature","geometry":{"type":"LineString","coordinates":[[139.5564334,35.2972168],[139.5563038,35.2971612]]},"properties":{"edge_u":"12401737645","edge_v":"12401737661","avg_max_density":0.0645,"run_count":50,"level":"low"}},{"type":"Feature","geometry":{"type":"LineString","coordinates":[[139.5565701,35.2969684],[139.5567723,35.2967865]]},"properties":{"edge_u":"12401737649","edge_v":"12401737650","avg_max_density":0.1549,"run_count":50,"level":"low"}},{"type":"Feature","geometry":{"type":"LineString","coordinates":[[139.5565701,35.2969684],[139.5565337,35.2969476]]},"properties":{"edge_u":"12401737649","edge_v":"3292731231","avg_max_density":0.2083,"run_count":50,"level":"low"}},{"type":"Feature","geometry":{"type":"LineString","coordinates":[[139.5565701,35.2969684],[139.5570146,35.2971775]]},"properties":{"edge_u":"12401737649","edge_v":"3292731234","avg_max_density":0.066,"run_count":50,"level":"low"}},{"type":"Feature","geometry":{"type":"LineString","coordinates":[[139.5567723,35.2967865],[139.5568851,35.2966851]]},"properties":{"edge_u":"12401737650","edge_v":"12401737651","avg_max_density":0.1839,"run_count":50,"level":"low"}},{"type":"Feature","geometry":{"type":"LineString","coordinates":[[139.5567723,35.2967865],[139.5567268,35.2967573]]},"properties":{"edge_u":"12401737650","edge_v":"2482105378","avg_max_density":0.0933,"run_count":49,"level":"low"}},{"type":"Feature","geometry":{"type":"LineString","coordinates":[[139.5567723,35.2967865],[139.557067,35.2969608]]},"properties":{"edge_u":"12401737650","edge_v":"2482105458","avg_max_density":0.0379,"run_count":50,"level":"low"}},{"type":"Feature","geometry":{"type":"LineString","coordinates":[[139.5568851,35.2966851],[139.5571689,35.2964195]]},"properties":{"edge_u":"12401737651","edge_v":"12401737653","avg_max_density":0.1278,"run_count":50,"level":"low"}},{"type":"Feature","geometry":{"type":"LineString","coordinates":[[139.5568851,35.2966851],[139.5568391,35.2966549]]},"properties":{"edge_u":"12401737651","edge_v":"3292731219","avg_max_density":0.1778,"run_count":49,"level":"low"}},{"type":"Feature","geometry":{"type":"LineString","coordinates":[[139.5568851,35.2966851],[139.5572492,35.2969843]]},"properties":{"edge_u":"12401737651","edge_v":"3806626099","avg_max_density":0.0566,"run_count":50,"level":"low"}},{"type":"Feature","geometry":{"type":"LineString","coordinates":[[139.5571689,35.2964195],[139.5573346,35.2962466]]},"properties":{"edge_u":"12401737653","edge_v":"12401737654","avg_max_density":0.0496,"run_count":50,"level":"low"}},{"type":"Feature","geometry":{"type":"LineString","coordinates":[[139.5571689,35.2964195],[139.5571071,35.2963936]]},"properties":{"edge_u":"12401737653","edge_v":"3292731191","avg_max_density":0.1597,"run_count":49,"level":"low"}},{"type":"Feature","geometry":{"type":"LineString","coordinates":[[139.5571689,35.2964195],[139.5575942,35.2965606]]},"properties":{"edge_u":"12401737653","edge_v":"3292731207","avg_max_density":0.1152,"run_count":50,"level":"low"}},{"type":"Feature","geometry":{"type":"LineString","coordinates":[[139.5573346,35.2962466],[139.5574122,35.2961652]]},"properties":{"edge_u":"12401737654","edge_v":"12401737655","avg_max_density":0.0436,"run_count":27,"level":"low"}},{"type":"Feature","geometry":{"type":"LineString","coordinates":[[139.5573346,35.2962466],[139.5572778,35.2962289]]},"properties":{"edge_u":"12401737654","edge_v":"3806626057","avg_max_density":0.1335,"run_count":38,"level":"low"}},{"type":"Feature","geometry":{"type":"LineString","coordinates":[[139.5573346,35.2962466],[139.5576593,35.2963477]]},"properties":{"edge_u":"12401737654","edge_v":"3806626063","avg_max_density":0.0293,"run_count":44,"level":"low"}},{"type":"Feature","geometry":{"type":"LineString","coordinates":[[139.5563038,35.2971612],[139.5562475,35.2972056]]},"properties":{"edge_u":"12401737661","edge_v":"286527791","avg_max_density":0.0648,"run_count":50,"level":"low"}},{"type":"Feature","geometry":{"type":"LineString","coordinates":[[139.5562147,35.2971767],[139.5561863,35.2972015]]},"properties":{"edge_u":"12401737663","edge_v":"12401737664","avg_max_density":0.1406,"run_count":49,"level":"low"}},{"type":"Feature","geometry":{"type":"LineString","coordinates":[[139.5562147,35.2971767],[139.5555701,35.2966559]]},"properties":{"edge_u":"12401737663","edge_v":"12401737665","avg_max_density":0.0266,"run_count":50,"level":"low"}},{"type":"Feature","geometry":{"type":"LineString","coordinates":[[139.5562147,35.2971767],[139.5562475,35.2972056]]},"properties":{"edge_u":"12401737663","edge_v":"286527791","avg_max_density":0.0654,"run_count":50,"level":"low"}},{"type":"Feature","geometry":{"type":"LineString","coordinates":[[139.5555701,35.2966559],[139.5555285,35.2966224]]},"properties":{"edge_u":"12401737665","edge_v":"286527835","avg_max_density":0.0404,"run_count":49,"level":"low"}},{"type":"Feature","geometry":{"type":"LineString","coordinates":[[139.5554843,35.2965885],[139.5548035,35.296056]]},"properties":{"edge_u":"12401737666","edge_v":"286527833","avg_max_density":0.0407,"run_count":50,"level":"low"}},{"type":"Feature","geometry":{"type":"LineString","coordinates":[[139.5554843,35.2965885],[139.5555285,35.2966224]]},"properties":{"edge_u":"12401737666","edge_v":"286527835","avg_max_density":0.059,"run_count":50,"level":"low"}},{"type":"Feature","geometry":{"type":"LineString","coordinates":[[139.5554871,35.2966579],[139.5555285,35.2966224]]},"properties":{"edge_u":"12401737667","edge_v":"286527835","avg_max_density":0.0532,"run_count":50,"level":"low"}},{"type":"Feature","geometry":{"type":"LineString","coordinates":[[139.5549431,35.297777],[139.5549757,35.2978039]]},"properties":{"edge_u":"12401737668","edge_v":"1797822484","avg_max_density":0.1723,"run_count":50,"level":"low"}},{"type":"Feature","geometry":{"type":"LineString","coordinates":[[139.5549431,35.297777],[139.5545428,35.2974564]]},"properties":{"edge_u":"12401737668","edge_v":"286527830","avg_max_density":0.0587,"run_count":50,"level":"low"}},{"type":"Feature","geometry":{"type":"LineString","coordinates":[[139.5545798,35.2974237],[139.5545428,35.2974564]]},"properties":{"edge_u":"12401737669","edge_v":"286527830","avg_max_density":0.2061,"run_count":50,"level":"low"}},{"type":"Feature","geometry":{"type":"LineString","coordinates":[[139.5545037,35.2974871],[139.5545428,35.2974564]]},"properties":{"edge_u":"12401737670","edge_v":"286527830","avg_max_density":0.3703,"run_count":50,"level":"low"}},{"type":"Feature","geometry":{"type":"LineString","coordinates":[[139.5545037,35.2974871],[139.5535958,35.2982652]]},"properties":{"edge_u":"12401737670","edge_v":"286527834","avg_max_density":0.2193,"run_count":50,"level":"low"}},{"type":"Feature","geometry":{"type":"LineString","coordinates":[[139.5526707,35.2989639],[139.5527229,35.2989231]]},"properties":{"edge_u":"12401737671","edge_v":"12401737672","avg_max_density":0.6403,"run_count":50,"level":"medium"}},{"type":"Feature","geometry":{"type":"LineString","coordinates":[[139.5526707,35.2989639],[139.5518989,35.2985923]]},"properties":{"edge_u":"12401737671","edge_v":"12401737673","avg_max_density":0.2524,"run_count":50,"level":"low"}},{"type":"Feature","geometry":{"type":"LineString","coordinates":[[139.5527229,35.2989231],[139.5528051,35.2989866]]},"properties":{"edge_u":"12401737672","edge_v":"279690030","avg_max_density":0.0954,"run_count":50,"level":"low"}},{"type":"Feature","geometry":{"type":"LineString","coordinates":[[139.5527229,35.2989231],[139.5520379,35.2983939]]},"properties":{"edge_u":"12401737672","edge_v":"286527831","avg_max_density":0.0454,"run_count":50,"level":"low"}},{"type":"Feature","geometry":{"type":"LineString","coordinates":[[139.5518989,35.2985923],[139.5518509,35.299048]]},"properties":{"edge_u":"12401737673","edge_v":"12401882129","avg_max_density":0.0562,"run_count":50,"level":"low"}},{"type":"Feature","geometry":{"type":"LineString","coordinates":[[139.5518989,35.2985923],[139.5518563,35.2985575]]},"properties":{"edge_u":"12401737673","edge_v":"286527890","avg_max_density":0.2668,"run_count":50,"level":"low"}},{"type":"Feature","geometry":{"type":"LineString","coordinates":[[139.5559513,35.2964922],[139.5559527,35.2967998]]},"properties":{"edge_u":"12401747171","edge_v":"12401747172","avg_max_density":0.0327,"run_count":50,"level":"low"}},{"type":"Feature","geometry":{"type":"LineString","coordinates":[[139.5529777,35.2975427],[139.5530131,35.2975682]]},"properties":{"edge_u":"12401751445","edge_v":"12401751446","avg_max_density":0.2007,"run_count":50,"level":"low"}},{"type":"Feature","geometry":{"type":"LineString","coordinates":[[139.5530131,35.2975682],[139.5528792,35.2976829]]},"properties":{"edge_u":"12401751446","edge_v":"286527832","avg_max_density":0.2103,"run_count":50,"level":"low"}},{"type":"Feature","geometry":{"type":"LineString","coordinates":[[139.554299,35.2969448],[139.5541475,35.29708]]},"properties":{"edge_u":"12401882101","edge_v":"12401882102","avg_max_density":0.0723,"run_count":50,"level":"low"}},{"type":"Feature","geometry":{"type":"LineString","coordinates":[[139.5541475,35.29708],[139.5541118,35.2971102]]},"properties":{"edge_u":"12401882102","edge_v":"12401882103","avg_max_density":0.2757,"run_count":50,"level":"low"}},{"type":"Feature","geometry":{"type":"LineString","coordinates":[[139.5541118,35.2971102],[139.5538206,35.2968763]]},"properties":{"edge_u":"12401882103","edge_v":"286527829","avg_max_density":0.3627,"run_count":50,"level":"low"}},{"type":"Feature","geometry":{"type":"LineString","coordinates":[[139.5541118,35.2971102],[139.5545428,35.2974564]]},"properties":{"edge_u":"12401882103","edge_v":"286527830","avg_max_density":0.3265,"run_count":50,"level":"low"}},{"type":"Feature","geometry":{"type":"LineString","coordinates":[[139.5542193,35.2963593],[139.5542956,35.2964237]]},"properties":{"edge_u":"12401882104","edge_v":"12401882105","avg_max_density":0.089,"run_count":50,"level":"low"}},{"type":"Feature","geometry":{"type":"LineString","coordinates":[[139.5542193,35.2963593],[139.5544057,35.2962115]]},"properties":{"edge_u":"12401882104","edge_v":"12401882119","avg_max_density":0.136,"run_count":50,"level":"low"}},{"type":"Feature","geometry":{"type":"LineString","coordinates":[[139.5542193,35.2963593],[139.5537118,35.2967373]]},"properties":{"edge_u":"12401882104","edge_v":"12401882122","avg_max_density":0.1022,"run_count":50,"level":"low"}},{"type":"Feature","geometry":{"type":"LineString","coordinates":[[139.5542956,35.2964237],[139.5537118,35.2967373]]},"properties":{"edge_u":"12401882105","edge_v":"12401882122","avg_max_density":0.1448,"run_count":50,"level":"low"}},{"type":"Feature","geometry":{"type":"LineString","coordinates":[[139.5536809,35.2967663],[139.5537118,35.2967373]]},"properties":{"edge_u":"12401882118","edge_v":"12401882122","avg_max_density":0.3978,"run_count":50,"level":"low"}},{"type":"Feature","geometry":{"type":"LineString","coordinates":[[139.5536809,35.2967663],[139.5530707,35.2962856]]},"properties":{"edge_u":"12401882118","edge_v":"286527825","avg_max_density":0.1588,"run_count":50,"level":"low"}},{"type":"Feature","geometry":{"type":"LineString","coordinates":[[139.5536809,35.2967663],[139.5538206,35.2968763]]},"properties":{"edge_u":"12401882118","edge_v":"286527829","avg_max_density":0.3712,"run_count":50,"level":"low"}},{"type":"Feature","geometry":{"type":"LineString","coordinates":[[139.5549411,35.2971859],[139.5548596,35.2973755]]},"properties":{"edge_u":"12401882135","edge_v":"12401882137","avg_max_density":0.0797,"run_count":50,"level":"low"}},{"type":"Feature","geometry":{"type":"LineString","coordinates":[[139.5513805,35.2979707],[139.5515119,35.2987822]]},"properties":{"edge_u":"12401882138","edge_v":"12401882143","avg_max_density":0.0697,"run_count":50,"level":"low"}},{"type":"Feature","geometry":{"type":"LineString","coordinates":[[139.5461726,35.3149361],[139.5462337,35.3149782]]},"properties":{"edge_u":"12403317792","edge_v":"6654360100","avg_max_density":0.1378,"run_count":50,"level":"low"}},{"type":"Feature","geometry":{"type":"LineString","coordinates":[[139.5463751,35.3152338],[139.5464296,35.3151884]]},"properties":{"edge_u":"12403317794","edge_v":"6654360102","avg_max_density":0.1344,"run_count":50,"level":"low"}},{"type":"Feature","geometry":{"type":"LineString","coordinates":[[139.5464734,35.315152],[139.5464596,35.3151422]]},"properties":{"edge_u":"12403317795","edge_v":"12403317796","avg_max_density":0.3795,"run_count":50,"level":"low"}},{"type":"Feature","geometry":{"type":"LineString","coordinates":[[139.5464734,35.315152],[139.5466232,35.3153265]]},"properties":{"edge_u":"12403317795","edge_v":"6654360101","avg_max_density":0.0984,"run_count":50,"level":"low"}},{"type":"Feature","geometry":{"type":"LineString","coordinates":[[139.5464734,35.315152],[139.5464296,35.3151884]]},"properties":{"edge_u":"12403317795","edge_v":"6654360102","avg_max_density":0.1445,"run_count":50,"level":"low"}},{"type":"Feature","geometry":{"type":"LineString","coordinates":[[139.5464596,35.3151422],[139.5466947,35.3149097]]},"properties":{"edge_u":"12403317796","edge_v":"12403317797","avg_max_density":0.0984,"run_count":50,"level":"low"}},{"type":"Feature","geometry":{"type":"LineString","coordinates":[[139.5464596,35.3151422],[139.5462337,35.3149782]]},"properties":{"edge_u":"12403317796","edge_v":"6654360100","avg_max_density":0.0736,"run_count":50,"level":"low"}},{"type":"Feature","geometry":{"type":"LineString","coordinates":[[139.5466947,35.3149097],[139.5462554,35.3149564]]},"properties":{"edge_u":"12403317797","edge_v":"1771850962","avg_max_density":0.0573,"run_count":50,"level":"low"}},{"type":"Feature","geometry":{"type":"LineString","coordinates":[[139.5466947,35.3149097],[139.5469104,35.3148867]]},"properties":{"edge_u":"12403317797","edge_v":"6601517998","avg_max_density":0.0613,"run_count":50,"level":"low"}},{"type":"Feature","geometry":{"type":"LineString","coordinates":[[139.5510506,35.3175823],[139.5509599,35.3174533]]},"properties":{"edge_u":"12403320864","edge_v":"12403320868","avg_max_density":0.1118,"run_count":50,"level":"low"}},{"type":"Feature","geometry":{"type":"LineString","coordinates":[[139.5510506,35.3175823],[139.551068,35.3176076]]},"properties":{"edge_u":"12403320864","edge_v":"2696085145","avg_max_density":0.3007,"run_count":50,"level":"low"}},{"type":"Feature","geometry":{"type":"LineString","coordinates":[[139.5509599,35.3174533],[139.5507774,35.3171536]]},"properties":{"edge_u":"12403320868","edge_v":"2696085143","avg_max_density":0.1548,"run_count":50,"level":"low"}},{"type":"Feature","geometry":{"type":"LineString","coordinates":[[139.5531926,35.2961814],[139.5531492,35.2961533]]},"properties":{"edge_u":"12404889195","edge_v":"12404889196","avg_max_density":0.2069,"run_count":50,"level":"low"}},{"type":"Feature","geometry":{"type":"LineString","coordinates":[[139.5531926,35.2961814],[139.5536508,35.2957912]]},"properties":{"edge_u":"12404889195","edge_v":"12404889201","avg_max_density":0.047,"run_count":50,"level":"low"}},{"type":"Feature","geometry":{"type":"LineString","coordinates":[[139.5531492,35.2961533],[139.5536086,35.295758]]},"properties":{"edge_u":"12404889196","edge_v":"12404889200","avg_max_density":0.027,"run_count":50,"level":"low"}},{"type":"Feature","geometry":{"type":"LineString","coordinates":[[139.5536086,35.295758],[139.5536508,35.2957912]]},"properties":{"edge_u":"12404889200","edge_v":"12404889201","avg_max_density":0.0768,"run_count":49,"level":"low"}},{"type":"Feature","geometry":{"type":"LineString","coordinates":[[139.5588481,35.3009207],[139.559085,35.3010351]]},"properties":{"edge_u":"12408416934","edge_v":"12408416937","avg_max_density":0.137,"run_count":50,"level":"low"}},{"type":"Feature","geometry":{"type":"LineString","coordinates":[[139.559085,35.3010351],[139.5591512,35.3008311]]},"properties":{"edge_u":"12408416937","edge_v":"12408416945","avg_max_density":0.051,"run_count":50,"level":"low"}},{"type":"Feature","geometry":{"type":"LineString","coordinates":[[139.559085,35.3010351],[139.5589679,35.3012748]]},"properties":{"edge_u":"12408416937","edge_v":"6645196218","avg_max_density":0.0229,"run_count":50,"level":"low"}},{"type":"Feature","geometry":{"type":"LineString","coordinates":[[139.558551,35.3008611],[139.5591512,35.3008311]]},"properties":{"edge_u":"12408416940","edge_v":"12408416945","avg_max_density":0.0668,"run_count":50,"level":"low"}},{"type":"Feature","geometry":{"type":"LineString","coordinates":[[139.5591512,35.3008311],[139.5592227,35.3005521]]},"properties":{"edge_u":"12408416945","edge_v":"286527767","avg_max_density":0.0594,"run_count":50,"level":"low"}},{"type":"Feature","geometry":{"type":"LineString","coordinates":[[139.5587642,35.3012146],[139.5589679,35.3012748]]},"properties":{"edge_u":"12408416949","edge_v":"6645196218","avg_max_density":0.029,"run_count":50,"level":"low"}},{"type":"Feature","geometry":{"type":"LineString","coordinates":[[139.5589031,35.3023414],[139.5589991,35.3021251]]},"properties":{"edge_u":"12408416950","edge_v":"286527635","avg_max_density":0.0401,"run_count":50,"level":"low"}},{"type":"Feature","geometry":{"type":"LineString","coordinates":[[139.5499171,35.3057888],[139.5480922,35.3071557]]},"properties":{"edge_u":"12413501802","edge_v":"12413501834","avg_max_density":0.3313,"run_count":50,"level":"low"}},{"type":"Feature","geometry":{"type":"LineString","coordinates":[[139.5499171,35.3057888],[139.5501415,35.3063059]]},"properties":{"edge_u":"12413501802","edge_v":"1771850182","avg_max_density":0.2905,"run_count":50,"level":"low"}},{"type":"Feature","geometry":{"type":"LineString","coordinates":[[139.5499171,35.3057888],[139.5509242,35.3050503]]},"properties":{"edge_u":"12413501802","edge_v":"266750280","avg_max_density":14.4722,"run_count":50,"level":"high"}},{"type":"Feature","geometry":{"type":"LineString","coordinates":[[139.5464955,35.3086044],[139.5462713,35.3085607]]},"properties":{"edge_u":"12413501812","edge_v":"2149874255","avg_max_density":0.4734,"run_count":50,"level":"low"}},{"type":"Feature","geometry":{"type":"LineString","coordinates":[[139.5464955,35.3086044],[139.5466603,35.3084523]]},"properties":{"edge_u":"12413501812","edge_v":"2481902463","avg_max_density":0.1438,"run_count":50,"level":"low"}},{"type":"Feature","geometry":{"type":"LineString","coordinates":[[139.5464955,35.3086044],[139.5464529,35.3086431]]},"properties":{"edge_u":"12413501812","edge_v":"266762075","avg_max_density":0.3435,"run_count":50,"level":"low"}},{"type":"Feature","geometry":{"type":"LineString","coordinates":[[139.5525242,35.3033062],[139.5530602,35.3017849]]},"properties":{"edge_u":"12413501816","edge_v":"279690014","avg_max_density":0.4294,"run_count":50,"level":"low"}},{"type":"Feature","geometry":{"type":"LineString","coordinates":[[139.5525242,35.3033062],[139.5526859,35.3033333]]},"properties":{"edge_u":"12413501816","edge_v":"279690101","avg_max_density":0.6362,"run_count":50,"level":"medium"}},{"type":"Feature","geometry":{"type":"LineString","coordinates":[[139.5525242,35.3033062],[139.5523181,35.3039908]]},"properties":{"edge_u":"12413501816","edge_v":"8158059460","avg_max_density":0.2746,"run_count":50,"level":"low"}},{"type":"Feature","geometry":{"type":"LineString","coordinates":[[139.5480922,35.3071557],[139.5468398,35.3081247]]},"properties":{"edge_u":"12413501834","edge_v":"12413501835","avg_max_density":8.1069,"run_count":50,"level":"high"}},{"type":"Feature","geometry":{"type":"LineString","coordinates":[[139.5480922,35.3071557],[139.5482846,35.3071753]]},"properties":{"edge_u":"12413501834","edge_v":"266759097","avg_max_density":0.3712,"run_count":50,"level":"low"}},{"type":"Feature","geometry":{"type":"LineString","coordinates":[[139.5468398,35.3081247],[139.5462713,35.3085607]]},"properties":{"edge_u":"12413501835","edge_v":"2149874255","avg_max_density":0.5416,"run_count":50,"level":"medium"}},{"type":"Feature","geometry":{"type":"LineString","coordinates":[[139.5468398,35.3081247],[139.5473521,35.3084042]]},"properties":{"edge_u":"12413501835","edge_v":"3381151300","avg_max_density":7.2659,"run_count":50,"level":"high"}},{"type":"Feature","geometry":{"type":"LineString","coordinates":[[139.534732,35.3090853],[139.534709,35.3091424]]},"properties":{"edge_u":"12444883507","edge_v":"12444883508","avg_max_density":1.1925,"run_count":50,"level":"medium"}},{"type":"Feature","geometry":{"type":"LineString","coordinates":[[139.534732,35.3090853],[139.5338979,35.3086749]]},"properties":{"edge_u":"12444883507","edge_v":"2046293840","avg_max_density":7.8259,"run_count":50,"level":"high"}},{"type":"Feature","geometry":{"type":"LineString","coordinates":[[139.534732,35.3090853],[139.5354095,35.3092731]]},"properties":{"edge_u":"12444883507","edge_v":"3937309258","avg_max_density":8.5241,"run_count":50,"level":"high"}},{"type":"Feature","geometry":{"type":"LineString","coordinates":[[139.534709,35.3091424],[139.5346898,35.30919]]},"properties":{"edge_u":"12444883508","edge_v":"12444883509","avg_max_density":1.1898,"run_count":50,"level":"medium"}},{"type":"Feature","geometry":{"type":"LineString","coordinates":[[139.5346898,35.30919],[139.5346187,35.3091688]]},"properties":{"edge_u":"12444883509","edge_v":"3937309256","avg_max_density":0.7585,"run_count":50,"level":"medium"}},{"type":"Feature","geometry":{"type":"LineString","coordinates":[[139.5346898,35.30919],[139.5347394,35.3092048]]},"properties":{"edge_u":"12444883509","edge_v":"3937309257","avg_max_density":0.3839,"run_count":50,"level":"low"}},{"type":"Feature","geometry":{"type":"LineString","coordinates":[[139.541342,35.3097794],[139.5413533,35.3098327]]},"properties":{"edge_u":"12444894278","edge_v":"12444894279","avg_max_density":0.7631,"run_count":50,"level":"medium"}},{"type":"Feature","geometry":{"type":"LineString","coordinates":[[139.541342,35.3097794],[139.5425416,35.309612]]},"properties":{"edge_u":"12444894278","edge_v":"3937261549","avg_max_density":7.5221,"run_count":50,"level":"high"}},{"type":"Feature","geometry":{"type":"LineString","coordinates":[[139.541342,35.3097794],[139.5390369,35.3102445]]},"properties":{"edge_u":"12444894278","edge_v":"3937309276","avg_max_density":1.4853,"run_count":50,"level":"medium"}},{"type":"Feature","geometry":{"type":"LineString","coordinates":[[139.5413533,35.3098327],[139.5413619,35.3098732]]},"properties":{"edge_u":"12444894279","edge_v":"12444894280","avg_max_density":0.6586,"run_count":50,"level":"medium"}},{"type":"Feature","geometry":{"type":"LineString","coordinates":[[139.5413619,35.3098732],[139.5425546,35.3097294]]},"properties":{"edge_u":"12444894280","edge_v":"3937261759","avg_max_density":0.8661,"run_count":50,"level":"medium"}},{"type":"Feature","geometry":{"type":"LineString","coordinates":[[139.5413619,35.3098732],[139.5413185,35.3098786]]},"properties":{"edge_u":"12444894280","edge_v":"3937309264","avg_max_density":8.2011,"run_count":50,"level":"high"}},{"type":"Feature","geometry":{"type":"LineString","coordinates":[[139.5337184,35.3124141],[139.5337067,35.3125056]]},"properties":{"edge_u":"12976449964","edge_v":"6197749171","avg_max_density":0.0535,"run_count":48,"level":"low"}},{"type":"Feature","geometry":{"type":"LineString","coordinates":[[139.5337184,35.3124141],[139.5338351,35.3124134]]},"properties":{"edge_u":"12976449964","edge_v":"7913096120","avg_max_density":0.2556,"run_count":50,"level":"low"}},{"type":"Feature","geometry":{"type":"LineString","coordinates":[[139.5337184,35.3124141],[139.5336823,35.3123731]]},"properties":{"edge_u":"12976449964","edge_v":"7965627973","avg_max_density":0.2422,"run_count":50,"level":"low"}},{"type":"Feature","geometry":{"type":"LineString","coordinates":[[139.5372266,35.3117443],[139.5378293,35.3118938]]},"properties":{"edge_u":"1704181260","edge_v":"2481960388","avg_max_density":0.0565,"run_count":50,"level":"low"}},{"type":"Feature","geometry":{"type":"LineString","coordinates":[[139.5372266,35.3117443],[139.5367439,35.3116642]]},"properties":{"edge_u":"1704181260","edge_v":"2481960402","avg_max_density":0.0682,"run_count":50,"level":"low"}},{"type":"Feature","geometry":{"type":"LineString","coordinates":[[139.5372266,35.3117443],[139.5371195,35.3130546]]},"properties":{"edge_u":"1704181260","edge_v":"266622420","avg_max_density":0.2191,"run_count":50,"level":"low"}},{"type":"Feature","geometry":{"type":"LineString","coordinates":[[139.5372266,35.3117443],[139.5372708,35.3115127]]},"properties":{"edge_u":"1704181260","edge_v":"279624836","avg_max_density":0.3059,"run_count":50,"level":"low"}},{"type":"Feature","geometry":{"type":"LineString","coordinates":[[139.4995619,35.3072824],[139.499767,35.306748]]},"properties":{"edge_u":"1771721389","edge_v":"6732097152","avg_max_density":0.0368,"run_count":50,"level":"low"}},{"type":"Feature","geometry":{"type":"LineString","coordinates":[[139.4959751,35.3094946],[139.4961802,35.3094315]]},"properties":{"edge_u":"1771721625","edge_v":"3045347824","avg_max_density":0.2603,"run_count":50,"level":"low"}},{"type":"Feature","geometry":{"type":"LineString","coordinates":[[139.4966176,35.3097995],[139.4964454,35.3099799]]},"properties":{"edge_u":"1771721642","edge_v":"1771721666","avg_max_density":0.1484,"run_count":50,"level":"low"}},{"type":"Feature","geometry":{"type":"LineString","coordinates":[[139.4964454,35.3099799],[139.4970249,35.3103931]]},"properties":{"edge_u":"1771721666","edge_v":"3382127888","avg_max_density":0.1238,"run_count":50,"level":"low"}},{"type":"Feature","geometry":{"type":"LineString","coordinates":[[139.4964454,35.3099799],[139.4961712,35.3098262]]},"properties":{"edge_u":"1771721666","edge_v":"6741508619","avg_max_density":0.142,"run_count":50,"level":"low"}},{"type":"Feature","geometry":{"type":"LineString","coordinates":[[139.498493,35.31044],[139.498415,35.3104962]]},"properties":{"edge_u":"1771721707","edge_v":"1771721710","avg_max_density":0.0315,"run_count":42,"level":"low"}},{"type":"Feature","geometry":{"type":"LineString","coordinates":[[139.498415,35.3104962],[139.4973031,35.3095896]]},"properties":{"edge_u":"1771721710","edge_v":"3045347834","avg_max_density":0.0348,"run_count":50,"level":"low"}},{"type":"Feature","geometry":{"type":"LineString","coordinates":[[139.498415,35.3104962],[139.4980789,35.3106955]]},"properties":{"edge_u":"1771721710","edge_v":"3045347895","avg_max_density":0.0944,"run_count":50,"level":"low"}},{"type":"Feature","geometry":{"type":"LineString","coordinates":[[139.4990565,35.3110828],[139.4997528,35.3112297]]},"properties":{"edge_u":"1771721760","edge_v":"1771721775","avg_max_density":0.0651,"run_count":50,"level":"low"}},{"type":"Feature","geometry":{"type":"LineString","coordinates":[[139.4990565,35.3110828],[139.4989478,35.3111953]]},"properties":{"edge_u":"1771721760","edge_v":"3045347929","avg_max_density":0.0828,"run_count":50,"level":"low"}},{"type":"Feature","geometry":{"type":"LineString","coordinates":[[139.4990565,35.3110828],[139.4987958,35.3109645]]},"properties":{"edge_u":"1771721760","edge_v":"5275322828","avg_max_density":0.118,"run_count":50,"level":"low"}},{"type":"Feature","geometry":{"type":"LineString","coordinates":[[139.4990565,35.3110828],[139.499307,35.3108272]]},"properties":{"edge_u":"1771721760","edge_v":"6741508576","avg_max_density":0.0182,"run_count":50,"level":"low"}},{"type":"Feature","geometry":{"type":"LineString","coordinates":[[139.4997528,35.3112297],[139.4996013,35.3116062]]},"properties":{"edge_u":"1771721775","edge_v":"1771721800","avg_max_density":0.0562,"run_count":50,"level":"low"}},{"type":"Feature","geometry":{"type":"LineString","coordinates":[[139.4997528,35.3112297],[139.4999077,35.3107266]]},"properties":{"edge_u":"1771721775","edge_v":"6738057338","avg_max_density":0.0218,"run_count":50,"level":"low"}},{"type":"Feature","geometry":{"type":"LineString","coordinates":[[139.4990325,35.3114485],[139.4996013,35.3116062]]},"properties":{"edge_u":"1771721781","edge_v":"1771721800","avg_max_density":0.1619,"run_count":50,"level":"low"}},{"type":"Feature","geometry":{"type":"LineString","coordinates":[[139.4990325,35.3114485],[139.4988991,35.3119821]]},"properties":{"edge_u":"1771721781","edge_v":"1771721814","avg_max_density":0.085,"run_count":50,"level":"low"}},{"type":"Feature","geometry":{"type":"LineString","coordinates":[[139.4990325,35.3114485],[139.4989478,35.3111953]]},"properties":{"edge_u":"1771721781","edge_v":"3045347929","avg_max_density":0.1599,"run_count":50,"level":"low"}},{"type":"Feature","geometry":{"type":"LineString","coordinates":[[139.5001031,35.3115107],[139.4999449,35.3117846]]},"properties":{"edge_u":"1771721782","edge_v":"3045347957","avg_max_density":0.1766,"run_count":50,"level":"low"}},{"type":"Feature","geometry":{"type":"LineString","coordinates":[[139.4996013,35.3116062],[139.4999449,35.3117846]]},"properties":{"edge_u":"1771721800","edge_v":"3045347957","avg_max_density":0.1388,"run_count":50,"level":"low"}},{"type":"Feature","geometry":{"type":"LineString","coordinates":[[139.4984429,35.3116891],[139.4988991,35.3119821]]},"properties":{"edge_u":"1771721804","edge_v":"1771721814","avg_max_density":0.1058,"run_count":50,"level":"low"}},{"type":"Feature","geometry":{"type":"LineString","coordinates":[[139.4984429,35.3116891],[139.4989478,35.3111953]]},"properties":{"edge_u":"1771721804","edge_v":"3045347929","avg_max_density":0.104,"run_count":50,"level":"low"}},{"type":"Feature","geometry":{"type":"LineString","coordinates":[[139.4984429,35.3116891],[139.4980715,35.3115147]]},"properties":{"edge_u":"1771721804","edge_v":"5275322823","avg_max_density":0.0885,"run_count":50,"level":"low"}},{"type":"Feature","geometry":{"type":"LineString","coordinates":[[139.4988991,35.3119821],[139.5002584,35.313167]]},"properties":{"edge_u":"1771721814","edge_v":"1771721857","avg_max_density":0.1142,"run_count":50,"level":"low"}},{"type":"Feature","geometry":{"type":"LineString","coordinates":[[139.5002281,35.3121206],[139.5008159,35.3122245]]},"properties":{"edge_u":"1771721819","edge_v":"1771721822","avg_max_density":0.0813,"run_count":50,"level":"low"}},{"type":"Feature","geometry":{"type":"LineString","coordinates":[[139.5002281,35.3121206],[139.5003894,35.3123476]]},"properties":{"edge_u":"1771721819","edge_v":"1771721824","avg_max_density":0.1912,"run_count":50,"level":"low"}},{"type":"Feature","geometry":{"type":"LineString","coordinates":[[139.5002281,35.3121206],[139.5001176,35.3119954]]},"properties":{"edge_u":"1771721819","edge_v":"6738057316","avg_max_density":0.1554,"run_count":50,"level":"low"}},{"type":"Feature","geometry":{"type":"LineString","coordinates":[[139.50152,35.3121453],[139.5011219,35.3124756]]},"properties":{"edge_u":"1771721820","edge_v":"1771721849","avg_max_density":0.0167,"run_count":50,"level":"low"}},{"type":"Feature","geometry":{"type":"LineString","coordinates":[[139.5008159,35.3122245],[139.5011219,35.3124756]]},"properties":{"edge_u":"1771721822","edge_v":"1771721849","avg_max_density":0.0245,"run_count":50,"level":"low"}},{"type":"Feature","geometry":{"type":"LineString","coordinates":[[139.5011219,35.3124756],[139.5011086,35.312522]]},"properties":{"edge_u":"1771721849","edge_v":"6741618988","avg_max_density":0.1132,"run_count":50,"level":"low"}},{"type":"Feature","geometry":{"type":"LineString","coordinates":[[139.5002584,35.313167],[139.5003359,35.3132356]]},"properties":{"edge_u":"1771721857","edge_v":"3044791174","avg_max_density":0.1624,"run_count":50,"level":"low"}},{"type":"Feature","geometry":{"type":"LineString","coordinates":[[139.5002584,35.313167],[139.5011041,35.3125375]]},"properties":{"edge_u":"1771721857","edge_v":"678338664","avg_max_density":0.1324,"run_count":50,"level":"low"}},{"type":"Feature","geometry":{"type":"LineString","coordinates":[[139.5579018,35.3118892],[139.5570312,35.3127066]]},"properties":{"edge_u":"1771735681","edge_v":"2690595141","avg_max_density":0.0748,"run_count":50,"level":"low"}},{"type":"Feature","geometry":{"type":"LineString","coordinates":[[139.5568228,35.3129807],[139.5576898,35.3134609]]},"properties":{"edge_u":"1771735723","edge_v":"1771735765","avg_max_density":0.1247,"run_count":50,"level":"low"}},{"type":"Feature","geometry":{"type":"LineString","coordinates":[[139.5568228,35.3129807],[139.5570312,35.3127066]]},"properties":{"edge_u":"1771735723","edge_v":"2690595141","avg_max_density":0.1044,"run_count":50,"level":"low"}},{"type":"Feature","geometry":{"type":"LineString","coordinates":[[139.5568228,35.3129807],[139.5566757,35.3128615]]},"properties":{"edge_u":"1771735723","edge_v":"286547372","avg_max_density":0.0548,"run_count":50,"level":"low"}},{"type":"Feature","geometry":{"type":"LineString","coordinates":[[139.5568228,35.3129807],[139.556595,35.3130662]]},"properties":{"edge_u":"1771735723","edge_v":"286547383","avg_max_density":0.0322,"run_count":50,"level":"low"}},{"type":"Feature","geometry":{"type":"LineString","coordinates":[[139.5348732,35.3130475],[139.5348109,35.3133808]]},"properties":{"edge_u":"1771735731","edge_v":"2054224026","avg_max_density":0.0555,"run_count":50,"level":"low"}},{"type":"Feature","geometry":{"type":"LineString","coordinates":[[139.5348732,35.3130475],[139.5349443,35.312743]]},"properties":{"edge_u":"1771735731","edge_v":"2481986082","avg_max_density":0.0683,"run_count":50,"level":"low"}},{"type":"Feature","geometry":{"type":"LineString","coordinates":[[139.5348732,35.3130475],[139.535206,35.3130694]]},"properties":{"edge_u":"1771735731","edge_v":"260752554","avg_max_density":0.1477,"run_count":50,"level":"low"}},{"type":"Feature","geometry":{"type":"LineString","coordinates":[[139.5348732,35.3130475],[139.5343818,35.3131388]]},"properties":{"edge_u":"1771735731","edge_v":"4035816517","avg_max_density":0.1301,"run_count":50,"level":"low"}},{"type":"Feature","geometry":{"type":"LineString","coordinates":[[139.5377308,35.3131254],[139.5383427,35.3132331]]},"properties":{"edge_u":"1771735735","edge_v":"2481927219","avg_max_density":0.0783,"run_count":50,"level":"low"}},{"type":"Feature","geometry":{"type":"LineString","coordinates":[[139.5377308,35.3131254],[139.5378293,35.3118938]]},"properties":{"edge_u":"1771735735","edge_v":"2481960388","avg_max_density":0.1146,"run_count":50,"level":"low"}},{"type":"Feature","geometry":{"type":"LineString","coordinates":[[139.5377308,35.3131254],[139.5377144,35.3131235]]},"properties":{"edge_u":"1771735735","edge_v":"6691337077","avg_max_density":0.1048,"run_count":50,"level":"low"}},{"type":"Feature","geometry":{"type":"LineString","coordinates":[[139.534106,35.3131907],[139.5341596,35.3133931]]},"properties":{"edge_u":"1771735743","edge_v":"2054224025","avg_max_density":0.0457,"run_count":50,"level":"low"}},{"type":"Feature","geometry":{"type":"LineString","coordinates":[[139.534106,35.3131907],[139.5343818,35.3131388]]},"properties":{"edge_u":"1771735743","edge_v":"4035816517","avg_max_density":0.0629,"run_count":50,"level":"low"}},{"type":"Feature","geometry":{"type":"LineString","coordinates":[[139.5385015,35.3132685],[139.5386921,35.3133218]]},"properties":{"edge_u":"1771735751","edge_v":"1771735757","avg_max_density":0.0979,"run_count":50,"level":"low"}},{"type":"Feature","geometry":{"type":"LineString","coordinates":[[139.5385015,35.3132685],[139.5383427,35.3132331]]},"properties":{"edge_u":"1771735751","edge_v":"2481927219","avg_max_density":0.0663,"run_count":50,"level":"low"}},{"type":"Feature","geometry":{"type":"LineString","coordinates":[[139.5385015,35.3132685],[139.5388904,35.312246]]},"properties":{"edge_u":"1771735751","edge_v":"4572823677","avg_max_density":0.0905,"run_count":50,"level":"low"}},{"type":"Feature","geometry":{"type":"LineString","coordinates":[[139.5578448,35.3132387],[139.5570312,35.3127066]]},"properties":{"edge_u":"1771735753","edge_v":"2690595141","avg_max_density":0.0193,"run_count":50,"level":"low"}},{"type":"Feature","geometry":{"type":"LineString","coordinates":[[139.5386921,35.3133218],[139.5397949,35.3135863]]},"properties":{"edge_u":"1771735757","edge_v":"1771735786","avg_max_density":0.0226,"run_count":50,"level":"low"}},{"type":"Feature","geometry":{"type":"LineString","coordinates":[[139.5386921,35.3133218],[139.5386565,35.3136617]]},"properties":{"edge_u":"1771735757","edge_v":"1771735793","avg_max_density":0.0609,"run_count":50,"level":"low"}},{"type":"Feature","geometry":{"type":"LineString","coordinates":[[139.5386921,35.3133218],[139.5390074,35.3132436]]},"properties":{"edge_u":"1771735757","edge_v":"5735676612","avg_max_density":0.0992,"run_count":50,"level":"low"}},{"type":"Feature","geometry":{"type":"LineString","coordinates":[[139.5356926,35.3134575],[139.5353507,35.3139179]]},"properties":{"edge_u":"1771735758","edge_v":"1771735816","avg_max_density":0.1517,"run_count":50,"level":"low"}},{"type":"Feature","geometry":{"type":"LineString","coordinates":[[139.5356926,35.3134575],[139.53608,35.3129325]]},"properties":{"edge_u":"1771735758","edge_v":"298025919","avg_max_density":0.127,"run_count":50,"level":"low"}},{"type":"Feature","geometry":{"type":"LineString","coordinates":[[139.5356926,35.3134575],[139.5360821,35.3136074]]},"properties":{"edge_u":"1771735758","edge_v":"6632502110","avg_max_density":0.0632,"run_count":50,"level":"low"}},{"type":"Feature","geometry":{"type":"LineString","coordinates":[[139.5576898,35.3134609],[139.5581686,35.3139001]]},"properties":{"edge_u":"1771735765","edge_v":"1771735769","avg_max_density":0.0979,"run_count":50,"level":"low"}},{"type":"Feature","geometry":{"type":"LineString","coordinates":[[139.5576898,35.3134609],[139.557308,35.3139521]]},"properties":{"edge_u":"1771735765","edge_v":"1792542332","avg_max_density":0.0142,"run_count":50,"level":"low"}},{"type":"Feature","geometry":{"type":"LineString","coordinates":[[139.5576898,35.3134609],[139.5578233,35.3132715]]},"properties":{"edge_u":"1771735765","edge_v":"4516524734","avg_max_density":0.0307,"run_count":50,"level":"low"}},{"type":"Feature","geometry":{"type":"LineString","coordinates":[[139.5581686,35.3139001],[139.559244,35.3146829]]},"properties":{"edge_u":"1771735769","edge_v":"1771735854","avg_max_density":0.0093,"run_count":50,"level":"low"}},{"type":"Feature","geometry":{"type":"LineString","coordinates":[[139.5581686,35.3139001],[139.5596053,35.3140455]]},"properties":{"edge_u":"1771735769","edge_v":"2690595129","avg_max_density":0.0111,"run_count":50,"level":"low"}},{"type":"Feature","geometry":{"type":"LineString","coordinates":[[139.5397949,35.3135863],[139.5397256,35.3138616]]},"properties":{"edge_u":"1771735786","edge_v":"2054223975","avg_max_density":0.1237,"run_count":50,"level":"low"}},{"type":"Feature","geometry":{"type":"LineString","coordinates":[[139.5397949,35.3135863],[139.5400406,35.3136247]]},"properties":{"edge_u":"1771735786","edge_v":"2269342304","avg_max_density":0.0703,"run_count":50,"level":"low"}},{"type":"Feature","geometry":{"type":"LineString","coordinates":[[139.5386565,35.3136617],[139.5382452,35.3136689]]},"properties":{"edge_u":"1771735793","edge_v":"4034120628","avg_max_density":0.1121,"run_count":50,"level":"low"}},{"type":"Feature","geometry":{"type":"LineString","coordinates":[[139.5386565,35.3136617],[139.5386671,35.3137087]]},"properties":{"edge_u":"1771735793","edge_v":"4034120633","avg_max_density":0.1364,"run_count":50,"level":"low"}},{"type":"Feature","geometry":{"type":"LineString","coordinates":[[139.5353507,35.3139179],[139.535236,35.3144413]]},"properties":{"edge_u":"1771735816","edge_v":"1771735838","avg_max_density":0.0966,"run_count":50,"level":"low"}},{"type":"Feature","geometry":{"type":"LineString","coordinates":[[139.5353507,35.3139179],[139.5350858,35.313894]]},"properties":{"edge_u":"1771735816","edge_v":"2485943370","avg_max_density":0.0593,"run_count":50,"level":"low"}},{"type":"Feature","geometry":{"type":"LineString","coordinates":[[139.5396234,35.314124],[139.5387766,35.3141039]]},"properties":{"edge_u":"1771735824","edge_v":"279553811","avg_max_density":0.0301,"run_count":50,"level":"low"}},{"type":"Feature","geometry":{"type":"LineString","coordinates":[[139.5396234,35.314124],[139.5396594,35.3141293]]},"properties":{"edge_u":"1771735824","edge_v":"4034120634","avg_max_density":0.1406,"run_count":50,"level":"low"}},{"type":"Feature","geometry":{"type":"LineString","coordinates":[[139.5396234,35.314124],[139.5395552,35.3144786]]},"properties":{"edge_u":"1771735824","edge_v":"5746228811","avg_max_density":0.0313,"run_count":50,"level":"low"}},{"type":"Feature","geometry":{"type":"LineString","coordinates":[[139.5350362,35.3142326],[139.5336649,35.3145316]]},"properties":{"edge_u":"1771735830","edge_v":"1771735844","avg_max_density":0.0587,"run_count":50,"level":"low"}},{"type":"Feature","geometry":{"type":"LineString","coordinates":[[139.5350362,35.3142326],[139.5350858,35.313894]]},"properties":{"edge_u":"1771735830","edge_v":"2485943370","avg_max_density":0.0666,"run_count":50,"level":"low"}},{"type":"Feature","geometry":{"type":"LineString","coordinates":[[139.5350362,35.3142326],[139.5350283,35.3144824]]},"properties":{"edge_u":"1771735830","edge_v":"260752556","avg_max_density":0.0494,"run_count":50,"level":"low"}},{"type":"Feature","geometry":{"type":"LineString","coordinates":[[139.535236,35.3144413],[139.5350283,35.3144824]]},"properties":{"edge_u":"1771735838","edge_v":"260752556","avg_max_density":0.1588,"run_count":50,"level":"low"}},{"type":"Feature","geometry":{"type":"LineString","coordinates":[[139.535236,35.3144413],[139.5354024,35.3150675]]},"properties":{"edge_u":"1771735838","edge_v":"266622220","avg_max_density":0.0934,"run_count":50,"level":"low"}},{"type":"Feature","geometry":{"type":"LineString","coordinates":[[139.5336649,35.3145316],[139.5331266,35.3147986]]},"properties":{"edge_u":"1771735844","edge_v":"1771735879","avg_max_density":0.0258,"run_count":50,"level":"low"}},{"type":"Feature","geometry":{"type":"LineString","coordinates":[[139.5336649,35.3145316],[139.533024,35.3144505]]},"properties":{"edge_u":"1771735844","edge_v":"3046589312","avg_max_density":0.0095,"run_count":50,"level":"low"}},{"type":"Feature","geometry":{"type":"LineString","coordinates":[[139.4951309,35.3106678],[139.4962416,35.3110832]]},"properties":{"edge_u":"1771835758","edge_v":"5275322219","avg_max_density":0.1927,"run_count":50,"level":"low"}},{"type":"Feature","geometry":{"type":"LineString","coordinates":[[139.4964254,35.3111177],[139.4965722,35.3111436]]},"properties":{"edge_u":"1771835777","edge_v":"3045347923","avg_max_density":0.1981,"run_count":50,"level":"low"}},{"type":"Feature","geometry":{"type":"LineString","coordinates":[[139.4964254,35.3111177],[139.4962416,35.3110832]]},"properties":{"edge_u":"1771835777","edge_v":"5275322219","avg_max_density":0.2527,"run_count":50,"level":"low"}},{"type":"Feature","geometry":{"type":"LineString","coordinates":[[139.4964254,35.3111177],[139.4965866,35.3107782]]},"properties":{"edge_u":"1771835777","edge_v":"5275322822","avg_max_density":0.1056,"run_count":50,"level":"low"}},{"type":"Feature","geometry":{"type":"LineString","coordinates":[[139.4972736,35.311126],[139.496949,35.3111188]]},"properties":{"edge_u":"1771835778","edge_v":"3045347922","avg_max_density":0.1776,"run_count":50,"level":"low"}},{"type":"Feature","geometry":{"type":"LineString","coordinates":[[139.4972736,35.311126],[139.4967874,35.3107275]]},"properties":{"edge_u":"1771835778","edge_v":"3382127891","avg_max_density":0.0842,"run_count":50,"level":"low"}},{"type":"Feature","geometry":{"type":"LineString","coordinates":[[139.4972736,35.311126],[139.4976271,35.3113183]]},"properties":{"edge_u":"1771835778","edge_v":"3382128095","avg_max_density":0.0476,"run_count":50,"level":"low"}},{"type":"Feature","geometry":{"type":"LineString","coordinates":[[139.4980158,35.3114885],[139.4978044,35.3117179]]},"properties":{"edge_u":"1771835785","edge_v":"1771835790","avg_max_density":0.1144,"run_count":50,"level":"low"}},{"type":"Feature","geometry":{"type":"LineString","coordinates":[[139.4980158,35.3114885],[139.4976271,35.3113183]]},"properties":{"edge_u":"1771835785","edge_v":"3382128095","avg_max_density":0.0481,"run_count":50,"level":"low"}},{"type":"Feature","geometry":{"type":"LineString","coordinates":[[139.4980158,35.3114885],[139.4980715,35.3115147]]},"properties":{"edge_u":"1771835785","edge_v":"5275322823","avg_max_density":0.1247,"run_count":50,"level":"low"}},{"type":"Feature","geometry":{"type":"LineString","coordinates":[[139.4978044,35.3117179],[139.4973531,35.3121136]]},"properties":{"edge_u":"1771835790","edge_v":"1771835796","avg_max_density":0.0922,"run_count":50,"level":"low"}},{"type":"Feature","geometry":{"type":"LineString","coordinates":[[139.4978044,35.3117179],[139.4976748,35.3117569]]},"properties":{"edge_u":"1771835790","edge_v":"6741508620","avg_max_density":0.1584,"run_count":50,"level":"low"}},{"type":"Feature","geometry":{"type":"LineString","coordinates":[[139.4973531,35.3121136],[139.4973449,35.3118347]]},"properties":{"edge_u":"1771835796","edge_v":"3045347955","avg_max_density":0.0726,"run_count":50,"level":"low"}},{"type":"Feature","geometry":{"type":"LineString","coordinates":[[139.4973531,35.3121136],[139.4972003,35.3122926]]},"properties":{"edge_u":"1771835796","edge_v":"3045347981","avg_max_density":0.1006,"run_count":50,"level":"low"}},{"type":"Feature","geometry":{"type":"LineString","coordinates":[[139.5535341,35.3019013],[139.5538878,35.3020202]]},"properties":{"edge_u":"1771850074","edge_v":"1771850076","avg_max_density":0.0543,"run_count":50,"level":"low"}},{"type":"Feature","geometry":{"type":"LineString","coordinates":[[139.5535341,35.3019013],[139.5532848,35.3023233]]},"properties":{"edge_u":"1771850074","edge_v":"286543672","avg_max_density":0.0947,"run_count":50,"level":"low"}},{"type":"Feature","geometry":{"type":"LineString","coordinates":[[139.5535341,35.3019013],[139.5544772,35.3009531]]},"properties":{"edge_u":"1771850074","edge_v":"6170211696","avg_max_density":0.0124,"run_count":50,"level":"low"}},{"type":"Feature","geometry":{"type":"LineString","coordinates":[[139.5538878,35.3020202],[139.5543268,35.3025285]]},"properties":{"edge_u":"1771850076","edge_v":"1808482442","avg_max_density":0.0819,"run_count":50,"level":"low"}},{"type":"Feature","geometry":{"type":"LineString","coordinates":[[139.5531131,35.3046501],[139.5528113,35.3045048]]},"properties":{"edge_u":"1771850115","edge_v":"2690553364","avg_max_density":0.2003,"run_count":50,"level":"low"}},{"type":"Feature","geometry":{"type":"LineString","coordinates":[[139.5531131,35.3046501],[139.5535823,35.3047804]]},"properties":{"edge_u":"1771850115","edge_v":"2690553387","avg_max_density":0.1446,"run_count":50,"level":"low"}},{"type":"Feature","geometry":{"type":"LineString","coordinates":[[139.5531131,35.3046501],[139.5529172,35.3049535]]},"properties":{"edge_u":"1771850115","edge_v":"6605818901","avg_max_density":0.1214,"run_count":50,"level":"low"}},{"type":"Feature","geometry":{"type":"LineString","coordinates":[[139.5536834,35.3048059],[139.5541448,35.3051563]]},"properties":{"edge_u":"1771850122","edge_v":"1771850128","avg_max_density":0.0951,"run_count":50,"level":"low"}},{"type":"Feature","geometry":{"type":"LineString","coordinates":[[139.5536834,35.3048059],[139.5538711,35.3045669]]},"properties":{"edge_u":"1771850122","edge_v":"2690553373","avg_max_density":0.0401,"run_count":50,"level":"low"}},{"type":"Feature","geometry":{"type":"LineString","coordinates":[[139.5536834,35.3048059],[139.5535823,35.3047804]]},"properties":{"edge_u":"1771850122","edge_v":"2690553387","avg_max_density":0.1557,"run_count":50,"level":"low"}},{"type":"Feature","geometry":{"type":"LineString","coordinates":[[139.5541448,35.3051563],[139.5542528,35.3052821]]},"properties":{"edge_u":"1771850128","edge_v":"1771850130","avg_max_density":0.1388,"run_count":50,"level":"low"}},{"type":"Feature","geometry":{"type":"LineString","coordinates":[[139.5541448,35.3051563],[139.5539262,35.305314]]},"properties":{"edge_u":"1771850128","edge_v":"6670527448","avg_max_density":0.0322,"run_count":50,"level":"low"}},{"type":"Feature","geometry":{"type":"LineString","coordinates":[[139.5542528,35.3052821],[139.5540811,35.3053928]]},"properties":{"edge_u":"1771850130","edge_v":"6670527451","avg_max_density":0.0388,"run_count":50,"level":"low"}},{"type":"Feature","geometry":{"type":"LineString","coordinates":[[139.5542528,35.3052821],[139.5543882,35.3054202]]},"properties":{"edge_u":"1771850130","edge_v":"6670527458","avg_max_density":0.118,"run_count":50,"level":"low"}},{"type":"Feature","geometry":{"type":"LineString","coordinates":[[139.5544218,35.3054872],[139.5547539,35.3057104]]},"properties":{"edge_u":"1771850131","edge_v":"5692253017","avg_max_density":0.0481,"run_count":50,"level":"low"}},{"type":"Feature","geometry":{"type":"LineString","coordinates":[[139.5544218,35.3054872],[139.5541832,35.3056563]]},"properties":{"edge_u":"1771850131","edge_v":"6670494409","avg_max_density":0.041,"run_count":50,"level":"low"}},{"type":"Feature","geometry":{"type":"LineString","coordinates":[[139.5544218,35.3054872],[139.5543882,35.3054202]]},"properties":{"edge_u":"1771850131","edge_v":"6670527458","avg_max_density":0.1522,"run_count":50,"level":"low"}},{"type":"Feature","geometry":{"type":"LineString","coordinates":[[139.5522381,35.3057633],[139.5525665,35.3059352]]},"properties":{"edge_u":"1771850155","edge_v":"1771850160","avg_max_density":0.0782,"run_count":50,"level":"low"}},{"type":"Feature","geometry":{"type":"LineString","coordinates":[[139.5522381,35.3057633],[139.5521007,35.3056912]]},"properties":{"edge_u":"1771850155","edge_v":"266752449","avg_max_density":0.141,"run_count":50,"level":"low"}},{"type":"Feature","geometry":{"type":"LineString","coordinates":[[139.5522381,35.3057633],[139.5523766,35.3055816]]},"properties":{"edge_u":"1771850155","edge_v":"6605818925","avg_max_density":0.179,"run_count":50,"level":"low"}},{"type":"Feature","geometry":{"type":"LineString","coordinates":[[139.5525665,35.3059352],[139.5527113,35.3057018]]},"properties":{"edge_u":"1771850160","edge_v":"1808477930","avg_max_density":0.0681,"run_count":50,"level":"low"}},{"type":"Feature","geometry":{"type":"LineString","coordinates":[[139.5525665,35.3059352],[139.5528013,35.3060833]]},"properties":{"edge_u":"1771850160","edge_v":"6605818893","avg_max_density":0.0445,"run_count":50,"level":"low"}},{"type":"Feature","geometry":{"type":"LineString","coordinates":[[139.5539069,35.3059103],[139.5534346,35.3056214]]},"properties":{"edge_u":"1771850162","edge_v":"2690553357","avg_max_density":0.0752,"run_count":50,"level":"low"}},{"type":"Feature","geometry":{"type":"LineString","coordinates":[[139.5539069,35.3059103],[139.5541832,35.3056563]]},"properties":{"edge_u":"1771850162","edge_v":"6670494409","avg_max_density":0.0571,"run_count":50,"level":"low"}},{"type":"Feature","geometry":{"type":"LineString","coordinates":[[139.5539069,35.3059103],[139.5542365,35.3059924]]},"properties":{"edge_u":"1771850162","edge_v":"6670527241","avg_max_density":0.1038,"run_count":50,"level":"low"}},{"type":"Feature","geometry":{"type":"LineString","coordinates":[[139.5539069,35.3059103],[139.5537718,35.3060727]]},"properties":{"edge_u":"1771850162","edge_v":"6670527447","avg_max_density":0.0999,"run_count":50,"level":"low"}},{"type":"Feature","geometry":{"type":"LineString","coordinates":[[139.5091409,35.3059713],[139.5080116,35.3059721]]},"properties":{"edge_u":"1771850163","edge_v":"288792844","avg_max_density":0.0414,"run_count":50,"level":"low"}},{"type":"Feature","geometry":{"type":"LineString","coordinates":[[139.5091409,35.3059713],[139.5092155,35.3061466]]},"properties":{"edge_u":"1771850163","edge_v":"3382120025","avg_max_density":0.1468,"run_count":50,"level":"low"}},{"type":"Feature","geometry":{"type":"LineString","coordinates":[[139.5091409,35.3059713],[139.5094474,35.3060032]]},"properties":{"edge_u":"1771850163","edge_v":"6612810767","avg_max_density":0.0555,"run_count":50,"level":"low"}},{"type":"Feature","geometry":{"type":"LineString","coordinates":[[139.5320613,35.3060471],[139.5325232,35.3068537]]},"properties":{"edge_u":"1771850169","edge_v":"1771850245","avg_max_density":0.0911,"run_count":50,"level":"low"}},{"type":"Feature","geometry":{"type":"LineString","coordinates":[[139.5551457,35.3063154],[139.5551431,35.3067231]]},"properties":{"edge_u":"1771850178","edge_v":"2481909308","avg_max_density":0.0211,"run_count":50,"level":"low"}},{"type":"Feature","geometry":{"type":"LineString","coordinates":[[139.5551457,35.3063154],[139.5545571,35.3060793]]},"properties":{"edge_u":"1771850178","edge_v":"6670527240","avg_max_density":0.0738,"run_count":50,"level":"low"}},{"type":"Feature","geometry":{"type":"LineString","coordinates":[[139.5551457,35.3063154],[139.5554917,35.3063118]]},"properties":{"edge_u":"1771850178","edge_v":"6670527469","avg_max_density":0.1057,"run_count":50,"level":"low"}},{"type":"Feature","geometry":{"type":"LineString","coordinates":[[139.5530097,35.3062221],[139.5530756,35.3062173]]},"properties":{"edge_u":"1771850179","edge_v":"6605818889","avg_max_density":0.1341,"run_count":50,"level":"low"}},{"type":"Feature","geometry":{"type":"LineString","coordinates":[[139.5530097,35.3062221],[139.5530381,35.3063673]]},"properties":{"edge_u":"1771850179","edge_v":"6606806866","avg_max_density":0.1853,"run_count":50,"level":"low"}},{"type":"Feature","geometry":{"type":"LineString","coordinates":[[139.5530097,35.3062221],[139.5529498,35.3061821]]},"properties":{"edge_u":"1771850179","edge_v":"6606806868","avg_max_density":0.277,"run_count":50,"level":"low"}},{"type":"Feature","geometry":{"type":"LineString","coordinates":[[139.5533119,35.3062183],[139.5535686,35.306317]]},"properties":{"edge_u":"1771850180","edge_v":"1771850185","avg_max_density":0.0794,"run_count":50,"level":"low"}},{"type":"Feature","geometry":{"type":"LineString","coordinates":[[139.5533119,35.3062183],[139.5533942,35.306068]]},"properties":{"edge_u":"1771850180","edge_v":"3292732257","avg_max_density":0.0738,"run_count":50,"level":"low"}},{"type":"Feature","geometry":{"type":"LineString","coordinates":[[139.5533119,35.3062183],[139.5530756,35.3062173]]},"properties":{"edge_u":"1771850180","edge_v":"6605818889","avg_max_density":0.0826,"run_count":50,"level":"low"}},{"type":"Feature","geometry":{"type":"LineString","coordinates":[[139.5501415,35.3063059],[139.5500759,35.3065043]]},"properties":{"edge_u":"1771850182","edge_v":"2481909263","avg_max_density":0.3676,"run_count":50,"level":"low"}},{"type":"Feature","geometry":{"type":"LineString","coordinates":[[139.5501415,35.3063059],[139.5502045,35.3063561]]},"properties":{"edge_u":"1771850182","edge_v":"3620996903","avg_max_density":0.383,"run_count":50,"level":"low"}},{"type":"Feature","geometry":{"type":"LineString","coordinates":[[139.5535686,35.306317],[139.5531434,35.3072489]]},"properties":{"edge_u":"1771850185","edge_v":"1771850276","avg_max_density":0.0607,"run_count":50,"level":"low"}},{"type":"Feature","geometry":{"type":"LineString","coordinates":[[139.5535686,35.306317],[139.5537718,35.3060727]]},"properties":{"edge_u":"1771850185","edge_v":"6670527447","avg_max_density":0.0809,"run_count":50,"level":"low"}},{"type":"Feature","geometry":{"type":"LineString","coordinates":[[139.5559804,35.30639],[139.5556834,35.306376]]},"properties":{"edge_u":"1771850195","edge_v":"3901448572","avg_max_density":0.0119,"run_count":45,"level":"low"}},{"type":"Feature","geometry":{"type":"LineString","coordinates":[[139.5500879,35.3068268],[139.550162,35.306824]]},"properties":{"edge_u":"1771850241","edge_v":"2481909307","avg_max_density":0.2199,"run_count":50,"level":"low"}},{"type":"Feature","geometry":{"type":"LineString","coordinates":[[139.5500879,35.3068268],[139.5495945,35.3068004]]},"properties":{"edge_u":"1771850241","edge_v":"4027310729","avg_max_density":0.0737,"run_count":50,"level":"low"}},{"type":"Feature","geometry":{"type":"LineString","coordinates":[[139.5500879,35.3068268],[139.5499311,35.307388]]},"properties":{"edge_u":"1771850241","edge_v":"6612552411","avg_max_density":0.1257,"run_count":50,"level":"low"}},{"type":"Feature","geometry":{"type":"LineString","coordinates":[[139.5325232,35.3068537],[139.5325778,35.3081541]]},"properties":{"edge_u":"1771850245","edge_v":"1771850335","avg_max_density":0.0457,"run_count":50,"level":"low"}},{"type":"Feature","geometry":{"type":"LineString","coordinates":[[139.5325232,35.3068537],[139.5331005,35.3066318]]},"properties":{"edge_u":"1771850245","edge_v":"3937309160","avg_max_density":0.0248,"run_count":50,"level":"low"}},{"type":"Feature","geometry":{"type":"LineString","coordinates":[[139.5325232,35.3068537],[139.5330456,35.3077713]]},"properties":{"edge_u":"1771850245","edge_v":"6632593662","avg_max_density":0.0458,"run_count":50,"level":"low"}},{"type":"Feature","geometry":{"type":"LineString","coordinates":[[139.5271327,35.3069919],[139.5269609,35.3075053]]},"properties":{"edge_u":"1771850254","edge_v":"1771850294","avg_max_density":0.0097,"run_count":50,"level":"low"}},{"type":"Feature","geometry":{"type":"LineString","coordinates":[[139.5271327,35.3069919],[139.5273901,35.30609]]},"properties":{"edge_u":"1771850254","edge_v":"6612700360","avg_max_density":0.0129,"run_count":50,"level":"low"}},{"type":"Feature","geometry":{"type":"LineString","coordinates":[[139.5271327,35.3069919],[139.5271969,35.3070946]]},"properties":{"edge_u":"1771850254","edge_v":"723776345","avg_max_density":0.0948,"run_count":50,"level":"low"}},{"type":"Feature","geometry":{"type":"LineString","coordinates":[[139.5271327,35.3069919],[139.526578,35.3064239]]},"properties":{"edge_u":"1771850254","edge_v":"723776366","avg_max_density":0.0683,"run_count":50,"level":"low"}},{"type":"Feature","geometry":{"type":"LineString","coordinates":[[139.5531434,35.3072489],[139.5530182,35.3065055]]},"properties":{"edge_u":"1771850276","edge_v":"1808477936","avg_max_density":0.0985,"run_count":50,"level":"low"}},{"type":"Feature","geometry":{"type":"LineString","coordinates":[[139.5531434,35.3072489],[139.5528185,35.3074292]]},"properties":{"edge_u":"1771850276","edge_v":"266748083","avg_max_density":0.1125,"run_count":50,"level":"low"}},{"type":"Feature","geometry":{"type":"LineString","coordinates":[[139.5488198,35.3076853],[139.5489118,35.3080127]]},"properties":{"edge_u":"1771850312","edge_v":"1771850322","avg_max_density":0.0861,"run_count":50,"level":"low"}},{"type":"Feature","geometry":{"type":"LineString","coordinates":[[139.5488198,35.3076853],[139.5480493,35.3074121]]},"properties":{"edge_u":"1771850312","edge_v":"3620996918","avg_max_density":0.0346,"run_count":50,"level":"low"}},{"type":"Feature","geometry":{"type":"LineString","coordinates":[[139.5488198,35.3076853],[139.5486914,35.3074931]]},"properties":{"edge_u":"1771850312","edge_v":"5692253005","avg_max_density":0.124,"run_count":50,"level":"low"}},{"type":"Feature","geometry":{"type":"LineString","coordinates":[[139.5276435,35.307918],[139.5271969,35.3070946]]},"properties":{"edge_u":"1771850314","edge_v":"723776345","avg_max_density":0.0062,"run_count":49,"level":"low"}},{"type":"Feature","geometry":{"type":"LineString","coordinates":[[139.5489118,35.3080127],[139.548946,35.3082147]]},"properties":{"edge_u":"1771850322","edge_v":"1771850337","avg_max_density":0.1098,"run_count":50,"level":"low"}},{"type":"Feature","geometry":{"type":"LineString","coordinates":[[139.5489118,35.3080127],[139.549221,35.3079441]]},"properties":{"edge_u":"1771850322","edge_v":"2481902446","avg_max_density":0.0614,"run_count":50,"level":"low"}},{"type":"Feature","geometry":{"type":"LineString","coordinates":[[139.5331881,35.3080343],[139.532867,35.3083648]]},"properties":{"edge_u":"1771850327","edge_v":"1771850345","avg_max_density":0.0757,"run_count":50,"level":"low"}},{"type":"Feature","geometry":{"type":"LineString","coordinates":[[139.5331881,35.3080343],[139.5335829,35.308029]]},"properties":{"edge_u":"1771850327","edge_v":"3937309212","avg_max_density":0.1024,"run_count":50,"level":"low"}},{"type":"Feature","geometry":{"type":"LineString","coordinates":[[139.5331881,35.3080343],[139.5330456,35.3077713]]},"properties":{"edge_u":"1771850327","edge_v":"6632593662","avg_max_density":0.0453,"run_count":50,"level":"low"}},{"type":"Feature","geometry":{"type":"LineString","coordinates":[[139.549796,35.3080353],[139.5493768,35.3078988]]},"properties":{"edge_u":"1771850328","edge_v":"2481902475","avg_max_density":0.1605,"run_count":50,"level":"low"}},{"type":"Feature","geometry":{"type":"LineString","coordinates":[[139.549796,35.3080353],[139.5498564,35.308173]]},"properties":{"edge_u":"1771850328","edge_v":"6612551688","avg_max_density":0.2078,"run_count":50,"level":"low"}},{"type":"Feature","geometry":{"type":"LineString","coordinates":[[139.549796,35.3080353],[139.5499311,35.307388]]},"properties":{"edge_u":"1771850328","edge_v":"6612552411","avg_max_density":0.1224,"run_count":50,"level":"low"}},{"type":"Feature","geometry":{"type":"LineString","coordinates":[[139.5325778,35.3081541],[139.532867,35.3083648]]},"properties":{"edge_u":"1771850335","edge_v":"1771850345","avg_max_density":0.041,"run_count":50,"level":"low"}},{"type":"Feature","geometry":{"type":"LineString","coordinates":[[139.548946,35.3082147],[139.5483677,35.3085308]]},"properties":{"edge_u":"1771850337","edge_v":"1771850352","avg_max_density":0.133,"run_count":50,"level":"low"}},{"type":"Feature","geometry":{"type":"LineString","coordinates":[[139.548946,35.3082147],[139.5489927,35.3083094]]},"properties":{"edge_u":"1771850337","edge_v":"2481902449","avg_max_density":0.148,"run_count":50,"level":"low"}},{"type":"Feature","geometry":{"type":"LineString","coordinates":[[139.551129,35.3081883],[139.5504183,35.3087607]]},"properties":{"edge_u":"1771850339","edge_v":"1771850382","avg_max_density":0.2708,"run_count":50,"level":"low"}},{"type":"Feature","geometry":{"type":"LineString","coordinates":[[139.551129,35.3081883],[139.5510978,35.3079771]]},"properties":{"edge_u":"1771850339","edge_v":"279689966","avg_max_density":0.2008,"run_count":50,"level":"low"}},{"type":"Feature","geometry":{"type":"LineString","coordinates":[[139.551129,35.3081883],[139.5511328,35.3082348]]},"properties":{"edge_u":"1771850339","edge_v":"6618030471","avg_max_density":0.2123,"run_count":50,"level":"low"}},{"type":"Feature","geometry":{"type":"LineString","coordinates":[[139.532867,35.3083648],[139.5329802,35.3084539]]},"properties":{"edge_u":"1771850345","edge_v":"6632593664","avg_max_density":0.0736,"run_count":50,"level":"low"}},{"type":"Feature","geometry":{"type":"LineString","coordinates":[[139.5483677,35.3085308],[139.5482904,35.308332]]},"properties":{"edge_u":"1771850352","edge_v":"3381151299","avg_max_density":0.3766,"run_count":50,"level":"low"}},{"type":"Feature","geometry":{"type":"LineString","coordinates":[[139.5483677,35.3085308],[139.5481395,35.3088546]]},"properties":{"edge_u":"1771850352","edge_v":"3381151306","avg_max_density":0.3572,"run_count":50,"level":"low"}},{"type":"Feature","geometry":{"type":"LineString","coordinates":[[139.5502952,35.3085379],[139.5504183,35.3087607]]},"properties":{"edge_u":"1771850356","edge_v":"1771850382","avg_max_density":0.0947,"run_count":50,"level":"low"}},{"type":"Feature","geometry":{"type":"LineString","coordinates":[[139.5502952,35.3085379],[139.5501276,35.3086494]]},"properties":{"edge_u":"1771850356","edge_v":"2057705894","avg_max_density":0.1814,"run_count":50,"level":"low"}},{"type":"Feature","geometry":{"type":"LineString","coordinates":[[139.5502952,35.3085379],[139.5504867,35.3084041]]},"properties":{"edge_u":"1771850356","edge_v":"6612551470","avg_max_density":0.1738,"run_count":50,"level":"low"}},{"type":"Feature","geometry":{"type":"LineString","coordinates":[[139.533158,35.3085938],[139.5332689,35.3086481]]},"properties":{"edge_u":"1771850360","edge_v":"1771850367","avg_max_density":0.0912,"run_count":50,"level":"low"}},{"type":"Feature","geometry":{"type":"LineString","coordinates":[[139.533158,35.3085938],[139.5327088,35.3090431]]},"properties":{"edge_u":"1771850360","edge_v":"1798210173","avg_max_density":0.0516,"run_count":50,"level":"low"}},{"type":"Feature","geometry":{"type":"LineString","coordinates":[[139.533158,35.3085938],[139.5329802,35.3084539]]},"properties":{"edge_u":"1771850360","edge_v":"6632593664","avg_max_density":0.0397,"run_count":50,"level":"low"}},{"type":"Feature","geometry":{"type":"LineString","coordinates":[[139.5332689,35.3086481],[139.5338301,35.3088848]]},"properties":{"edge_u":"1771850367","edge_v":"1771850390","avg_max_density":0.0705,"run_count":50,"level":"low"}},{"type":"Feature","geometry":{"type":"LineString","coordinates":[[139.5332689,35.3086481],[139.533008,35.3091735]]},"properties":{"edge_u":"1771850367","edge_v":"1798210220","avg_max_density":0.0655,"run_count":50,"level":"low"}},{"type":"Feature","geometry":{"type":"LineString","coordinates":[[139.5477977,35.3087303],[139.5480697,35.3089478]]},"properties":{"edge_u":"1771850368","edge_v":"1771850402","avg_max_density":0.3306,"run_count":50,"level":"low"}},{"type":"Feature","geometry":{"type":"LineString","coordinates":[[139.5477977,35.3087303],[139.5482904,35.308332]]},"properties":{"edge_u":"1771850368","edge_v":"3381151299","avg_max_density":0.3931,"run_count":50,"level":"low"}},{"type":"Feature","geometry":{"type":"LineString","coordinates":[[139.5477977,35.3087303],[139.5473521,35.3084042]]},"properties":{"edge_u":"1771850368","edge_v":"3381151300","avg_max_density":0.3301,"run_count":50,"level":"low"}},{"type":"Feature","geometry":{"type":"LineString","coordinates":[[139.5511258,35.3086553],[139.5510604,35.3087954]]},"properties":{"edge_u":"1771850377","edge_v":"1771850386","avg_max_density":0.0888,"run_count":50,"level":"low"}},{"type":"Feature","geometry":{"type":"LineString","coordinates":[[139.5511258,35.3086553],[139.5511328,35.3082348]]},"properties":{"edge_u":"1771850377","edge_v":"6618030471","avg_max_density":0.0954,"run_count":50,"level":"low"}},{"type":"Feature","geometry":{"type":"LineString","coordinates":[[139.5511258,35.3086553],[139.5513174,35.3086769]]},"properties":{"edge_u":"1771850377","edge_v":"6618030473","avg_max_density":0.0718,"run_count":50,"level":"low"}},{"type":"Feature","geometry":{"type":"LineString","coordinates":[[139.5504183,35.3087607],[139.5504411,35.308922]]},"properties":{"edge_u":"1771850382","edge_v":"1771850406","avg_max_density":0.1538,"run_count":50,"level":"low"}},{"type":"Feature","geometry":{"type":"LineString","coordinates":[[139.5510604,35.3087954],[139.5510215,35.308941]]},"properties":{"edge_u":"1771850386","edge_v":"6618030417","avg_max_density":0.0961,"run_count":50,"level":"low"}},{"type":"Feature","geometry":{"type":"LineString","coordinates":[[139.5510604,35.3087954],[139.5512822,35.3088167]]},"properties":{"edge_u":"1771850386","edge_v":"6618030474","avg_max_density":0.0432,"run_count":50,"level":"low"}},{"type":"Feature","geometry":{"type":"LineString","coordinates":[[139.5338301,35.3088848],[139.5333575,35.3092881]]},"properties":{"edge_u":"1771850390","edge_v":"1798210155","avg_max_density":0.0572,"run_count":50,"level":"low"}},{"type":"Feature","geometry":{"type":"LineString","coordinates":[[139.5338301,35.3088848],[139.5338513,35.3088263]]},"properties":{"edge_u":"1771850390","edge_v":"3937309252","avg_max_density":0.1865,"run_count":50,"level":"low"}},{"type":"Feature","geometry":{"type":"LineString","coordinates":[[139.553991,35.3088636],[139.554035,35.3089068]]},"properties":{"edge_u":"1771850400","edge_v":"1808521152","avg_max_density":0.1257,"run_count":50,"level":"low"}},{"type":"Feature","geometry":{"type":"LineString","coordinates":[[139.553991,35.3088636],[139.5537824,35.3085905]]},"properties":{"edge_u":"1771850400","edge_v":"2481909297","avg_max_density":0.0523,"run_count":50,"level":"low"}},{"type":"Feature","geometry":{"type":"LineString","coordinates":[[139.553991,35.3088636],[139.5528995,35.3091366]]},"properties":{"edge_u":"1771850400","edge_v":"266746271","avg_max_density":0.0862,"run_count":50,"level":"low"}},{"type":"Feature","geometry":{"type":"LineString","coordinates":[[139.5480697,35.3089478],[139.5477943,35.3091777]]},"properties":{"edge_u":"1771850402","edge_v":"1771850427","avg_max_density":0.2569,"run_count":50,"level":"low"}},{"type":"Feature","geometry":{"type":"LineString","coordinates":[[139.5480697,35.3089478],[139.5481395,35.3088546]]},"properties":{"edge_u":"1771850402","edge_v":"3381151306","avg_max_density":0.3446,"run_count":50,"level":"low"}},{"type":"Feature","geometry":{"type":"LineString","coordinates":[[139.5504411,35.308922],[139.5507414,35.3091877]]},"properties":{"edge_u":"1771850406","edge_v":"1771850420","avg_max_density":0.1341,"run_count":50,"level":"low"}},{"type":"Feature","geometry":{"type":"LineString","coordinates":[[139.5504411,35.308922],[139.5495068,35.3092564]]},"properties":{"edge_u":"1771850406","edge_v":"1797828663","avg_max_density":0.1642,"run_count":50,"level":"low"}},{"type":"Feature","geometry":{"type":"LineString","coordinates":[[139.5507414,35.3091877],[139.5510177,35.3091741]]},"properties":{"edge_u":"1771850420","edge_v":"1771850423","avg_max_density":0.1395,"run_count":50,"level":"low"}},{"type":"Feature","geometry":{"type":"LineString","coordinates":[[139.5507414,35.3091877],[139.5500923,35.3096643]]},"properties":{"edge_u":"1771850420","edge_v":"1797828670","avg_max_density":0.0411,"run_count":50,"level":"low"}},{"type":"Feature","geometry":{"type":"LineString","coordinates":[[139.5510177,35.3091741],[139.5510558,35.3091847]]},"properties":{"edge_u":"1771850423","edge_v":"4519778562","avg_max_density":0.182,"run_count":50,"level":"low"}},{"type":"Feature","geometry":{"type":"LineString","coordinates":[[139.5510177,35.3091741],[139.5510215,35.308941]]},"properties":{"edge_u":"1771850423","edge_v":"6618030417","avg_max_density":0.1216,"run_count":50,"level":"low"}},{"type":"Feature","geometry":{"type":"LineString","coordinates":[[139.5477943,35.3091777],[139.54788,35.3092616]]},"properties":{"edge_u":"1771850427","edge_v":"1771850439","avg_max_density":0.6776,"run_count":50,"level":"medium"}},{"type":"Feature","geometry":{"type":"LineString","coordinates":[[139.5477943,35.3091777],[139.5470785,35.3086435]]},"properties":{"edge_u":"1771850427","edge_v":"3381151304","avg_max_density":0.8521,"run_count":50,"level":"medium"}},{"type":"Feature","geometry":{"type":"LineString","coordinates":[[139.54788,35.3092616],[139.5475744,35.3094862]]},"properties":{"edge_u":"1771850439","edge_v":"1771850463","avg_max_density":0.1338,"run_count":50,"level":"low"}},{"type":"Feature","geometry":{"type":"LineString","coordinates":[[139.54788,35.3092616],[139.5481113,35.3094953]]},"properties":{"edge_u":"1771850439","edge_v":"6611236660","avg_max_density":0.5862,"run_count":50,"level":"medium"}},{"type":"Feature","geometry":{"type":"LineString","coordinates":[[139.5512424,35.3092621],[139.5514951,35.309315]]},"properties":{"edge_u":"1771850442","edge_v":"1771850444","avg_max_density":0.06,"run_count":50,"level":"low"}},{"type":"Feature","geometry":{"type":"LineString","coordinates":[[139.5512424,35.3092621],[139.5514049,35.3096812]]},"properties":{"edge_u":"1771850442","edge_v":"2481902440","avg_max_density":0.051,"run_count":50,"level":"low"}},{"type":"Feature","geometry":{"type":"LineString","coordinates":[[139.5512424,35.3092621],[139.5512013,35.3092451]]},"properties":{"edge_u":"1771850442","edge_v":"6618030414","avg_max_density":0.1483,"run_count":50,"level":"low"}},{"type":"Feature","geometry":{"type":"LineString","coordinates":[[139.554274,35.3093328],[139.5544371,35.3095791]]},"properties":{"edge_u":"1771850443","edge_v":"1808521149","avg_max_density":0.0665,"run_count":50,"level":"low"}},{"type":"Feature","geometry":{"type":"LineString","coordinates":[[139.554274,35.3093328],[139.5536588,35.3099304]]},"properties":{"edge_u":"1771850443","edge_v":"2481909265","avg_max_density":0.1496,"run_count":50,"level":"low"}},{"type":"Feature","geometry":{"type":"LineString","coordinates":[[139.554274,35.3093328],[139.5541841,35.3091726]]},"properties":{"edge_u":"1771850443","edge_v":"6632607466","avg_max_density":0.1057,"run_count":50,"level":"low"}},{"type":"Feature","geometry":{"type":"LineString","coordinates":[[139.5514951,35.309315],[139.5518101,35.3089218]]},"properties":{"edge_u":"1771850444","edge_v":"2481902424","avg_max_density":0.151,"run_count":50,"level":"low"}},{"type":"Feature","geometry":{"type":"LineString","coordinates":[[139.5514951,35.309315],[139.5518853,35.309304]]},"properties":{"edge_u":"1771850444","edge_v":"2481902439","avg_max_density":0.0482,"run_count":50,"level":"low"}},{"type":"Feature","geometry":{"type":"LineString","coordinates":[[139.5521776,35.3092465],[139.5528995,35.3091366]]},"properties":{"edge_u":"1771850445","edge_v":"266746271","avg_max_density":0.0902,"run_count":50,"level":"low"}},{"type":"Feature","geometry":{"type":"LineString","coordinates":[[139.5521776,35.3092465],[139.5523622,35.3096493]]},"properties":{"edge_u":"1771850445","edge_v":"2690546671","avg_max_density":0.1258,"run_count":50,"level":"low"}},{"type":"Feature","geometry":{"type":"LineString","coordinates":[[139.5521776,35.3092465],[139.5519957,35.3092858]]},"properties":{"edge_u":"1771850445","edge_v":"6636848195","avg_max_density":0.1704,"run_count":50,"level":"low"}},{"type":"Feature","geometry":{"type":"LineString","coordinates":[[139.5116556,35.3093179],[139.5112348,35.3095773]]},"properties":{"edge_u":"1771850449","edge_v":"3381388856","avg_max_density":0.0186,"run_count":50,"level":"low"}},{"type":"Feature","geometry":{"type":"LineString","coordinates":[[139.5116556,35.3093179],[139.5114406,35.3080955]]},"properties":{"edge_u":"1771850449","edge_v":"6636588538","avg_max_density":0.0614,"run_count":50,"level":"low"}},{"type":"Feature","geometry":{"type":"LineString","coordinates":[[139.5116556,35.3093179],[139.5118724,35.3099184]]},"properties":{"edge_u":"1771850449","edge_v":"677435593","avg_max_density":0.0483,"run_count":50,"level":"low"}},{"type":"Feature","geometry":{"type":"LineString","coordinates":[[139.5475744,35.3094862],[139.5474116,35.3096111]]},"properties":{"edge_u":"1771850463","edge_v":"3381151320","avg_max_density":0.1118,"run_count":50,"level":"low"}},{"type":"Feature","geometry":{"type":"LineString","coordinates":[[139.5475744,35.3094862],[139.547566,35.3098447]]},"properties":{"edge_u":"1771850463","edge_v":"3381151323","avg_max_density":0.1123,"run_count":50,"level":"low"}},{"type":"Feature","geometry":{"type":"LineString","coordinates":[[139.5475744,35.3094862],[139.5471306,35.3091594]]},"properties":{"edge_u":"1771850463","edge_v":"6620482133","avg_max_density":0.0644,"run_count":50,"level":"low"}},{"type":"Feature","geometry":{"type":"LineString","coordinates":[[139.5343419,35.3095807],[139.5340952,35.3099305]]},"properties":{"edge_u":"1771850477","edge_v":"1798210354","avg_max_density":0.2167,"run_count":50,"level":"low"}},{"type":"Feature","geometry":{"type":"LineString","coordinates":[[139.5343419,35.3095807],[139.5346187,35.3091688]]},"properties":{"edge_u":"1771850477","edge_v":"3937309256","avg_max_density":0.2374,"run_count":50,"level":"low"}},{"type":"Feature","geometry":{"type":"LineString","coordinates":[[139.5343419,35.3095807],[139.5338808,35.3094659]]},"properties":{"edge_u":"1771850477","edge_v":"4210089952","avg_max_density":0.2355,"run_count":50,"level":"low"}},{"type":"Feature","geometry":{"type":"LineString","coordinates":[[139.5471148,35.3098232],[139.5474116,35.3096111]]},"properties":{"edge_u":"1771850488","edge_v":"3381151320","avg_max_density":0.0732,"run_count":50,"level":"low"}},{"type":"Feature","geometry":{"type":"LineString","coordinates":[[139.5484344,35.3098469],[139.547944,35.3101962]]},"properties":{"edge_u":"1771850489","edge_v":"3381151329","avg_max_density":0.1812,"run_count":50,"level":"low"}},{"type":"Feature","geometry":{"type":"LineString","coordinates":[[139.5484344,35.3098469],[139.5481113,35.3094953]]},"properties":{"edge_u":"1771850489","edge_v":"6611236660","avg_max_density":0.5522,"run_count":50,"level":"medium"}},{"type":"Feature","geometry":{"type":"LineString","coordinates":[[139.5484344,35.3098469],[139.5485582,35.3097648]]},"properties":{"edge_u":"1771850489","edge_v":"6620482141","avg_max_density":0.7769,"run_count":50,"level":"medium"}},{"type":"Feature","geometry":{"type":"LineString","coordinates":[[139.5539381,35.3111436],[139.5540723,35.3111751]]},"properties":{"edge_u":"1771850526","edge_v":"2481906469","avg_max_density":0.1807,"run_count":50,"level":"low"}},{"type":"Feature","geometry":{"type":"LineString","coordinates":[[139.5539381,35.3111436],[139.5543438,35.311046]]},"properties":{"edge_u":"1771850526","edge_v":"2481906477","avg_max_density":0.2161,"run_count":50,"level":"low"}},{"type":"Feature","geometry":{"type":"LineString","coordinates":[[139.5539381,35.3111436],[139.553095,35.3111936]]},"properties":{"edge_u":"1771850526","edge_v":"266743557","avg_max_density":0.2228,"run_count":50,"level":"low"}},{"type":"Feature","geometry":{"type":"LineString","coordinates":[[139.5544251,35.3111546],[139.5545347,35.311276]]},"properties":{"edge_u":"1771850532","edge_v":"1771850540","avg_max_density":0.1177,"run_count":50,"level":"low"}},{"type":"Feature","geometry":{"type":"LineString","coordinates":[[139.5544251,35.3111546],[139.5540723,35.3111751]]},"properties":{"edge_u":"1771850532","edge_v":"2481906469","avg_max_density":0.139,"run_count":50,"level":"low"}},{"type":"Feature","geometry":{"type":"LineString","coordinates":[[139.5544251,35.3111546],[139.5548644,35.3109216]]},"properties":{"edge_u":"1771850532","edge_v":"2481906470","avg_max_density":0.06,"run_count":50,"level":"low"}},{"type":"Feature","geometry":{"type":"LineString","coordinates":[[139.5545347,35.311276],[139.5546903,35.3114984]]},"properties":{"edge_u":"1771850540","edge_v":"1771850550","avg_max_density":0.0721,"run_count":50,"level":"low"}},{"type":"Feature","geometry":{"type":"LineString","coordinates":[[139.5545347,35.311276],[139.5549681,35.3110655]]},"properties":{"edge_u":"1771850540","edge_v":"3292732372","avg_max_density":0.0978,"run_count":50,"level":"low"}},{"type":"Feature","geometry":{"type":"LineString","coordinates":[[139.5574348,35.3113748],[139.5567851,35.3124362]]},"properties":{"edge_u":"1771850541","edge_v":"2789669129","avg_max_density":0.0551,"run_count":50,"level":"low"}},{"type":"Feature","geometry":{"type":"LineString","coordinates":[[139.5573493,35.3113686],[139.5570592,35.3114502]]},"properties":{"edge_u":"1771850546","edge_v":"3292732382","avg_max_density":0.1654,"run_count":50,"level":"low"}},{"type":"Feature","geometry":{"type":"LineString","coordinates":[[139.5546903,35.3114984],[139.554859,35.3116177]]},"properties":{"edge_u":"1771850550","edge_v":"1771850561","avg_max_density":0.0886,"run_count":50,"level":"low"}},{"type":"Feature","geometry":{"type":"LineString","coordinates":[[139.5546903,35.3114984],[139.555462,35.3107681]]},"properties":{"edge_u":"1771850550","edge_v":"2690546685","avg_max_density":0.141,"run_count":50,"level":"low"}},{"type":"Feature","geometry":{"type":"LineString","coordinates":[[139.554859,35.3116177],[139.5533152,35.3126632]]},"properties":{"edge_u":"1771850561","edge_v":"286527298","avg_max_density":0.1454,"run_count":50,"level":"low"}},{"type":"Feature","geometry":{"type":"LineString","coordinates":[[139.554859,35.3116177],[139.5550656,35.3117916]]},"properties":{"edge_u":"1771850561","edge_v":"6609196598","avg_max_density":0.1753,"run_count":50,"level":"low"}},{"type":"Feature","geometry":{"type":"LineString","coordinates":[[139.554859,35.3116177],[139.5553262,35.3113843]]},"properties":{"edge_u":"1771850561","edge_v":"6630214022","avg_max_density":0.0457,"run_count":50,"level":"low"}},{"type":"Feature","geometry":{"type":"LineString","coordinates":[[139.5562084,35.3118068],[139.5561765,35.3118311]]},"properties":{"edge_u":"1771850576","edge_v":"2789669177","avg_max_density":0.1692,"run_count":50,"level":"low"}},{"type":"Feature","geometry":{"type":"LineString","coordinates":[[139.5562084,35.3118068],[139.5566424,35.3115829]]},"properties":{"edge_u":"1771850576","edge_v":"6609242899","avg_max_density":0.1402,"run_count":50,"level":"low"}},{"type":"Feature","geometry":{"type":"LineString","coordinates":[[139.5562084,35.3118068],[139.5558363,35.3113968]]},"properties":{"edge_u":"1771850576","edge_v":"6609270568","avg_max_density":0.2198,"run_count":50,"level":"low"}},{"type":"Feature","geometry":{"type":"LineString","coordinates":[[139.5556038,35.3122464],[139.5552986,35.3124097]]},"properties":{"edge_u":"1771850605","edge_v":"1771850611","avg_max_density":0.0565,"run_count":50,"level":"low"}},{"type":"Feature","geometry":{"type":"LineString","coordinates":[[139.5556038,35.3122464],[139.5559225,35.3126811]]},"properties":{"edge_u":"1771850605","edge_v":"1771850635","avg_max_density":0.0432,"run_count":50,"level":"low"}},{"type":"Feature","geometry":{"type":"LineString","coordinates":[[139.5556038,35.3122464],[139.5552476,35.3119449]]},"properties":{"edge_u":"1771850605","edge_v":"2690546658","avg_max_density":0.1148,"run_count":50,"level":"low"}},{"type":"Feature","geometry":{"type":"LineString","coordinates":[[139.5556038,35.3122464],[139.555655,35.312224]]},"properties":{"edge_u":"1771850605","edge_v":"4585121307","avg_max_density":0.2115,"run_count":50,"level":"low"}},{"type":"Feature","geometry":{"type":"LineString","coordinates":[[139.5450344,35.3122906],[139.544907,35.3120242]]},"properties":{"edge_u":"1771850609","edge_v":"3381151342","avg_max_density":0.1379,"run_count":50,"level":"low"}},{"type":"Feature","geometry":{"type":"LineString","coordinates":[[139.5450344,35.3122906],[139.5451206,35.3124803]]},"properties":{"edge_u":"1771850609","edge_v":"3381151359","avg_max_density":0.1349,"run_count":50,"level":"low"}},{"type":"Feature","geometry":{"type":"LineString","coordinates":[[139.5450344,35.3122906],[139.544756,35.3125967]]},"properties":{"edge_u":"1771850609","edge_v":"6631051637","avg_max_density":0.0911,"run_count":50,"level":"low"}},{"type":"Feature","geometry":{"type":"LineString","coordinates":[[139.5552986,35.3124097],[139.5547515,35.3128484]]},"properties":{"edge_u":"1771850611","edge_v":"1771850642","avg_max_density":0.0827,"run_count":50,"level":"low"}},{"type":"Feature","geometry":{"type":"LineString","coordinates":[[139.5552986,35.3124097],[139.5555329,35.3126952]]},"properties":{"edge_u":"1771850611","edge_v":"6609213274","avg_max_density":0.1255,"run_count":50,"level":"low"}},{"type":"Feature","geometry":{"type":"LineString","coordinates":[[139.5434143,35.3126091],[139.5441861,35.311958]]},"properties":{"edge_u":"1771850628","edge_v":"3381151341","avg_max_density":0.1206,"run_count":50,"level":"low"}},{"type":"Feature","geometry":{"type":"LineString","coordinates":[[139.5434143,35.3126091],[139.5435026,35.3128288]]},"properties":{"edge_u":"1771850628","edge_v":"3381151371","avg_max_density":0.2546,"run_count":50,"level":"low"}},{"type":"Feature","geometry":{"type":"LineString","coordinates":[[139.5434143,35.3126091],[139.5428346,35.3127724]]},"properties":{"edge_u":"1771850628","edge_v":"6620539199","avg_max_density":0.0384,"run_count":50,"level":"low"}},{"type":"Feature","geometry":{"type":"LineString","coordinates":[[139.5559225,35.3126811],[139.5548501,35.3131469]]},"properties":{"edge_u":"1771850635","edge_v":"1771850684","avg_max_density":0.0676,"run_count":50,"level":"low"}},{"type":"Feature","geometry":{"type":"LineString","coordinates":[[139.5559225,35.3126811],[139.556391,35.3132541]]},"properties":{"edge_u":"1771850635","edge_v":"1771850693","avg_max_density":0.0396,"run_count":50,"level":"low"}},{"type":"Feature","geometry":{"type":"LineString","coordinates":[[139.5547515,35.3128484],[139.5543049,35.312944]]},"properties":{"edge_u":"1771850642","edge_v":"1771850650","avg_max_density":0.1712,"run_count":50,"level":"low"}},{"type":"Feature","geometry":{"type":"LineString","coordinates":[[139.5547515,35.3128484],[139.5548501,35.3131469]]},"properties":{"edge_u":"1771850642","edge_v":"1771850684","avg_max_density":0.1002,"run_count":50,"level":"low"}},{"type":"Feature","geometry":{"type":"LineString","coordinates":[[139.5543049,35.312944],[139.5541758,35.3125496]]},"properties":{"edge_u":"1771850650","edge_v":"2690546703","avg_max_density":0.1401,"run_count":50,"level":"low"}},{"type":"Feature","geometry":{"type":"LineString","coordinates":[[139.5543049,35.312944],[139.5540992,35.3130633]]},"properties":{"edge_u":"1771850650","edge_v":"6604116653","avg_max_density":0.2708,"run_count":50,"level":"low"}},{"type":"Feature","geometry":{"type":"LineString","coordinates":[[139.5423006,35.3129484],[139.5416959,35.3125814]]},"properties":{"edge_u":"1771850658","edge_v":"279254495","avg_max_density":0.1198,"run_count":50,"level":"low"}},{"type":"Feature","geometry":{"type":"LineString","coordinates":[[139.5423006,35.3129484],[139.5424952,35.3131008]]},"properties":{"edge_u":"1771850658","edge_v":"3974639063","avg_max_density":0.0964,"run_count":50,"level":"low"}},{"type":"Feature","geometry":{"type":"LineString","coordinates":[[139.5423006,35.3129484],[139.5428346,35.3127724]]},"properties":{"edge_u":"1771850658","edge_v":"6620539199","avg_max_density":0.0973,"run_count":50,"level":"low"}},{"type":"Feature","geometry":{"type":"LineString","coordinates":[[139.5548501,35.3131469],[139.5549094,35.313473]]},"properties":{"edge_u":"1771850684","edge_v":"6604098644","avg_max_density":0.0412,"run_count":50,"level":"low"}},{"type":"Feature","geometry":{"type":"LineString","coordinates":[[139.553736,35.3132285],[139.5533691,35.3132908]]},"properties":{"edge_u":"1771850688","edge_v":"1771850697","avg_max_density":0.1998,"run_count":50,"level":"low"}},{"type":"Feature","geometry":{"type":"LineString","coordinates":[[139.553736,35.3132285],[139.5540992,35.3130633]]},"properties":{"edge_u":"1771850688","edge_v":"6604116653","avg_max_density":0.221,"run_count":50,"level":"low"}},{"type":"Feature","geometry":{"type":"LineString","coordinates":[[139.553736,35.3132285],[139.5540194,35.3134837]]},"properties":{"edge_u":"1771850688","edge_v":"6604116654","avg_max_density":0.0698,"run_count":50,"level":"low"}},{"type":"Feature","geometry":{"type":"LineString","coordinates":[[139.556391,35.3132541],[139.5566472,35.3134393]]},"properties":{"edge_u":"1771850693","edge_v":"2789669158","avg_max_density":0.0254,"run_count":50,"level":"low"}},{"type":"Feature","geometry":{"type":"LineString","coordinates":[[139.556391,35.3132541],[139.556595,35.3130662]]},"properties":{"edge_u":"1771850693","edge_v":"286547383","avg_max_density":0.0306,"run_count":50,"level":"low"}},{"type":"Feature","geometry":{"type":"LineString","coordinates":[[139.556391,35.3132541],[139.5558692,35.3135252]]},"properties":{"edge_u":"1771850693","edge_v":"6604098488","avg_max_density":0.0164,"run_count":50,"level":"low"}},{"type":"Feature","geometry":{"type":"LineString","coordinates":[[139.5533691,35.3132908],[139.5533439,35.3136842]]},"properties":{"edge_u":"1771850697","edge_v":"286527312","avg_max_density":0.0984,"run_count":50,"level":"low"}},{"type":"Feature","geometry":{"type":"LineString","coordinates":[[139.5533691,35.3132908],[139.5533529,35.3130115]]},"properties":{"edge_u":"1771850697","edge_v":"5698091561","avg_max_density":0.0508,"run_count":50,"level":"low"}},{"type":"Feature","geometry":{"type":"LineString","coordinates":[[139.5425872,35.3138578],[139.5419746,35.3138364]]},"properties":{"edge_u":"1771850739","edge_v":"266622413","avg_max_density":0.014,"run_count":50,"level":"low"}},{"type":"Feature","geometry":{"type":"LineString","coordinates":[[139.5425872,35.3138578],[139.542253,35.3144189]]},"properties":{"edge_u":"1771850739","edge_v":"6611039656","avg_max_density":0.1068,"run_count":50,"level":"low"}},{"type":"Feature","geometry":{"type":"LineString","coordinates":[[139.5550908,35.3139418],[139.555498,35.3137247]]},"properties":{"edge_u":"1771850745","edge_v":"2022380005","avg_max_density":0.0418,"run_count":50,"level":"low"}},{"type":"Feature","geometry":{"type":"LineString","coordinates":[[139.5550908,35.3139418],[139.5547272,35.3141347]]},"properties":{"edge_u":"1771850745","edge_v":"2690546688","avg_max_density":0.0104,"run_count":50,"level":"low"}},{"type":"Feature","geometry":{"type":"LineString","coordinates":[[139.5550908,35.3139418],[139.5549094,35.313473]]},"properties":{"edge_u":"1771850745","edge_v":"6604098644","avg_max_density":0.0627,"run_count":50,"level":"low"}},{"type":"Feature","geometry":{"type":"LineString","coordinates":[[139.5437176,35.3139377],[139.5433621,35.3144719]]},"properties":{"edge_u":"1771850746","edge_v":"1771850838","avg_max_density":0.0503,"run_count":50,"level":"low"}},{"type":"Feature","geometry":{"type":"LineString","coordinates":[[139.5433621,35.3144719],[139.5430478,35.3143559]]},"properties":{"edge_u":"1771850838","edge_v":"6601518008","avg_max_density":0.0134,"run_count":47,"level":"low"}},{"type":"Feature","geometry":{"type":"LineString","coordinates":[[139.5433621,35.3144719],[139.5428895,35.3150785]]},"properties":{"edge_u":"1771850838","edge_v":"6620539213","avg_max_density":0.0516,"run_count":50,"level":"low"}},{"type":"Feature","geometry":{"type":"LineString","coordinates":[[139.5455278,35.3145615],[139.545317,35.3144439]]},"properties":{"edge_u":"1771850848","edge_v":"3381151383","avg_max_density":0.0564,"run_count":50,"level":"low"}},{"type":"Feature","geometry":{"type":"LineString","coordinates":[[139.5455278,35.3145615],[139.5461277,35.3149731]]},"properties":{"edge_u":"1771850848","edge_v":"5692279151","avg_max_density":0.0283,"run_count":50,"level":"low"}},{"type":"Feature","geometry":{"type":"LineString","coordinates":[[139.5455278,35.3145615],[139.545011,35.3148376]]},"properties":{"edge_u":"1771850848","edge_v":"6601518011","avg_max_density":0.0206,"run_count":50,"level":"low"}},{"type":"Feature","geometry":{"type":"LineString","coordinates":[[139.5462554,35.3149564],[139.5461588,35.31474]]},"properties":{"edge_u":"1771850962","edge_v":"279450523","avg_max_density":0.13,"run_count":50,"level":"low"}},{"type":"Feature","geometry":{"type":"LineString","coordinates":[[139.5462554,35.3149564],[139.5462337,35.3149782]]},"properties":{"edge_u":"1771850962","edge_v":"6654360100","avg_max_density":0.1505,"run_count":50,"level":"low"}},{"type":"Feature","geometry":{"type":"LineString","coordinates":[[139.5474204,35.3158234],[139.547748,35.316462]]},"properties":{"edge_u":"1771851070","edge_v":"1771851291","avg_max_density":0.1552,"run_count":50,"level":"low"}},{"type":"Feature","geometry":{"type":"LineString","coordinates":[[139.5474204,35.3158234],[139.54683,35.3161022]]},"properties":{"edge_u":"1771851070","edge_v":"2022759322","avg_max_density":0.3382,"run_count":50,"level":"low"}},{"type":"Feature","geometry":{"type":"LineString","coordinates":[[139.5474204,35.3158234],[139.5474473,35.3157496]]},"properties":{"edge_u":"1771851070","edge_v":"2022759326","avg_max_density":0.4026,"run_count":50,"level":"low"}},{"type":"Feature","geometry":{"type":"LineString","coordinates":[[139.5488827,35.3158335],[139.5481147,35.3158012]]},"properties":{"edge_u":"1771851097","edge_v":"266622427","avg_max_density":0.0176,"run_count":50,"level":"low"}},{"type":"Feature","geometry":{"type":"LineString","coordinates":[[139.5488827,35.3158335],[139.549943,35.3157684]]},"properties":{"edge_u":"1771851097","edge_v":"2696085137","avg_max_density":0.018,"run_count":50,"level":"low"}},{"type":"Feature","geometry":{"type":"LineString","coordinates":[[139.5488827,35.3158335],[139.5489151,35.3160239]]},"properties":{"edge_u":"1771851097","edge_v":"6661627733","avg_max_density":0.0332,"run_count":50,"level":"low"}},{"type":"Feature","geometry":{"type":"LineString","coordinates":[[139.5489185,35.3160417],[139.5487284,35.3160875]]},"properties":{"edge_u":"1771851126","edge_v":"6600257736","avg_max_density":0.1428,"run_count":50,"level":"low"}},{"type":"Feature","geometry":{"type":"LineString","coordinates":[[139.5489185,35.3160417],[139.5489151,35.3160239]]},"properties":{"edge_u":"1771851126","edge_v":"6661627733","avg_max_density":0.1525,"run_count":45,"level":"low"}},{"type":"Feature","geometry":{"type":"LineString","coordinates":[[139.5489185,35.3160417],[139.5489584,35.3162634]]},"properties":{"edge_u":"1771851126","edge_v":"6681149468","avg_max_density":0.0957,"run_count":50,"level":"low"}},{"type":"Feature","geometry":{"type":"LineString","coordinates":[[139.5483898,35.3161948],[139.5480051,35.3163322]]},"properties":{"edge_u":"1771851166","edge_v":"6600257733","avg_max_density":0.0444,"run_count":50,"level":"low"}},{"type":"Feature","geometry":{"type":"LineString","coordinates":[[139.5483898,35.3161948],[139.5487284,35.3160875]]},"properties":{"edge_u":"1771851166","edge_v":"6600257736","avg_max_density":0.0827,"run_count":50,"level":"low"}},{"type":"Feature","geometry":{"type":"LineString","coordinates":[[139.5483898,35.3161948],[139.5484538,35.316365]]},"properties":{"edge_u":"1771851166","edge_v":"6600257737","avg_max_density":0.0909,"run_count":50,"level":"low"}},{"type":"Feature","geometry":{"type":"LineString","coordinates":[[139.547748,35.316462],[139.547626,35.3165242]]},"properties":{"edge_u":"1771851291","edge_v":"4120581080","avg_max_density":0.1096,"run_count":50,"level":"low"}},{"type":"Feature","geometry":{"type":"LineString","coordinates":[[139.547748,35.316462],[139.5477837,35.316444]]},"properties":{"edge_u":"1771851291","edge_v":"6600257728","avg_max_density":0.1917,"run_count":50,"level":"low"}},{"type":"Feature","geometry":{"type":"LineString","coordinates":[[139.5490573,35.3167175],[139.5491471,35.3168776]]},"properties":{"edge_u":"1771851314","edge_v":"1771851343","avg_max_density":0.0723,"run_count":50,"level":"low"}},{"type":"Feature","geometry":{"type":"LineString","coordinates":[[139.5490573,35.3167175],[139.5482942,35.3169348]]},"properties":{"edge_u":"1771851314","edge_v":"2022759336","avg_max_density":0.1626,"run_count":50,"level":"low"}},{"type":"Feature","geometry":{"type":"LineString","coordinates":[[139.5490573,35.3167175],[139.5490019,35.3164787]]},"properties":{"edge_u":"1771851314","edge_v":"6661627759","avg_max_density":0.0949,"run_count":50,"level":"low"}},{"type":"Feature","geometry":{"type":"LineString","coordinates":[[139.5471952,35.3166993],[139.54683,35.3161022]]},"properties":{"edge_u":"1771851319","edge_v":"2022759322","avg_max_density":0.0966,"run_count":50,"level":"low"}},{"type":"Feature","geometry":{"type":"LineString","coordinates":[[139.5471952,35.3166993],[139.5474361,35.3171198]]},"properties":{"edge_u":"1771851319","edge_v":"3381151427","avg_max_density":0.071,"run_count":50,"level":"low"}},{"type":"Feature","geometry":{"type":"LineString","coordinates":[[139.5471952,35.3166993],[139.547626,35.3165242]]},"properties":{"edge_u":"1771851319","edge_v":"4120581080","avg_max_density":0.0483,"run_count":50,"level":"low"}},{"type":"Feature","geometry":{"type":"LineString","coordinates":[[139.5471952,35.3166993],[139.5469684,35.3167457]]},"properties":{"edge_u":"1771851319","edge_v":"6600299092","avg_max_density":0.1494,"run_count":50,"level":"low"}},{"type":"Feature","geometry":{"type":"LineString","coordinates":[[139.5491471,35.3168776],[139.5495004,35.3174858]]},"properties":{"edge_u":"1771851343","edge_v":"1771851412","avg_max_density":0.0796,"run_count":50,"level":"low"}},{"type":"Feature","geometry":{"type":"LineString","coordinates":[[139.5491471,35.3168776],[139.5488512,35.3169597]]},"properties":{"edge_u":"1771851343","edge_v":"3381151423","avg_max_density":0.2238,"run_count":50,"level":"low"}},{"type":"Feature","geometry":{"type":"LineString","coordinates":[[139.5454118,35.3171082],[139.5456055,35.317047]]},"properties":{"edge_u":"1771851371","edge_v":"279553397","avg_max_density":0.0841,"run_count":50,"level":"low"}},{"type":"Feature","geometry":{"type":"LineString","coordinates":[[139.5454118,35.3171082],[139.5452159,35.316703]]},"properties":{"edge_u":"1771851371","edge_v":"3381151412","avg_max_density":0.0569,"run_count":50,"level":"low"}},{"type":"Feature","geometry":{"type":"LineString","coordinates":[[139.5454118,35.3171082],[139.5451526,35.3171846]]},"properties":{"edge_u":"1771851371","edge_v":"4120581195","avg_max_density":0.0358,"run_count":50,"level":"low"}},{"type":"Feature","geometry":{"type":"LineString","coordinates":[[139.5495004,35.3174858],[139.5500241,35.317073]]},"properties":{"edge_u":"1771851412","edge_v":"3381151425","avg_max_density":0.05,"run_count":50,"level":"low"}},{"type":"Feature","geometry":{"type":"LineString","coordinates":[[139.5495004,35.3174858],[139.549517,35.3175197]]},"properties":{"edge_u":"1771851412","edge_v":"4679974898","avg_max_density":0.1959,"run_count":50,"level":"low"}},{"type":"Feature","geometry":{"type":"LineString","coordinates":[[139.5495004,35.3174858],[139.5490339,35.3179622]]},"properties":{"edge_u":"1771851412","edge_v":"6600300550","avg_max_density":0.2055,"run_count":50,"level":"low"}},{"type":"Feature","geometry":{"type":"LineString","coordinates":[[139.5495004,35.3174858],[139.5484329,35.3175731]]},"properties":{"edge_u":"1771851412","edge_v":"6600300551","avg_max_density":0.0726,"run_count":50,"level":"low"}},{"type":"Feature","geometry":{"type":"LineString","coordinates":[[139.54962,35.3177767],[139.549692,35.3179558]]},"properties":{"edge_u":"1771851437","edge_v":"1771851447","avg_max_density":0.1245,"run_count":50,"level":"low"}},{"type":"Feature","geometry":{"type":"LineString","coordinates":[[139.54962,35.3177767],[139.5500296,35.3176618]]},"properties":{"edge_u":"1771851437","edge_v":"4679974892","avg_max_density":0.088,"run_count":50,"level":"low"}},{"type":"Feature","geometry":{"type":"LineString","coordinates":[[139.54962,35.3177767],[139.549517,35.3175197]]},"properties":{"edge_u":"1771851437","edge_v":"4679974898","avg_max_density":0.1131,"run_count":50,"level":"low"}},{"type":"Feature","geometry":{"type":"LineString","coordinates":[[139.5478818,35.3178754],[139.5485894,35.319221]]},"properties":{"edge_u":"1771851438","edge_v":"1771851512","avg_max_density":0.1205,"run_count":50,"level":"low"}},{"type":"Feature","geometry":{"type":"LineString","coordinates":[[139.5478818,35.3178754],[139.5476525,35.3175334]]},"properties":{"edge_u":"1771851438","edge_v":"279645281","avg_max_density":0.0603,"run_count":50,"level":"low"}},{"type":"Feature","geometry":{"type":"LineString","coordinates":[[139.5478818,35.3178754],[139.5484329,35.3175731]]},"properties":{"edge_u":"1771851438","edge_v":"6600300551","avg_max_density":0.0772,"run_count":50,"level":"low"}},{"type":"Feature","geometry":{"type":"LineString","coordinates":[[139.549692,35.3179558],[139.5500987,35.3177116]]},"properties":{"edge_u":"1771851447","edge_v":"6658287471","avg_max_density":0.1005,"run_count":50,"level":"low"}},{"type":"Feature","geometry":{"type":"LineString","coordinates":[[139.549692,35.3179558],[139.5497389,35.3180569]]},"properties":{"edge_u":"1771851447","edge_v":"6661627771","avg_max_density":0.0745,"run_count":50,"level":"low"}},{"type":"Feature","geometry":{"type":"LineString","coordinates":[[139.5488757,35.3187919],[139.5485894,35.319221]]},"properties":{"edge_u":"1771851472","edge_v":"1771851512","avg_max_density":0.1535,"run_count":50,"level":"low"}},{"type":"Feature","geometry":{"type":"LineString","coordinates":[[139.5488757,35.3187919],[139.5488417,35.3186649]]},"properties":{"edge_u":"1771851472","edge_v":"2022705724","avg_max_density":0.1999,"run_count":50,"level":"low"}},{"type":"Feature","geometry":{"type":"LineString","coordinates":[[139.5488757,35.3187919],[139.5491671,35.3187369]]},"properties":{"edge_u":"1771851472","edge_v":"4908753923","avg_max_density":0.1227,"run_count":50,"level":"low"}},{"type":"Feature","geometry":{"type":"LineString","coordinates":[[139.5485894,35.319221],[139.5486873,35.3194041]]},"properties":{"edge_u":"1771851512","edge_v":"2022705725","avg_max_density":0.1148,"run_count":50,"level":"low"}},{"type":"Feature","geometry":{"type":"LineString","coordinates":[[139.5187877,35.3044994],[139.518173,35.3050422]]},"properties":{"edge_u":"1771854821","edge_v":"3046589104","avg_max_density":0.0111,"run_count":50,"level":"low"}},{"type":"Feature","geometry":{"type":"LineString","coordinates":[[139.5187877,35.3044994],[139.5187806,35.3040138]]},"properties":{"edge_u":"1771854821","edge_v":"6612705206","avg_max_density":0.0719,"run_count":50,"level":"low"}},{"type":"Feature","geometry":{"type":"LineString","coordinates":[[139.5187877,35.3044994],[139.5189321,35.3047908]]},"properties":{"edge_u":"1771854821","edge_v":"6636029686","avg_max_density":0.0147,"run_count":50,"level":"low"}},{"type":"Feature","geometry":{"type":"LineString","coordinates":[[139.5120823,35.3053011],[139.511314,35.3059415]]},"properties":{"edge_u":"1771854827","edge_v":"1771854837","avg_max_density":0.0794,"run_count":50,"level":"low"}},{"type":"Feature","geometry":{"type":"LineString","coordinates":[[139.511314,35.3059415],[139.5122899,35.3059576]]},"properties":{"edge_u":"1771854837","edge_v":"1771854839","avg_max_density":0.2877,"run_count":50,"level":"low"}},{"type":"Feature","geometry":{"type":"LineString","coordinates":[[139.511314,35.3059415],[139.5109009,35.3064325]]},"properties":{"edge_u":"1771854837","edge_v":"1771854847","avg_max_density":0.1939,"run_count":50,"level":"low"}},{"type":"Feature","geometry":{"type":"LineString","coordinates":[[139.5109009,35.3064325],[139.5107768,35.3061745]]},"properties":{"edge_u":"1771854847","edge_v":"288793266","avg_max_density":0.1616,"run_count":50,"level":"low"}},{"type":"Feature","geometry":{"type":"LineString","coordinates":[[139.5109009,35.3064325],[139.5109249,35.3064662]]},"properties":{"edge_u":"1771854847","edge_v":"3046589247","avg_max_density":0.253,"run_count":50,"level":"low"}},{"type":"Feature","geometry":{"type":"LineString","coordinates":[[139.5109009,35.3064325],[139.5104812,35.3065192]]},"properties":{"edge_u":"1771854847","edge_v":"3382120030","avg_max_density":0.0688,"run_count":50,"level":"low"}},{"type":"Feature","geometry":{"type":"LineString","coordinates":[[139.5545087,35.2950589],[139.5515761,35.2951026]]},"properties":{"edge_u":"1771965409","edge_v":"1771965463","avg_max_density":0.0208,"run_count":50,"level":"low"}},{"type":"Feature","geometry":{"type":"LineString","coordinates":[[139.5545087,35.2950589],[139.5550195,35.2954606]]},"properties":{"edge_u":"1771965409","edge_v":"1771965514","avg_max_density":0.0897,"run_count":50,"level":"low"}},{"type":"Feature","geometry":{"type":"LineString","coordinates":[[139.5550195,35.2954606],[139.5548035,35.296056]]},"properties":{"edge_u":"1771965514","edge_v":"286527833","avg_max_density":0.2083,"run_count":50,"level":"low"}},{"type":"Feature","geometry":{"type":"LineString","coordinates":[[139.558453,35.299066],[139.5585069,35.2991475]]},"properties":{"edge_u":"1771965967","edge_v":"286527778","avg_max_density":0.1084,"run_count":50,"level":"low"}},{"type":"Feature","geometry":{"type":"LineString","coordinates":[[139.558453,35.299066],[139.5582786,35.2989063]]},"properties":{"edge_u":"1771965967","edge_v":"286527779","avg_max_density":0.0555,"run_count":50,"level":"low"}},{"type":"Feature","geometry":{"type":"LineString","coordinates":[[139.558453,35.299066],[139.5587067,35.298998]]},"properties":{"edge_u":"1771965967","edge_v":"3292746306","avg_max_density":0.0918,"run_count":50,"level":"low"}},{"type":"Feature","geometry":{"type":"LineString","coordinates":[[139.5616396,35.3001416],[139.5604877,35.3003934]]},"properties":{"edge_u":"1771966082","edge_v":"1771966089","avg_max_density":0.0092,"run_count":50,"level":"low"}},{"type":"Feature","geometry":{"type":"LineString","coordinates":[[139.5604877,35.3003934],[139.5595726,35.2992585]]},"properties":{"edge_u":"1771966089","edge_v":"3292746316","avg_max_density":0.0335,"run_count":50,"level":"low"}},{"type":"Feature","geometry":{"type":"LineString","coordinates":[[139.5604877,35.3003934],[139.5601554,35.3005006]]},"properties":{"edge_u":"1771966089","edge_v":"6645196454","avg_max_density":0.088,"run_count":50,"level":"low"}},{"type":"Feature","geometry":{"type":"LineString","coordinates":[[139.4986746,35.3130922],[139.4999152,35.3134705]]},"properties":{"edge_u":"1772430343","edge_v":"3044791177","avg_max_density":0.0881,"run_count":50,"level":"low"}},{"type":"Feature","geometry":{"type":"LineString","coordinates":[[139.4986746,35.3130922],[139.4983973,35.3128246]]},"properties":{"edge_u":"1772430343","edge_v":"3045997239","avg_max_density":0.1685,"run_count":50,"level":"low"}},{"type":"Feature","geometry":{"type":"LineString","coordinates":[[139.4986746,35.3130922],[139.4984921,35.3132088]]},"properties":{"edge_u":"1772430343","edge_v":"6743274256","avg_max_density":0.1147,"run_count":50,"level":"low"}},{"type":"Feature","geometry":{"type":"LineString","coordinates":[[139.4980635,35.3136092],[139.4984808,35.3132194]]},"properties":{"edge_u":"1772430373","edge_v":"6743274261","avg_max_density":0.021,"run_count":50,"level":"low"}},{"type":"Feature","geometry":{"type":"LineString","coordinates":[[139.5529659,35.3191922],[139.5539759,35.32027]]},"properties":{"edge_u":"1775986735","edge_v":"1775986736","avg_max_density":0.0282,"run_count":50,"level":"low"}},{"type":"Feature","geometry":{"type":"LineString","coordinates":[[139.5529659,35.3191922],[139.5524356,35.3194284]]},"properties":{"edge_u":"1775986735","edge_v":"2019365667","avg_max_density":0.0553,"run_count":50,"level":"low"}},{"type":"Feature","geometry":{"type":"LineString","coordinates":[[139.5529659,35.3191922],[139.5530175,35.3191692]]},"properties":{"edge_u":"1775986735","edge_v":"2019682824","avg_max_density":0.1012,"run_count":50,"level":"low"}},{"type":"Feature","geometry":{"type":"LineString","coordinates":[[139.5531929,35.3205304],[139.5533925,35.3209029]]},"properties":{"edge_u":"1775986742","edge_v":"1999525528","avg_max_density":0.1383,"run_count":50,"level":"low"}},{"type":"Feature","geometry":{"type":"LineString","coordinates":[[139.5531929,35.3205304],[139.5526553,35.3196845]]},"properties":{"edge_u":"1775986742","edge_v":"3801766597","avg_max_density":0.0478,"run_count":50,"level":"low"}},{"type":"Feature","geometry":{"type":"LineString","coordinates":[[139.5531929,35.3205304],[139.5531226,35.3205568]]},"properties":{"edge_u":"1775986742","edge_v":"4909921309","avg_max_density":0.2727,"run_count":50,"level":"low"}},{"type":"Feature","geometry":{"type":"LineString","coordinates":[[139.5532543,35.3139402],[139.5537906,35.3141318]]},"properties":{"edge_u":"1787249662","edge_v":"4585278148","avg_max_density":0.0469,"run_count":50,"level":"low"}},{"type":"Feature","geometry":{"type":"LineString","coordinates":[[139.5532543,35.3139402],[139.5533054,35.3138016]]},"properties":{"edge_u":"1787249662","edge_v":"6604115815","avg_max_density":0.0541,"run_count":50,"level":"low"}},{"type":"Feature","geometry":{"type":"LineString","coordinates":[[139.5532543,35.3139402],[139.553241,35.3141723]]},"properties":{"edge_u":"1787249662","edge_v":"6604115818","avg_max_density":0.039,"run_count":50,"level":"low"}},{"type":"Feature","geometry":{"type":"LineString","coordinates":[[139.5521949,35.3150174],[139.552281,35.3149892]]},"properties":{"edge_u":"1787249665","edge_v":"1826430782","avg_max_density":0.12,"run_count":50,"level":"low"}},{"type":"Feature","geometry":{"type":"LineString","coordinates":[[139.5521949,35.3150174],[139.5518031,35.3144746]]},"properties":{"edge_u":"1787249665","edge_v":"5351859443","avg_max_density":0.115,"run_count":50,"level":"low"}},{"type":"Feature","geometry":{"type":"LineString","coordinates":[[139.5521949,35.3150174],[139.5516097,35.3152437]]},"properties":{"edge_u":"1787249665","edge_v":"5351859446","avg_max_density":0.0255,"run_count":50,"level":"low"}},{"type":"Feature","geometry":{"type":"LineString","coordinates":[[139.5508018,35.3167348],[139.5512666,35.3154044]]},"properties":{"edge_u":"1787257075","edge_v":"266737735","avg_max_density":0.0309,"run_count":50,"level":"low"}},{"type":"Feature","geometry":{"type":"LineString","coordinates":[[139.5508018,35.3167348],[139.550897,35.3167345]]},"properties":{"edge_u":"1787257075","edge_v":"6652594210","avg_max_density":0.3074,"run_count":50,"level":"low"}},{"type":"Feature","geometry":{"type":"LineString","coordinates":[[139.5508018,35.3167348],[139.5507887,35.316765]]},"properties":{"edge_u":"1787257075","edge_v":"6652594219","avg_max_density":0.1553,"run_count":50,"level":"low"}},{"type":"Feature","geometry":{"type":"LineString","coordinates":[[139.5541558,35.3162828],[139.553765,35.3163751]]},"properties":{"edge_u":"1787973623","edge_v":"2481968440","avg_max_density":0.0658,"run_count":50,"level":"low"}},{"type":"Feature","geometry":{"type":"LineString","coordinates":[[139.5543402,35.3166741],[139.5541589,35.3167196]]},"properties":{"edge_u":"1787973630","edge_v":"6597703094","avg_max_density":0.0949,"run_count":50,"level":"low"}},{"type":"Feature","geometry":{"type":"LineString","coordinates":[[139.5532364,35.3172913],[139.5532977,35.3175588]]},"properties":{"edge_u":"1787973738","edge_v":"266785592","avg_max_density":0.0271,"run_count":50,"level":"low"}},{"type":"Feature","geometry":{"type":"LineString","coordinates":[[139.5532364,35.3172913],[139.5534022,35.3171276]]},"properties":{"edge_u":"1787973738","edge_v":"266785598","avg_max_density":0.0841,"run_count":50,"level":"low"}},{"type":"Feature","geometry":{"type":"LineString","coordinates":[[139.5532364,35.3172913],[139.5527877,35.3173075]]},"properties":{"edge_u":"1787973738","edge_v":"8088240154","avg_max_density":0.2097,"run_count":50,"level":"low"}},{"type":"Feature","geometry":{"type":"LineString","coordinates":[[139.5532364,35.3172913],[139.5529868,35.3171616]]},"properties":{"edge_u":"1787973738","edge_v":"8088240160","avg_max_density":0.0461,"run_count":50,"level":"low"}},{"type":"Feature","geometry":{"type":"LineString","coordinates":[[139.5526851,35.3173153],[139.5525235,35.3173155]]},"properties":{"edge_u":"1787973750","edge_v":"1787973752","avg_max_density":0.1025,"run_count":50,"level":"low"}},{"type":"Feature","geometry":{"type":"LineString","coordinates":[[139.5526851,35.3173153],[139.5527019,35.317314]]},"properties":{"edge_u":"1787973750","edge_v":"8088240156","avg_max_density":0.5095,"run_count":47,"level":"medium"}},{"type":"Feature","geometry":{"type":"LineString","coordinates":[[139.5524769,35.3178084],[139.5532977,35.3175588]]},"properties":{"edge_u":"1787973873","edge_v":"266785592","avg_max_density":0.0542,"run_count":50,"level":"low"}},{"type":"Feature","geometry":{"type":"LineString","coordinates":[[139.5524769,35.3178084],[139.5524313,35.3178223]]},"properties":{"edge_u":"1787973873","edge_v":"6597760338","avg_max_density":0.2395,"run_count":50,"level":"low"}},{"type":"Feature","geometry":{"type":"LineString","coordinates":[[139.5515909,35.3180665],[139.5519691,35.3186604]]},"properties":{"edge_u":"1787973892","edge_v":"2481968450","avg_max_density":0.0646,"run_count":50,"level":"low"}},{"type":"Feature","geometry":{"type":"LineString","coordinates":[[139.5515909,35.3180665],[139.5514896,35.3180951]]},"properties":{"edge_u":"1787973892","edge_v":"266785706","avg_max_density":0.0553,"run_count":50,"level":"low"}},{"type":"Feature","geometry":{"type":"LineString","coordinates":[[139.5515909,35.3180665],[139.5524313,35.3178223]]},"properties":{"edge_u":"1787973892","edge_v":"6597760338","avg_max_density":0.1008,"run_count":50,"level":"low"}},{"type":"Feature","geometry":{"type":"LineString","coordinates":[[139.5515909,35.3180665],[139.5515583,35.3180142]]},"properties":{"edge_u":"1787973892","edge_v":"6654360468","avg_max_density":0.3474,"run_count":50,"level":"low"}},{"type":"Feature","geometry":{"type":"LineString","coordinates":[[139.5518749,35.3187362],[139.5519286,35.3188263]]},"properties":{"edge_u":"1787973917","edge_v":"2134536492","avg_max_density":0.0209,"run_count":50,"level":"low"}},{"type":"Feature","geometry":{"type":"LineString","coordinates":[[139.5518749,35.3187362],[139.5514896,35.3180951]]},"properties":{"edge_u":"1787973917","edge_v":"266785706","avg_max_density":0.0127,"run_count":50,"level":"low"}},{"type":"Feature","geometry":{"type":"LineString","coordinates":[[139.5518749,35.3187362],[139.5517627,35.3187887]]},"properties":{"edge_u":"1787973917","edge_v":"6652594198","avg_max_density":0.196,"run_count":50,"level":"low"}},{"type":"Feature","geometry":{"type":"LineString","coordinates":[[139.5518749,35.3187362],[139.5519845,35.3186848]]},"properties":{"edge_u":"1787973917","edge_v":"6652594199","avg_max_density":0.102,"run_count":50,"level":"low"}},{"type":"Feature","geometry":{"type":"LineString","coordinates":[[139.5519917,35.3189231],[139.5519286,35.3188263]]},"properties":{"edge_u":"1787973931","edge_v":"2134536492","avg_max_density":0.0423,"run_count":50,"level":"low"}},{"type":"Feature","geometry":{"type":"LineString","coordinates":[[139.5519917,35.3189231],[139.5520861,35.3190681]]},"properties":{"edge_u":"1787973931","edge_v":"3804632260","avg_max_density":0.0298,"run_count":50,"level":"low"}},{"type":"Feature","geometry":{"type":"LineString","coordinates":[[139.5519917,35.3189231],[139.5518715,35.3189729]]},"properties":{"edge_u":"1787973931","edge_v":"6652594200","avg_max_density":0.107,"run_count":50,"level":"low"}},{"type":"Feature","geometry":{"type":"LineString","coordinates":[[139.5519917,35.3189231],[139.552096,35.3188705]]},"properties":{"edge_u":"1787973931","edge_v":"6652594201","avg_max_density":0.1006,"run_count":50,"level":"low"}},{"type":"Feature","geometry":{"type":"LineString","coordinates":[[139.5544007,35.31505],[139.554123,35.315068]]},"properties":{"edge_u":"1790934722","edge_v":"1790934723","avg_max_density":0.0297,"run_count":50,"level":"low"}},{"type":"Feature","geometry":{"type":"LineString","coordinates":[[139.554123,35.315068],[139.5541126,35.3151246]]},"properties":{"edge_u":"1790934723","edge_v":"2022414931","avg_max_density":0.0542,"run_count":50,"level":"low"}},{"type":"Feature","geometry":{"type":"LineString","coordinates":[[139.554123,35.315068],[139.5539791,35.3144821]]},"properties":{"edge_u":"1790934723","edge_v":"286547397","avg_max_density":0.0326,"run_count":50,"level":"low"}},{"type":"Feature","geometry":{"type":"LineString","coordinates":[[139.5554603,35.3038783],[139.5544475,35.30339]]},"properties":{"edge_u":"1794364858","edge_v":"279690006","avg_max_density":0.1066,"run_count":50,"level":"low"}},{"type":"Feature","geometry":{"type":"LineString","coordinates":[[139.5525552,35.3125129],[139.5520771,35.3122662]]},"properties":{"edge_u":"1796713593","edge_v":"266740844","avg_max_density":0.04,"run_count":50,"level":"low"}},{"type":"Feature","geometry":{"type":"LineString","coordinates":[[139.5525552,35.3125129],[139.553232,35.3121879]]},"properties":{"edge_u":"1796713593","edge_v":"266743556","avg_max_density":0.0788,"run_count":50,"level":"low"}},{"type":"Feature","geometry":{"type":"LineString","coordinates":[[139.5525552,35.3125129],[139.5526354,35.3127223]]},"properties":{"edge_u":"1796713593","edge_v":"3806676528","avg_max_density":0.2189,"run_count":50,"level":"low"}},{"type":"Feature","geometry":{"type":"LineString","coordinates":[[139.5525552,35.3125129],[139.5525826,35.3128793]]},"properties":{"edge_u":"1796713593","edge_v":"4679937743","avg_max_density":0.0336,"run_count":50,"level":"low"}},{"type":"Feature","geometry":{"type":"LineString","coordinates":[[139.5549757,35.2978039],[139.5551443,35.2977089]]},"properties":{"edge_u":"1797822484","edge_v":"286527843","avg_max_density":0.1842,"run_count":50,"level":"low"}},{"type":"Feature","geometry":{"type":"LineString","coordinates":[[139.5549757,35.2978039],[139.5544264,35.2981327]]},"properties":{"edge_u":"1797822484","edge_v":"3292732067","avg_max_density":0.1589,"run_count":50,"level":"low"}},{"type":"Feature","geometry":{"type":"LineString","coordinates":[[139.5495068,35.3092564],[139.5495629,35.3094052]]},"properties":{"edge_u":"1797828663","edge_v":"2481902482","avg_max_density":0.2677,"run_count":50,"level":"low"}},{"type":"Feature","geometry":{"type":"LineString","coordinates":[[139.5495068,35.3092564],[139.549458,35.3091397]]},"properties":{"edge_u":"1797828663","edge_v":"279689978","avg_max_density":0.3271,"run_count":50,"level":"low"}},{"type":"Feature","geometry":{"type":"LineString","coordinates":[[139.5500923,35.3096643],[139.5503854,35.3099419]]},"properties":{"edge_u":"1797828670","edge_v":"2481902468","avg_max_density":0.2291,"run_count":50,"level":"low"}},{"type":"Feature","geometry":{"type":"LineString","coordinates":[[139.5500923,35.3096643],[139.5497346,35.3097546]]},"properties":{"edge_u":"1797828670","edge_v":"6611867159","avg_max_density":0.1584,"run_count":50,"level":"low"}},{"type":"Feature","geometry":{"type":"LineString","coordinates":[[139.5439653,35.3096693],[139.5440221,35.3099965]]},"properties":{"edge_u":"1797836932","edge_v":"2046293881","avg_max_density":0.0925,"run_count":50,"level":"low"}},{"type":"Feature","geometry":{"type":"LineString","coordinates":[[139.5439653,35.3096693],[139.5432649,35.3096384]]},"properties":{"edge_u":"1797836932","edge_v":"3937261551","avg_max_density":0.2039,"run_count":50,"level":"low"}},{"type":"Feature","geometry":{"type":"LineString","coordinates":[[139.5439653,35.3096693],[139.5440309,35.3096726]]},"properties":{"edge_u":"1797836932","edge_v":"6654353359","avg_max_density":0.6305,"run_count":50,"level":"medium"}},{"type":"Feature","geometry":{"type":"LineString","coordinates":[[139.5449844,35.3095057],[139.5448893,35.3096248]]},"properties":{"edge_u":"1797836942","edge_v":"1797836945","avg_max_density":0.4817,"run_count":50,"level":"low"}},{"type":"Feature","geometry":{"type":"LineString","coordinates":[[139.5449844,35.3095057],[139.5450084,35.309438]]},"properties":{"edge_u":"1797836942","edge_v":"3937261545","avg_max_density":0.6839,"run_count":50,"level":"medium"}},{"type":"Feature","geometry":{"type":"LineString","coordinates":[[139.5449844,35.3095057],[139.5440269,35.309643]]},"properties":{"edge_u":"1797836942","edge_v":"6654353360","avg_max_density":0.019,"run_count":50,"level":"low"}},{"type":"Feature","geometry":{"type":"LineString","coordinates":[[139.5449844,35.3095057],[139.5440657,35.310008]]},"properties":{"edge_u":"1797836942","edge_v":"6654360025","avg_max_density":0.0528,"run_count":50,"level":"low"}},{"type":"Feature","geometry":{"type":"LineString","coordinates":[[139.5448893,35.3096248],[139.5440309,35.3096726]]},"properties":{"edge_u":"1797836945","edge_v":"6654353359","avg_max_density":0.0379,"run_count":50,"level":"low"}},{"type":"Feature","geometry":{"type":"LineString","coordinates":[[139.5448893,35.3096248],[139.5440596,35.30999]]},"properties":{"edge_u":"1797836945","edge_v":"6654353361","avg_max_density":0.0384,"run_count":50,"level":"low"}},{"type":"Feature","geometry":{"type":"LineString","coordinates":[[139.5346511,35.3120622],[139.5341791,35.3119728]]},"properties":{"edge_u":"1798133938","edge_v":"3046589299","avg_max_density":0.045,"run_count":50,"level":"low"}},{"type":"Feature","geometry":{"type":"LineString","coordinates":[[139.5346511,35.3120622],[139.5347121,35.3115404]]},"properties":{"edge_u":"1798133938","edge_v":"5735676609","avg_max_density":0.0677,"run_count":50,"level":"low"}},{"type":"Feature","geometry":{"type":"LineString","coordinates":[[139.5346511,35.3120622],[139.5354109,35.3121855]]},"properties":{"edge_u":"1798133938","edge_v":"6622547965","avg_max_density":0.0445,"run_count":50,"level":"low"}},{"type":"Feature","geometry":{"type":"LineString","coordinates":[[139.5333575,35.3092881],[139.533008,35.3091735]]},"properties":{"edge_u":"1798210155","edge_v":"1798210220","avg_max_density":0.0281,"run_count":50,"level":"low"}},{"type":"Feature","geometry":{"type":"LineString","coordinates":[[139.5333575,35.3092881],[139.5331355,35.3097537]]},"properties":{"edge_u":"1798210155","edge_v":"301998439","avg_max_density":0.0245,"run_count":50,"level":"low"}},{"type":"Feature","geometry":{"type":"LineString","coordinates":[[139.5333575,35.3092881],[139.5336281,35.3093677]]},"properties":{"edge_u":"1798210155","edge_v":"6707996875","avg_max_density":0.0664,"run_count":50,"level":"low"}},{"type":"Feature","geometry":{"type":"LineString","coordinates":[[139.5327088,35.3090431],[139.533008,35.3091735]]},"properties":{"edge_u":"1798210173","edge_v":"1798210220","avg_max_density":0.0379,"run_count":50,"level":"low"}},{"type":"Feature","geometry":{"type":"LineString","coordinates":[[139.5327088,35.3090431],[139.5326167,35.3088846]]},"properties":{"edge_u":"1798210173","edge_v":"6632593661","avg_max_density":0.0475,"run_count":50,"level":"low"}},{"type":"Feature","geometry":{"type":"LineString","coordinates":[[139.5339082,35.3093948],[139.5342188,35.3090409]]},"properties":{"edge_u":"1798210226","edge_v":"3937309255","avg_max_density":0.1161,"run_count":50,"level":"low"}},{"type":"Feature","geometry":{"type":"LineString","coordinates":[[139.5339082,35.3093948],[139.5338808,35.3094659]]},"properties":{"edge_u":"1798210226","edge_v":"4210089952","avg_max_density":0.1882,"run_count":50,"level":"low"}},{"type":"Feature","geometry":{"type":"LineString","coordinates":[[139.5339082,35.3093948],[139.5336281,35.3093677]]},"properties":{"edge_u":"1798210226","edge_v":"6707996875","avg_max_density":0.116,"run_count":50,"level":"low"}},{"type":"Feature","geometry":{"type":"LineString","coordinates":[[139.5336235,35.3103367],[139.533541,35.3103816]]},"properties":{"edge_u":"1798210244","edge_v":"3046697371","avg_max_density":0.1296,"run_count":50,"level":"low"}},{"type":"Feature","geometry":{"type":"LineString","coordinates":[[139.5336235,35.3103367],[139.5337843,35.3101047]]},"properties":{"edge_u":"1798210244","edge_v":"6707996882","avg_max_density":0.0872,"run_count":50,"level":"low"}},{"type":"Feature","geometry":{"type":"LineString","coordinates":[[139.5345097,35.3099822],[139.5344548,35.3099739]]},"properties":{"edge_u":"1798210327","edge_v":"3046697355","avg_max_density":0.0763,"run_count":50,"level":"low"}},{"type":"Feature","geometry":{"type":"LineString","coordinates":[[139.5345097,35.3099822],[139.534939,35.3100296]]},"properties":{"edge_u":"1798210327","edge_v":"3046697356","avg_max_density":0.0341,"run_count":50,"level":"low"}},{"type":"Feature","geometry":{"type":"LineString","coordinates":[[139.5345097,35.3099822],[139.5345901,35.3096145]]},"properties":{"edge_u":"1798210327","edge_v":"3381388857","avg_max_density":0.1139,"run_count":50,"level":"low"}},{"type":"Feature","geometry":{"type":"LineString","coordinates":[[139.5340952,35.3099305],[139.5338767,35.3098998]]},"properties":{"edge_u":"1798210354","edge_v":"301998438","avg_max_density":0.1092,"run_count":50,"level":"low"}},{"type":"Feature","geometry":{"type":"LineString","coordinates":[[139.5340952,35.3099305],[139.5341777,35.3099422]]},"properties":{"edge_u":"1798210354","edge_v":"4210089961","avg_max_density":0.0978,"run_count":50,"level":"low"}},{"type":"Feature","geometry":{"type":"LineString","coordinates":[[139.5527113,35.3057018],[139.552988,35.3057725]]},"properties":{"edge_u":"1808477930","edge_v":"6605818793","avg_max_density":0.1053,"run_count":50,"level":"low"}},{"type":"Feature","geometry":{"type":"LineString","coordinates":[[139.5527113,35.3057018],[139.5526638,35.3056789]]},"properties":{"edge_u":"1808477930","edge_v":"6605818899","avg_max_density":0.3262,"run_count":50,"level":"low"}},{"type":"Feature","geometry":{"type":"LineString","coordinates":[[139.5530182,35.3065055],[139.5526917,35.3065223]]},"properties":{"edge_u":"1808477936","edge_v":"6604234489","avg_max_density":0.0719,"run_count":50,"level":"low"}},{"type":"Feature","geometry":{"type":"LineString","coordinates":[[139.5530182,35.3065055],[139.5530381,35.3063673]]},"properties":{"edge_u":"1808477936","edge_v":"6606806866","avg_max_density":0.1785,"run_count":50,"level":"low"}},{"type":"Feature","geometry":{"type":"LineString","coordinates":[[139.5543268,35.3025285],[139.5544174,35.3026594]]},"properties":{"edge_u":"1808482442","edge_v":"2690553396","avg_max_density":0.3111,"run_count":50,"level":"low"}},{"type":"Feature","geometry":{"type":"LineString","coordinates":[[139.5543268,35.3025285],[139.5528498,35.3028475]]},"properties":{"edge_u":"1808482442","edge_v":"279690100","avg_max_density":0.0744,"run_count":50,"level":"low"}},{"type":"Feature","geometry":{"type":"LineString","coordinates":[[139.5512526,35.3050197],[139.5514363,35.3051426]]},"properties":{"edge_u":"1808493334","edge_v":"6605818907","avg_max_density":0.1008,"run_count":50,"level":"low"}},{"type":"Feature","geometry":{"type":"LineString","coordinates":[[139.5514685,35.3051642],[139.5518093,35.305408]]},"properties":{"edge_u":"1808493336","edge_v":"1808493337","avg_max_density":0.0938,"run_count":50,"level":"low"}},{"type":"Feature","geometry":{"type":"LineString","coordinates":[[139.5514685,35.3051642],[139.5511946,35.3053328]]},"properties":{"edge_u":"1808493336","edge_v":"266750275","avg_max_density":0.1621,"run_count":50,"level":"low"}},{"type":"Feature","geometry":{"type":"LineString","coordinates":[[139.5514685,35.3051642],[139.5514363,35.3051426]]},"properties":{"edge_u":"1808493336","edge_v":"6605818907","avg_max_density":0.1957,"run_count":50,"level":"low"}},{"type":"Feature","geometry":{"type":"LineString","coordinates":[[139.5518093,35.305408],[139.5517466,35.3054688]]},"properties":{"edge_u":"1808493337","edge_v":"266743612","avg_max_density":0.0513,"run_count":50,"level":"low"}},{"type":"Feature","geometry":{"type":"LineString","coordinates":[[139.5518093,35.305408],[139.5520081,35.3052378]]},"properties":{"edge_u":"1808493337","edge_v":"266743613","avg_max_density":0.0511,"run_count":50,"level":"low"}},{"type":"Feature","geometry":{"type":"LineString","coordinates":[[139.5544371,35.3095791],[139.5548217,35.3094103]]},"properties":{"edge_u":"1808521149","edge_v":"1808521151","avg_max_density":0.032,"run_count":50,"level":"low"}},{"type":"Feature","geometry":{"type":"LineString","coordinates":[[139.5544371,35.3095791],[139.5545389,35.3097776]]},"properties":{"edge_u":"1808521149","edge_v":"2690582469","avg_max_density":0.159,"run_count":50,"level":"low"}},{"type":"Feature","geometry":{"type":"LineString","coordinates":[[139.554035,35.3089068],[139.554827,35.3086692]]},"properties":{"edge_u":"1808521152","edge_v":"2690582459","avg_max_density":0.015,"run_count":50,"level":"low"}},{"type":"Feature","geometry":{"type":"LineString","coordinates":[[139.554035,35.3089068],[139.5541841,35.3091726]]},"properties":{"edge_u":"1808521152","edge_v":"6632607466","avg_max_density":0.0992,"run_count":50,"level":"low"}},{"type":"Feature","geometry":{"type":"LineString","coordinates":[[139.5430502,35.3134005],[139.5424952,35.3131008]]},"properties":{"edge_u":"1809867347","edge_v":"3974639063","avg_max_density":0.0761,"run_count":50,"level":"low"}},{"type":"Feature","geometry":{"type":"LineString","coordinates":[[139.5430502,35.3134005],[139.5431636,35.3131765]]},"properties":{"edge_u":"1809867347","edge_v":"6620539202","avg_max_density":0.082,"run_count":50,"level":"low"}},{"type":"Feature","geometry":{"type":"LineString","coordinates":[[139.5430502,35.3134005],[139.5434794,35.3136303]]},"properties":{"edge_u":"1809867347","edge_v":"6620539205","avg_max_density":0.0133,"run_count":50,"level":"low"}},{"type":"Feature","geometry":{"type":"LineString","coordinates":[[139.5470984,35.3124687],[139.547051,35.3122648]]},"properties":{"edge_u":"1809867348","edge_v":"279625171","avg_max_density":0.1646,"run_count":50,"level":"low"}},{"type":"Feature","geometry":{"type":"LineString","coordinates":[[139.5524446,35.3153548],[139.5528342,35.3152578]]},"properties":{"edge_u":"1826430777","edge_v":"1826430785","avg_max_density":0.0381,"run_count":50,"level":"low"}},{"type":"Feature","geometry":{"type":"LineString","coordinates":[[139.5524446,35.3153548],[139.5524401,35.3154664]]},"properties":{"edge_u":"1826430777","edge_v":"6604098947","avg_max_density":0.1245,"run_count":50,"level":"low"}},{"type":"Feature","geometry":{"type":"LineString","coordinates":[[139.5524446,35.3153548],[139.5522964,35.3150195]]},"properties":{"edge_u":"1826430777","edge_v":"6629390445","avg_max_density":0.0931,"run_count":50,"level":"low"}},{"type":"Feature","geometry":{"type":"LineString","coordinates":[[139.552281,35.3149892],[139.5525749,35.314897]]},"properties":{"edge_u":"1826430782","edge_v":"286547418","avg_max_density":0.0683,"run_count":50,"level":"low"}},{"type":"Feature","geometry":{"type":"LineString","coordinates":[[139.552281,35.3149892],[139.5522964,35.3150195]]},"properties":{"edge_u":"1826430782","edge_v":"6629390445","avg_max_density":0.1865,"run_count":50,"level":"low"}},{"type":"Feature","geometry":{"type":"LineString","coordinates":[[139.5528342,35.3152578],[139.553346,35.3151563]]},"properties":{"edge_u":"1826430785","edge_v":"286527321","avg_max_density":0.0231,"run_count":50,"level":"low"}},{"type":"Feature","geometry":{"type":"LineString","coordinates":[[139.5490368,35.3199706],[139.55023,35.3195007]]},"properties":{"edge_u":"1843514646","edge_v":"1843514653","avg_max_density":0.1913,"run_count":50,"level":"low"}},{"type":"Feature","geometry":{"type":"LineString","coordinates":[[139.5490368,35.3199706],[139.5488979,35.3197348]]},"properties":{"edge_u":"1843514646","edge_v":"266784040","avg_max_density":0.0745,"run_count":50,"level":"low"}},{"type":"Feature","geometry":{"type":"LineString","coordinates":[[139.5490368,35.3199706],[139.5492948,35.3203641]]},"properties":{"edge_u":"1843514646","edge_v":"266784041","avg_max_density":0.0442,"run_count":50,"level":"low"}},{"type":"Feature","geometry":{"type":"LineString","coordinates":[[139.55023,35.3195007],[139.5502682,35.319872]]},"properties":{"edge_u":"1843514653","edge_v":"266784029","avg_max_density":0.095,"run_count":50,"level":"low"}},{"type":"Feature","geometry":{"type":"LineString","coordinates":[[139.55023,35.3195007],[139.5502237,35.3194247]]},"properties":{"edge_u":"1843514653","edge_v":"6615779023","avg_max_density":0.1535,"run_count":50,"level":"low"}},{"type":"Feature","geometry":{"type":"LineString","coordinates":[[139.5493739,35.3144648],[139.5491871,35.3144751]]},"properties":{"edge_u":"1866686530","edge_v":"3937261817","avg_max_density":0.2696,"run_count":50,"level":"low"}},{"type":"Feature","geometry":{"type":"LineString","coordinates":[[139.5493739,35.3144648],[139.5494468,35.3145389]]},"properties":{"edge_u":"1866686530","edge_v":"6654531558","avg_max_density":0.2041,"run_count":50,"level":"low"}},{"type":"Feature","geometry":{"type":"LineString","coordinates":[[139.5493739,35.3144648],[139.5493238,35.3143469]]},"properties":{"edge_u":"1866686530","edge_v":"6654531559","avg_max_density":0.163,"run_count":50,"level":"low"}},{"type":"Feature","geometry":{"type":"LineString","coordinates":[[139.551219,35.3185249],[139.5507164,35.3185713]]},"properties":{"edge_u":"1866777648","edge_v":"2700953437","avg_max_density":0.03,"run_count":50,"level":"low"}},{"type":"Feature","geometry":{"type":"LineString","coordinates":[[139.551219,35.3185249],[139.5511618,35.3186838]]},"properties":{"edge_u":"1866777648","edge_v":"392648880","avg_max_density":0.0218,"run_count":50,"level":"low"}},{"type":"Feature","geometry":{"type":"LineString","coordinates":[[139.551219,35.3185249],[139.5510933,35.3181625]]},"properties":{"edge_u":"1866777648","edge_v":"4558179229","avg_max_density":0.0338,"run_count":50,"level":"low"}},{"type":"Feature","geometry":{"type":"LineString","coordinates":[[139.5511646,35.317569],[139.5510874,35.3174493]]},"properties":{"edge_u":"1866777651","edge_v":"266737364","avg_max_density":0.0165,"run_count":50,"level":"low"}},{"type":"Feature","geometry":{"type":"LineString","coordinates":[[139.5511646,35.317569],[139.551068,35.3176076]]},"properties":{"edge_u":"1866777651","edge_v":"2696085145","avg_max_density":0.1363,"run_count":50,"level":"low"}},{"type":"Feature","geometry":{"type":"LineString","coordinates":[[139.5511646,35.317569],[139.5514633,35.3180512]]},"properties":{"edge_u":"1866777651","edge_v":"6652594206","avg_max_density":0.0307,"run_count":50,"level":"low"}},{"type":"Feature","geometry":{"type":"LineString","coordinates":[[139.5533925,35.3209029],[139.5536254,35.3212904]]},"properties":{"edge_u":"1999525528","edge_v":"2019413402","avg_max_density":0.3367,"run_count":50,"level":"low"}},{"type":"Feature","geometry":{"type":"LineString","coordinates":[[139.5533925,35.3209029],[139.5539889,35.3207114]]},"properties":{"edge_u":"1999525528","edge_v":"2019413406","avg_max_density":0.1219,"run_count":50,"level":"low"}},{"type":"Feature","geometry":{"type":"LineString","coordinates":[[139.5524356,35.3194284],[139.5521855,35.3190253]]},"properties":{"edge_u":"2019365667","edge_v":"2019682811","avg_max_density":0.1167,"run_count":50,"level":"low"}},{"type":"Feature","geometry":{"type":"LineString","coordinates":[[139.5524356,35.3194284],[139.5523467,35.319468]]},"properties":{"edge_u":"2019365667","edge_v":"286629235","avg_max_density":0.0756,"run_count":50,"level":"low"}},{"type":"Feature","geometry":{"type":"LineString","coordinates":[[139.5524356,35.3194284],[139.5526553,35.3196845]]},"properties":{"edge_u":"2019365667","edge_v":"3801766597","avg_max_density":0.1758,"run_count":50,"level":"low"}},{"type":"Feature","geometry":{"type":"LineString","coordinates":[[139.551195,35.317421],[139.5510874,35.3174493]]},"properties":{"edge_u":"2019365668","edge_v":"266737364","avg_max_density":0.0631,"run_count":50,"level":"low"}},{"type":"Feature","geometry":{"type":"LineString","coordinates":[[139.551195,35.317421],[139.5514662,35.3173584]]},"properties":{"edge_u":"2019365668","edge_v":"266737372","avg_max_density":0.0808,"run_count":50,"level":"low"}},{"type":"Feature","geometry":{"type":"LineString","coordinates":[[139.551195,35.317421],[139.5509776,35.317064]]},"properties":{"edge_u":"2019365668","edge_v":"6652594228","avg_max_density":0.1258,"run_count":50,"level":"low"}},{"type":"Feature","geometry":{"type":"LineString","coordinates":[[139.551195,35.317421],[139.5515583,35.3180142]]},"properties":{"edge_u":"2019365668","edge_v":"6654360468","avg_max_density":0.1198,"run_count":50,"level":"low"}},{"type":"Feature","geometry":{"type":"LineString","coordinates":[[139.5509464,35.3169948],[139.5508204,35.3170286]]},"properties":{"edge_u":"2019365672","edge_v":"266737712","avg_max_density":0.0673,"run_count":50,"level":"low"}},{"type":"Feature","geometry":{"type":"LineString","coordinates":[[139.5509464,35.3169948],[139.5520001,35.3164949]]},"properties":{"edge_u":"2019365672","edge_v":"266737743","avg_max_density":0.0964,"run_count":50,"level":"low"}},{"type":"Feature","geometry":{"type":"LineString","coordinates":[[139.5509464,35.3169948],[139.5509007,35.3168789]]},"properties":{"edge_u":"2019365672","edge_v":"4679974584","avg_max_density":0.4635,"run_count":50,"level":"low"}},{"type":"Feature","geometry":{"type":"LineString","coordinates":[[139.5509464,35.3169948],[139.5509776,35.317064]]},"properties":{"edge_u":"2019365672","edge_v":"6652594228","avg_max_density":0.1789,"run_count":50,"level":"low"}},{"type":"Feature","geometry":{"type":"LineString","coordinates":[[139.5536254,35.3212904],[139.5539513,35.3211498]]},"properties":{"edge_u":"2019413402","edge_v":"2019413419","avg_max_density":0.1076,"run_count":50,"level":"low"}},{"type":"Feature","geometry":{"type":"LineString","coordinates":[[139.5536254,35.3212904],[139.5539905,35.3218876]]},"properties":{"edge_u":"2019413402","edge_v":"2019464004","avg_max_density":0.2605,"run_count":50,"level":"low"}},{"type":"Feature","geometry":{"type":"LineString","coordinates":[[139.5511866,35.3211933],[139.5515027,35.3210785]]},"properties":{"edge_u":"2019440704","edge_v":"2019440714","avg_max_density":0.0305,"run_count":50,"level":"low"}},{"type":"Feature","geometry":{"type":"LineString","coordinates":[[139.5512227,35.321552],[139.5515231,35.3219732]]},"properties":{"edge_u":"2019440709","edge_v":"2026322305","avg_max_density":0.036,"run_count":50,"level":"low"}},{"type":"Feature","geometry":{"type":"LineString","coordinates":[[139.5515027,35.3210785],[139.5514778,35.3207845]]},"properties":{"edge_u":"2019440714","edge_v":"2019440718","avg_max_density":0.0393,"run_count":50,"level":"low"}},{"type":"Feature","geometry":{"type":"LineString","coordinates":[[139.5515027,35.3210785],[139.5516018,35.3212487]]},"properties":{"edge_u":"2019440714","edge_v":"677291048","avg_max_density":0.114,"run_count":50,"level":"low"}},{"type":"Feature","geometry":{"type":"LineString","coordinates":[[139.5514778,35.3207845],[139.5510935,35.3210553]]},"properties":{"edge_u":"2019440718","edge_v":"2026322298","avg_max_density":0.0548,"run_count":50,"level":"low"}},{"type":"Feature","geometry":{"type":"LineString","coordinates":[[139.5514778,35.3207845],[139.5518018,35.3204358]]},"properties":{"edge_u":"2019440718","edge_v":"606299772","avg_max_density":0.1148,"run_count":50,"level":"low"}},{"type":"Feature","geometry":{"type":"LineString","coordinates":[[139.5532456,35.3220035],[139.5536294,35.3217722]]},"properties":{"edge_u":"2019463994","edge_v":"2019463996","avg_max_density":0.0596,"run_count":50,"level":"low"}},{"type":"Feature","geometry":{"type":"LineString","coordinates":[[139.5532456,35.3220035],[139.5536702,35.3226915]]},"properties":{"edge_u":"2019463994","edge_v":"606299792","avg_max_density":0.0138,"run_count":50,"level":"low"}},{"type":"Feature","geometry":{"type":"LineString","coordinates":[[139.5532456,35.3220035],[139.5531899,35.3220295]]},"properties":{"edge_u":"2019463994","edge_v":"682712176","avg_max_density":0.0824,"run_count":49,"level":"low"}},{"type":"Feature","geometry":{"type":"LineString","coordinates":[[139.5529654,35.3221409],[139.5531899,35.3220295]]},"properties":{"edge_u":"2019463995","edge_v":"682712176","avg_max_density":0.0139,"run_count":46,"level":"low"}},{"type":"Feature","geometry":{"type":"LineString","coordinates":[[139.5536294,35.3217722],[139.5536852,35.3217436]]},"properties":{"edge_u":"2019463996","edge_v":"4504329144","avg_max_density":0.1355,"run_count":50,"level":"low"}},{"type":"Feature","geometry":{"type":"LineString","coordinates":[[139.5536294,35.3217722],[139.5529537,35.3206992]]},"properties":{"edge_u":"2019463996","edge_v":"4504329151","avg_max_density":0.0178,"run_count":50,"level":"low"}},{"type":"Feature","geometry":{"type":"LineString","coordinates":[[139.5539905,35.3218876],[139.5543402,35.3224446]]},"properties":{"edge_u":"2019464004","edge_v":"2019464023","avg_max_density":0.2628,"run_count":50,"level":"low"}},{"type":"Feature","geometry":{"type":"LineString","coordinates":[[139.5539905,35.3218876],[139.5539466,35.3219112]]},"properties":{"edge_u":"2019464004","edge_v":"2481912259","avg_max_density":0.3784,"run_count":50,"level":"low"}},{"type":"Feature","geometry":{"type":"LineString","coordinates":[[139.5539905,35.3218876],[139.5546467,35.3215474]]},"properties":{"edge_u":"2019464004","edge_v":"4909921313","avg_max_density":0.018,"run_count":50,"level":"low"}},{"type":"Feature","geometry":{"type":"LineString","coordinates":[[139.5543402,35.3224446],[139.554459,35.3226372]]},"properties":{"edge_u":"2019464023","edge_v":"6595804689","avg_max_density":0.5464,"run_count":50,"level":"medium"}},{"type":"Feature","geometry":{"type":"LineString","coordinates":[[139.5543402,35.3224446],[139.5550889,35.3221082]]},"properties":{"edge_u":"2019464023","edge_v":"677283658","avg_max_density":0.0148,"run_count":50,"level":"low"}},{"type":"Feature","geometry":{"type":"LineString","coordinates":[[139.5550405,35.3235876],[139.554459,35.3226372]]},"properties":{"edge_u":"2019618067","edge_v":"6595804689","avg_max_density":0.0136,"run_count":47,"level":"low"}},{"type":"Feature","geometry":{"type":"LineString","coordinates":[[139.5526945,35.3187675],[139.5521855,35.3190253]]},"properties":{"edge_u":"2019682806","edge_v":"2019682811","avg_max_density":0.0924,"run_count":50,"level":"low"}},{"type":"Feature","geometry":{"type":"LineString","coordinates":[[139.5526945,35.3187675],[139.5530175,35.3191692]]},"properties":{"edge_u":"2019682806","edge_v":"2019682824","avg_max_density":0.1009,"run_count":50,"level":"low"}},{"type":"Feature","geometry":{"type":"LineString","coordinates":[[139.5526945,35.3187675],[139.553014,35.3186046]]},"properties":{"edge_u":"2019682806","edge_v":"2022678918","avg_max_density":0.044,"run_count":50,"level":"low"}},{"type":"Feature","geometry":{"type":"LineString","coordinates":[[139.5521855,35.3190253],[139.5520861,35.3190681]]},"properties":{"edge_u":"2019682811","edge_v":"3804632260","avg_max_density":0.0588,"run_count":50,"level":"low"}},{"type":"Feature","geometry":{"type":"LineString","coordinates":[[139.5521855,35.3190253],[139.552096,35.3188705]]},"properties":{"edge_u":"2019682811","edge_v":"6652594201","avg_max_density":0.2004,"run_count":50,"level":"low"}},{"type":"Feature","geometry":{"type":"LineString","coordinates":[[139.5530175,35.3191692],[139.553332,35.3190291]]},"properties":{"edge_u":"2019682824","edge_v":"2022678906","avg_max_density":0.1187,"run_count":50,"level":"low"}},{"type":"Feature","geometry":{"type":"LineString","coordinates":[[139.555498,35.3137247],[139.5557187,35.3136105]]},"properties":{"edge_u":"2022380005","edge_v":"2317809171","avg_max_density":0.0603,"run_count":50,"level":"low"}},{"type":"Feature","geometry":{"type":"LineString","coordinates":[[139.555498,35.3137247],[139.5555041,35.3137625]]},"properties":{"edge_u":"2022380005","edge_v":"6629385325","avg_max_density":0.1238,"run_count":40,"level":"low"}},{"type":"Feature","geometry":{"type":"LineString","coordinates":[[139.5555392,35.3138375],[139.5566472,35.3134393]]},"properties":{"edge_u":"2022380009","edge_v":"2789669158","avg_max_density":0.0528,"run_count":50,"level":"low"}},{"type":"Feature","geometry":{"type":"LineString","coordinates":[[139.5521153,35.3157429],[139.5524401,35.3154664]]},"properties":{"edge_u":"2022414929","edge_v":"6604098947","avg_max_density":0.0606,"run_count":50,"level":"low"}},{"type":"Feature","geometry":{"type":"LineString","coordinates":[[139.5541126,35.3151246],[139.553346,35.3151563]]},"properties":{"edge_u":"2022414931","edge_v":"286527321","avg_max_density":0.0125,"run_count":50,"level":"low"}},{"type":"Feature","geometry":{"type":"LineString","coordinates":[[139.5523067,35.3144709],[139.5525578,35.3148606]]},"properties":{"edge_u":"2022478228","edge_v":"6629390419","avg_max_density":0.0551,"run_count":50,"level":"low"}},{"type":"Feature","geometry":{"type":"LineString","coordinates":[[139.5531999,35.3188473],[139.553332,35.3190291]]},"properties":{"edge_u":"2022678901","edge_v":"2022678906","avg_max_density":0.0701,"run_count":50,"level":"low"}},{"type":"Feature","geometry":{"type":"LineString","coordinates":[[139.553332,35.3190291],[139.5537977,35.3188217]]},"properties":{"edge_u":"2022678906","edge_v":"266785589","avg_max_density":0.1224,"run_count":50,"level":"low"}},{"type":"Feature","geometry":{"type":"LineString","coordinates":[[139.5498332,35.3182599],[139.5491256,35.3186111]]},"properties":{"edge_u":"2022705722","edge_v":"4908753924","avg_max_density":0.2508,"run_count":50,"level":"low"}},{"type":"Feature","geometry":{"type":"LineString","coordinates":[[139.5498332,35.3182599],[139.5499526,35.3185857]]},"properties":{"edge_u":"2022705722","edge_v":"6596710972","avg_max_density":0.0903,"run_count":50,"level":"low"}},{"type":"Feature","geometry":{"type":"LineString","coordinates":[[139.5498332,35.3182599],[139.5497389,35.3180569]]},"properties":{"edge_u":"2022705722","edge_v":"6661627771","avg_max_density":0.0551,"run_count":50,"level":"low"}},{"type":"Feature","geometry":{"type":"LineString","coordinates":[[139.5488417,35.3186649],[139.5491256,35.3186111]]},"properties":{"edge_u":"2022705724","edge_v":"4908753924","avg_max_density":0.2583,"run_count":50,"level":"low"}},{"type":"Feature","geometry":{"type":"LineString","coordinates":[[139.5488417,35.3186649],[139.548954,35.3180262]]},"properties":{"edge_u":"2022705724","edge_v":"6600300548","avg_max_density":0.2075,"run_count":50,"level":"low"}},{"type":"Feature","geometry":{"type":"LineString","coordinates":[[139.5486873,35.3194041],[139.5471841,35.3196142]]},"properties":{"edge_u":"2022705725","edge_v":"266622202","avg_max_density":0.0187,"run_count":50,"level":"low"}},{"type":"Feature","geometry":{"type":"LineString","coordinates":[[139.5486873,35.3194041],[139.5487065,35.3194437]]},"properties":{"edge_u":"2022705725","edge_v":"2701051961","avg_max_density":0.1626,"run_count":50,"level":"low"}},{"type":"Feature","geometry":{"type":"LineString","coordinates":[[139.549252,35.3192948],[139.5491295,35.319061]]},"properties":{"edge_u":"2022705735","edge_v":"2022705737","avg_max_density":0.0599,"run_count":50,"level":"low"}},{"type":"Feature","geometry":{"type":"LineString","coordinates":[[139.549252,35.3192948],[139.5487065,35.3194437]]},"properties":{"edge_u":"2022705735","edge_v":"2701051961","avg_max_density":0.0524,"run_count":50,"level":"low"}},{"type":"Feature","geometry":{"type":"LineString","coordinates":[[139.549252,35.3192948],[139.5497759,35.3191303]]},"properties":{"edge_u":"2022705735","edge_v":"6655365656","avg_max_density":0.0571,"run_count":50,"level":"low"}},{"type":"Feature","geometry":{"type":"LineString","coordinates":[[139.5485139,35.3170476],[139.5486917,35.3170033]]},"properties":{"edge_u":"2022759310","edge_v":"6600299700","avg_max_density":0.1304,"run_count":50,"level":"low"}},{"type":"Feature","geometry":{"type":"LineString","coordinates":[[139.54683,35.3161022],[139.5467947,35.3160427]]},"properties":{"edge_u":"2022759322","edge_v":"3381151395","avg_max_density":0.093,"run_count":50,"level":"low"}},{"type":"Feature","geometry":{"type":"LineString","coordinates":[[139.5474473,35.3157496],[139.5470234,35.3155807]]},"properties":{"edge_u":"2022759326","edge_v":"5692291769","avg_max_density":0.1161,"run_count":50,"level":"low"}},{"type":"Feature","geometry":{"type":"LineString","coordinates":[[139.5474473,35.3157496],[139.5477418,35.3157819]]},"properties":{"edge_u":"2022759326","edge_v":"6819147492","avg_max_density":0.069,"run_count":50,"level":"low"}},{"type":"Feature","geometry":{"type":"LineString","coordinates":[[139.5494132,35.3205666],[139.5492948,35.3203641]]},"properties":{"edge_u":"2022899634","edge_v":"266784041","avg_max_density":0.025,"run_count":50,"level":"low"}},{"type":"Feature","geometry":{"type":"LineString","coordinates":[[139.5494132,35.3205666],[139.5483646,35.3208489]]},"properties":{"edge_u":"2022899634","edge_v":"606953674","avg_max_density":0.0818,"run_count":50,"level":"low"}},{"type":"Feature","geometry":{"type":"LineString","coordinates":[[139.5494132,35.3205666],[139.5496131,35.3208919]]},"properties":{"edge_u":"2022899634","edge_v":"6600063914","avg_max_density":0.0633,"run_count":50,"level":"low"}},{"type":"Feature","geometry":{"type":"LineString","coordinates":[[139.5465042,35.3152434],[139.546036,35.3154241]]},"properties":{"edge_u":"2022939603","edge_v":"6601517988","avg_max_density":0.0204,"run_count":50,"level":"low"}},{"type":"Feature","geometry":{"type":"LineString","coordinates":[[139.5465042,35.3152434],[139.5466232,35.3153265]]},"properties":{"edge_u":"2022939603","edge_v":"6654360101","avg_max_density":0.0359,"run_count":50,"level":"low"}},{"type":"Feature","geometry":{"type":"LineString","coordinates":[[139.5465042,35.3152434],[139.5464296,35.3151884]]},"properties":{"edge_u":"2022939603","edge_v":"6654360102","avg_max_density":0.0337,"run_count":50,"level":"low"}},{"type":"Feature","geometry":{"type":"LineString","coordinates":[[139.5465042,35.3152434],[139.5464857,35.3154482]]},"properties":{"edge_u":"2022939603","edge_v":"6819147490","avg_max_density":0.0307,"run_count":50,"level":"low"}},{"type":"Feature","geometry":{"type":"LineString","coordinates":[[139.5507616,35.3196982],[139.5511102,35.3203166]]},"properties":{"edge_u":"2026298953","edge_v":"606299770","avg_max_density":0.0261,"run_count":50,"level":"low"}},{"type":"Feature","geometry":{"type":"LineString","coordinates":[[139.5224461,35.3069284],[139.5223653,35.3067149]]},"properties":{"edge_u":"2031985685","edge_v":"6590128309","avg_max_density":0.0141,"run_count":50,"level":"low"}},{"type":"Feature","geometry":{"type":"LineString","coordinates":[[139.5338979,35.3086749],[139.5335297,35.3071369]]},"properties":{"edge_u":"2046293840","edge_v":"2710196053","avg_max_density":0.781,"run_count":50,"level":"medium"}},{"type":"Feature","geometry":{"type":"LineString","coordinates":[[139.5427537,35.309582],[139.5427713,35.3096421]]},"properties":{"edge_u":"2046293856","edge_v":"3833366196","avg_max_density":0.6229,"run_count":50,"level":"medium"}},{"type":"Feature","geometry":{"type":"LineString","coordinates":[[139.5427537,35.309582],[139.5451999,35.3092377]]},"properties":{"edge_u":"2046293856","edge_v":"3937261538","avg_max_density":0.2212,"run_count":50,"level":"low"}},{"type":"Feature","geometry":{"type":"LineString","coordinates":[[139.5427537,35.309582],[139.5425416,35.309612]]},"properties":{"edge_u":"2046293856","edge_v":"3937261549","avg_max_density":0.4792,"run_count":50,"level":"low"}},{"type":"Feature","geometry":{"type":"LineString","coordinates":[[139.5440221,35.3099965],[139.5440596,35.30999]]},"properties":{"edge_u":"2046293881","edge_v":"6654353361","avg_max_density":0.2127,"run_count":50,"level":"low"}},{"type":"Feature","geometry":{"type":"LineString","coordinates":[[139.5440221,35.3099965],[139.5428071,35.3097472]]},"properties":{"edge_u":"2046293881","edge_v":"6654353370","avg_max_density":0.0607,"run_count":50,"level":"low"}},{"type":"Feature","geometry":{"type":"LineString","coordinates":[[139.5440221,35.3099965],[139.5440678,35.3102162]]},"properties":{"edge_u":"2046293881","edge_v":"6654353371","avg_max_density":0.1045,"run_count":50,"level":"low"}},{"type":"Feature","geometry":{"type":"LineString","coordinates":[[139.5359831,35.3129187],[139.53608,35.3129325]]},"properties":{"edge_u":"2046293916","edge_v":"298025919","avg_max_density":0.0857,"run_count":50,"level":"low"}},{"type":"Feature","geometry":{"type":"LineString","coordinates":[[139.5359831,35.3129187],[139.5362226,35.3121067]]},"properties":{"edge_u":"2046293916","edge_v":"298025920","avg_max_density":0.1213,"run_count":50,"level":"low"}},{"type":"Feature","geometry":{"type":"LineString","coordinates":[[139.5359831,35.3129187],[139.5358404,35.3129014]]},"properties":{"edge_u":"2046293916","edge_v":"6701072657","avg_max_density":0.0552,"run_count":50,"level":"low"}},{"type":"Feature","geometry":{"type":"LineString","coordinates":[[139.5529155,35.3182962],[139.5534997,35.3181195]]},"properties":{"edge_u":"2052651111","edge_v":"2052651119","avg_max_density":0.0857,"run_count":50,"level":"low"}},{"type":"Feature","geometry":{"type":"LineString","coordinates":[[139.5529155,35.3182962],[139.5527655,35.31835]]},"properties":{"edge_u":"2052651111","edge_v":"2052651120","avg_max_density":0.2186,"run_count":50,"level":"low"}},{"type":"Feature","geometry":{"type":"LineString","coordinates":[[139.5529155,35.3182962],[139.5528444,35.3181383]]},"properties":{"edge_u":"2052651111","edge_v":"2052651123","avg_max_density":0.0553,"run_count":50,"level":"low"}},{"type":"Feature","geometry":{"type":"LineString","coordinates":[[139.5526573,35.3183908],[139.5527655,35.31835]]},"properties":{"edge_u":"2052651117","edge_v":"2052651120","avg_max_density":0.1359,"run_count":50,"level":"low"}},{"type":"Feature","geometry":{"type":"LineString","coordinates":[[139.5534997,35.3181195],[139.5534643,35.3180213]]},"properties":{"edge_u":"2052651119","edge_v":"6597761569","avg_max_density":0.0322,"run_count":50,"level":"low"}},{"type":"Feature","geometry":{"type":"LineString","coordinates":[[139.5534997,35.3181195],[139.5535792,35.3183072]]},"properties":{"edge_u":"2052651119","edge_v":"6597761572","avg_max_density":0.0539,"run_count":50,"level":"low"}},{"type":"Feature","geometry":{"type":"LineString","coordinates":[[139.5527655,35.31835],[139.5519691,35.3186604]]},"properties":{"edge_u":"2052651120","edge_v":"2481968450","avg_max_density":0.1225,"run_count":50,"level":"low"}},{"type":"Feature","geometry":{"type":"LineString","coordinates":[[139.5397256,35.3138616],[139.5386671,35.3137087]]},"properties":{"edge_u":"2054223975","edge_v":"4034120633","avg_max_density":0.1028,"run_count":50,"level":"low"}},{"type":"Feature","geometry":{"type":"LineString","coordinates":[[139.5397256,35.3138616],[139.5396594,35.3141293]]},"properties":{"edge_u":"2054223975","edge_v":"4034120634","avg_max_density":0.1453,"run_count":50,"level":"low"}},{"type":"Feature","geometry":{"type":"LineString","coordinates":[[139.5338053,35.3122196],[139.5337109,35.3122006]]},"properties":{"edge_u":"2054224017","edge_v":"7965628160","avg_max_density":0.079,"run_count":49,"level":"low"}},{"type":"Feature","geometry":{"type":"LineString","coordinates":[[139.5349168,35.3164314],[139.5351641,35.3157449]]},"properties":{"edge_u":"2054328070","edge_v":"260752568","avg_max_density":0.009,"run_count":50,"level":"low"}},{"type":"Feature","geometry":{"type":"LineString","coordinates":[[139.5204363,35.3041494],[139.5204856,35.3041676]]},"properties":{"edge_u":"2055829903","edge_v":"3620835334","avg_max_density":0.222,"run_count":50,"level":"low"}},{"type":"Feature","geometry":{"type":"LineString","coordinates":[[139.5501276,35.3086494],[139.549458,35.3091397]]},"properties":{"edge_u":"2057705894","edge_v":"279689978","avg_max_density":0.0628,"run_count":50,"level":"low"}},{"type":"Feature","geometry":{"type":"LineString","coordinates":[[139.5501276,35.3086494],[139.5498564,35.308173]]},"properties":{"edge_u":"2057705894","edge_v":"6612551688","avg_max_density":0.159,"run_count":50,"level":"low"}},{"type":"Feature","geometry":{"type":"LineString","coordinates":[[139.5349315,35.3109133],[139.5350301,35.310669]]},"properties":{"edge_u":"2077456177","edge_v":"3046697377","avg_max_density":0.1654,"run_count":50,"level":"low"}},{"type":"Feature","geometry":{"type":"LineString","coordinates":[[139.5349315,35.3109133],[139.5352352,35.3109914]]},"properties":{"edge_u":"2077456177","edge_v":"6707901853","avg_max_density":0.1078,"run_count":50,"level":"low"}},{"type":"Feature","geometry":{"type":"LineString","coordinates":[[139.5344615,35.3107932],[139.5338368,35.3105832]]},"properties":{"edge_u":"2077456179","edge_v":"2077456180","avg_max_density":0.0394,"run_count":50,"level":"low"}},{"type":"Feature","geometry":{"type":"LineString","coordinates":[[139.5344615,35.3107932],[139.5343702,35.3109834]]},"properties":{"edge_u":"2077456179","edge_v":"6698226155","avg_max_density":0.0971,"run_count":50,"level":"low"}},{"type":"Feature","geometry":{"type":"LineString","coordinates":[[139.5272747,35.3057306],[139.5266652,35.3059162]]},"properties":{"edge_u":"2077498665","edge_v":"759647213","avg_max_density":0.0594,"run_count":50,"level":"low"}},{"type":"Feature","geometry":{"type":"LineString","coordinates":[[139.5246319,35.3025899],[139.5251061,35.3024529]]},"properties":{"edge_u":"2102008717","edge_v":"6635018416","avg_max_density":0.2803,"run_count":50,"level":"low"}},{"type":"Feature","geometry":{"type":"LineString","coordinates":[[139.5246319,35.3025899],[139.525061,35.3023343]]},"properties":{"edge_u":"2102008717","edge_v":"6635018433","avg_max_density":0.0596,"run_count":50,"level":"low"}},{"type":"Feature","geometry":{"type":"LineString","coordinates":[[139.5246319,35.3025899],[139.5244782,35.3026491]]},"properties":{"edge_u":"2102008717","edge_v":"6637051467","avg_max_density":0.3164,"run_count":50,"level":"low"}},{"type":"Feature","geometry":{"type":"LineString","coordinates":[[139.5519286,35.3188263],[139.5518073,35.3188673]]},"properties":{"edge_u":"2134536492","edge_v":"3937261821","avg_max_density":0.0258,"run_count":50,"level":"low"}},{"type":"Feature","geometry":{"type":"LineString","coordinates":[[139.5519286,35.3188263],[139.5518539,35.3189453]]},"properties":{"edge_u":"2134536492","edge_v":"6615779041","avg_max_density":0.1628,"run_count":50,"level":"low"}},{"type":"Feature","geometry":{"type":"LineString","coordinates":[[139.5519286,35.3188263],[139.5517627,35.3187887]]},"properties":{"edge_u":"2134536492","edge_v":"6652594198","avg_max_density":0.6225,"run_count":50,"level":"medium"}},{"type":"Feature","geometry":{"type":"LineString","coordinates":[[139.5519286,35.3188263],[139.5519845,35.3186848]]},"properties":{"edge_u":"2134536492","edge_v":"6652594199","avg_max_density":0.0846,"run_count":50,"level":"low"}},{"type":"Feature","geometry":{"type":"LineString","coordinates":[[139.5519286,35.3188263],[139.552096,35.3188705]]},"properties":{"edge_u":"2134536492","edge_v":"6652594201","avg_max_density":0.4164,"run_count":50,"level":"low"}},{"type":"Feature","geometry":{"type":"LineString","coordinates":[[139.5462713,35.3085607],[139.5454908,35.3091424]]},"properties":{"edge_u":"2149874255","edge_v":"3937261533","avg_max_density":7.6421,"run_count":50,"level":"high"}},{"type":"Feature","geometry":{"type":"LineString","coordinates":[[139.5401181,35.3129739],[139.5400406,35.3136247]]},"properties":{"edge_u":"2269342300","edge_v":"2269342304","avg_max_density":0.1755,"run_count":50,"level":"low"}},{"type":"Feature","geometry":{"type":"LineString","coordinates":[[139.5401181,35.3129739],[139.5402303,35.3127549]]},"properties":{"edge_u":"2269342300","edge_v":"6542988457","avg_max_density":0.2673,"run_count":50,"level":"low"}},{"type":"Feature","geometry":{"type":"LineString","coordinates":[[139.5401181,35.3129739],[139.540957,35.3127597]]},"properties":{"edge_u":"2269342300","edge_v":"6612687777","avg_max_density":0.0527,"run_count":50,"level":"low"}},{"type":"Feature","geometry":{"type":"LineString","coordinates":[[139.5401181,35.3129739],[139.5396457,35.3130891]]},"properties":{"edge_u":"2269342300","edge_v":"6650522115","avg_max_density":0.1299,"run_count":50,"level":"low"}},{"type":"Feature","geometry":{"type":"LineString","coordinates":[[139.5400406,35.3136247],[139.5401438,35.3136419]]},"properties":{"edge_u":"2269342304","edge_v":"4035803519","avg_max_density":0.0866,"run_count":50,"level":"low"}},{"type":"Feature","geometry":{"type":"LineString","coordinates":[[139.5557187,35.3136105],[139.5555636,35.3134269]]},"properties":{"edge_u":"2317809171","edge_v":"2317809179","avg_max_density":0.139,"run_count":50,"level":"low"}},{"type":"Feature","geometry":{"type":"LineString","coordinates":[[139.5557187,35.3136105],[139.5558692,35.3135252]]},"properties":{"edge_u":"2317809171","edge_v":"6604098488","avg_max_density":0.0256,"run_count":50,"level":"low"}},{"type":"Feature","geometry":{"type":"LineString","coordinates":[[139.5514323,35.3153162],[139.5512666,35.3154044]]},"properties":{"edge_u":"2317809172","edge_v":"266737735","avg_max_density":0.1136,"run_count":50,"level":"low"}},{"type":"Feature","geometry":{"type":"LineString","coordinates":[[139.5514323,35.3153162],[139.5516097,35.3152437]]},"properties":{"edge_u":"2317809172","edge_v":"5351859446","avg_max_density":0.1175,"run_count":50,"level":"low"}},{"type":"Feature","geometry":{"type":"LineString","coordinates":[[139.5514323,35.3153162],[139.5514491,35.3153438]]},"properties":{"edge_u":"2317809172","edge_v":"6629390441","avg_max_density":0.391,"run_count":50,"level":"low"}},{"type":"Feature","geometry":{"type":"LineString","coordinates":[[139.5517514,35.3159711],[139.5514491,35.3153438]]},"properties":{"edge_u":"2317809180","edge_v":"6629390441","avg_max_density":0.0993,"run_count":50,"level":"low"}},{"type":"Feature","geometry":{"type":"LineString","coordinates":[[139.5500779,35.3126272],[139.5497137,35.3133079]]},"properties":{"edge_u":"2317809185","edge_v":"2481902447","avg_max_density":0.0428,"run_count":50,"level":"low"}},{"type":"Feature","geometry":{"type":"LineString","coordinates":[[139.5500779,35.3126272],[139.5493902,35.3128465]]},"properties":{"edge_u":"2317809185","edge_v":"4504260957","avg_max_density":0.1134,"run_count":50,"level":"low"}},{"type":"Feature","geometry":{"type":"LineString","coordinates":[[139.5500779,35.3126272],[139.5500629,35.3125965]]},"properties":{"edge_u":"2317809185","edge_v":"4550092801","avg_max_density":0.2639,"run_count":50,"level":"low"}},{"type":"Feature","geometry":{"type":"LineString","coordinates":[[139.5400351,35.3112982],[139.53983,35.311192]]},"properties":{"edge_u":"2317811972","edge_v":"2317811995","avg_max_density":0.0934,"run_count":50,"level":"low"}},{"type":"Feature","geometry":{"type":"LineString","coordinates":[[139.5401505,35.3110157],[139.5402176,35.3104616]]},"properties":{"edge_u":"2317811974","edge_v":"279623652","avg_max_density":0.1041,"run_count":50,"level":"low"}},{"type":"Feature","geometry":{"type":"LineString","coordinates":[[139.5401505,35.3110157],[139.5405522,35.3112068]]},"properties":{"edge_u":"2317811974","edge_v":"279623669","avg_max_density":0.0473,"run_count":50,"level":"low"}},{"type":"Feature","geometry":{"type":"LineString","coordinates":[[139.5401505,35.3110157],[139.5400042,35.3109554]]},"properties":{"edge_u":"2317811974","edge_v":"279623684","avg_max_density":0.1849,"run_count":50,"level":"low"}},{"type":"Feature","geometry":{"type":"LineString","coordinates":[[139.53983,35.311192],[139.5400042,35.3109554]]},"properties":{"edge_u":"2317811995","edge_v":"279623684","avg_max_density":0.1432,"run_count":50,"level":"low"}},{"type":"Feature","geometry":{"type":"LineString","coordinates":[[139.53983,35.311192],[139.5395085,35.3114986]]},"properties":{"edge_u":"2317811995","edge_v":"279623686","avg_max_density":0.1296,"run_count":50,"level":"low"}},{"type":"Feature","geometry":{"type":"LineString","coordinates":[[139.5364854,35.3154531],[139.535912,35.3156726]]},"properties":{"edge_u":"2317814228","edge_v":"266622223","avg_max_density":0.0522,"run_count":50,"level":"low"}},{"type":"Feature","geometry":{"type":"LineString","coordinates":[[139.5306674,35.3037113],[139.5321457,35.3046658]]},"properties":{"edge_u":"2407841292","edge_v":"2407841323","avg_max_density":0.1157,"run_count":50,"level":"low"}},{"type":"Feature","geometry":{"type":"LineString","coordinates":[[139.5321457,35.3046658],[139.5325171,35.3053115]]},"properties":{"edge_u":"2407841323","edge_v":"3937260651","avg_max_density":0.3015,"run_count":50,"level":"low"}},{"type":"Feature","geometry":{"type":"LineString","coordinates":[[139.5489394,35.3108516],[139.5495744,35.3113731]]},"properties":{"edge_u":"2481902419","edge_v":"2481902428","avg_max_density":0.2986,"run_count":50,"level":"low"}},{"type":"Feature","geometry":{"type":"LineString","coordinates":[[139.5489394,35.3108516],[139.5478915,35.3102336]]},"properties":{"edge_u":"2481902419","edge_v":"286527277","avg_max_density":0.2312,"run_count":50,"level":"low"}},{"type":"Feature","geometry":{"type":"LineString","coordinates":[[139.5489394,35.3108516],[139.5492774,35.3108886]]},"properties":{"edge_u":"2481902419","edge_v":"796607086","avg_max_density":0.1724,"run_count":50,"level":"low"}},{"type":"Feature","geometry":{"type":"LineString","coordinates":[[139.5490119,35.3104297],[139.5489995,35.310034]]},"properties":{"edge_u":"2481902421","edge_v":"2481902451","avg_max_density":0.0692,"run_count":50,"level":"low"}},{"type":"Feature","geometry":{"type":"LineString","coordinates":[[139.5490119,35.3104297],[139.549845,35.3109251]]},"properties":{"edge_u":"2481902421","edge_v":"2481902453","avg_max_density":0.1255,"run_count":50,"level":"low"}},{"type":"Feature","geometry":{"type":"LineString","coordinates":[[139.5490119,35.3104297],[139.5489805,35.3104867]]},"properties":{"edge_u":"2481902421","edge_v":"796607025","avg_max_density":0.3924,"run_count":50,"level":"low"}},{"type":"Feature","geometry":{"type":"LineString","coordinates":[[139.5509585,35.3155069],[139.5512226,35.314572]]},"properties":{"edge_u":"2481902423","edge_v":"2481902464","avg_max_density":0.2619,"run_count":50,"level":"low"}},{"type":"Feature","geometry":{"type":"LineString","coordinates":[[139.5509585,35.3155069],[139.5512666,35.3154044]]},"properties":{"edge_u":"2481902423","edge_v":"266737735","avg_max_density":0.0924,"run_count":50,"level":"low"}},{"type":"Feature","geometry":{"type":"LineString","coordinates":[[139.5509585,35.3155069],[139.5501658,35.3157216]]},"properties":{"edge_u":"2481902423","edge_v":"6654531550","avg_max_density":0.073,"run_count":50,"level":"low"}},{"type":"Feature","geometry":{"type":"LineString","coordinates":[[139.5518101,35.3089218],[139.5517253,35.3085683]]},"properties":{"edge_u":"2481902424","edge_v":"2481902435","avg_max_density":0.25,"run_count":50,"level":"low"}},{"type":"Feature","geometry":{"type":"LineString","coordinates":[[139.5518101,35.3089218],[139.5518853,35.309304]]},"properties":{"edge_u":"2481902424","edge_v":"2481902439","avg_max_density":0.2093,"run_count":50,"level":"low"}},{"type":"Feature","geometry":{"type":"LineString","coordinates":[[139.5495744,35.3113731],[139.5496228,35.3109109]]},"properties":{"edge_u":"2481902428","edge_v":"2481902483","avg_max_density":0.0947,"run_count":50,"level":"low"}},{"type":"Feature","geometry":{"type":"LineString","coordinates":[[139.5495744,35.3113731],[139.5499201,35.3109352]]},"properties":{"edge_u":"2481902428","edge_v":"2481902488","avg_max_density":0.3164,"run_count":50,"level":"low"}},{"type":"Feature","geometry":{"type":"LineString","coordinates":[[139.5491645,35.3098664],[139.5489995,35.310034]]},"properties":{"edge_u":"2481902430","edge_v":"2481902451","avg_max_density":0.2178,"run_count":50,"level":"low"}},{"type":"Feature","geometry":{"type":"LineString","coordinates":[[139.5491645,35.3098664],[139.5495629,35.3094052]]},"properties":{"edge_u":"2481902430","edge_v":"2481902482","avg_max_density":0.0825,"run_count":50,"level":"low"}},{"type":"Feature","geometry":{"type":"LineString","coordinates":[[139.5491645,35.3098664],[139.5487214,35.3099663]]},"properties":{"edge_u":"2481902430","edge_v":"6620482138","avg_max_density":0.1915,"run_count":50,"level":"low"}},{"type":"Feature","geometry":{"type":"LineString","coordinates":[[139.5517253,35.3085683],[139.5516152,35.3080663]]},"properties":{"edge_u":"2481902435","edge_v":"2481902484","avg_max_density":0.1888,"run_count":50,"level":"low"}},{"type":"Feature","geometry":{"type":"LineString","coordinates":[[139.5517253,35.3085683],[139.551871,35.3084312]]},"properties":{"edge_u":"2481902435","edge_v":"3292732338","avg_max_density":0.159,"run_count":50,"level":"low"}},{"type":"Feature","geometry":{"type":"LineString","coordinates":[[139.5500761,35.3105543],[139.5501396,35.3107135]]},"properties":{"edge_u":"2481902437","edge_v":"5955290653","avg_max_density":0.069,"run_count":50,"level":"low"}},{"type":"Feature","geometry":{"type":"LineString","coordinates":[[139.5500761,35.3105543],[139.550002,35.3103808]]},"properties":{"edge_u":"2481902437","edge_v":"5955290657","avg_max_density":0.0876,"run_count":50,"level":"low"}},{"type":"Feature","geometry":{"type":"LineString","coordinates":[[139.5500761,35.3105543],[139.550211,35.3103582]]},"properties":{"edge_u":"2481902437","edge_v":"5955290658","avg_max_density":0.0451,"run_count":50,"level":"low"}},{"type":"Feature","geometry":{"type":"LineString","coordinates":[[139.5518853,35.309304],[139.5519957,35.3092858]]},"properties":{"edge_u":"2481902439","edge_v":"6636848195","avg_max_density":0.2285,"run_count":50,"level":"low"}},{"type":"Feature","geometry":{"type":"LineString","coordinates":[[139.5514049,35.3096812],[139.5514531,35.3098686]]},"properties":{"edge_u":"2481902440","edge_v":"279689959","avg_max_density":0.0544,"run_count":50,"level":"low"}},{"type":"Feature","geometry":{"type":"LineString","coordinates":[[139.5514049,35.3096812],[139.5515196,35.3096408]]},"properties":{"edge_u":"2481902440","edge_v":"6620455022","avg_max_density":0.045,"run_count":50,"level":"low"}},{"type":"Feature","geometry":{"type":"LineString","coordinates":[[139.5508096,35.3100106],[139.5509435,35.3103107]]},"properties":{"edge_u":"2481902443","edge_v":"279681653","avg_max_density":0.1269,"run_count":50,"level":"low"}},{"type":"Feature","geometry":{"type":"LineString","coordinates":[[139.5508096,35.3100106],[139.5514531,35.3098686]]},"properties":{"edge_u":"2481902443","edge_v":"279689959","avg_max_density":0.0807,"run_count":50,"level":"low"}},{"type":"Feature","geometry":{"type":"LineString","coordinates":[[139.5508096,35.3100106],[139.5506011,35.3100586]]},"properties":{"edge_u":"2481902443","edge_v":"6625312739","avg_max_density":0.1551,"run_count":50,"level":"low"}},{"type":"Feature","geometry":{"type":"LineString","coordinates":[[139.549221,35.3079441],[139.5489927,35.3083094]]},"properties":{"edge_u":"2481902446","edge_v":"2481902449","avg_max_density":0.1305,"run_count":50,"level":"low"}},{"type":"Feature","geometry":{"type":"LineString","coordinates":[[139.549221,35.3079441],[139.5493768,35.3078988]]},"properties":{"edge_u":"2481902446","edge_v":"2481902475","avg_max_density":0.1696,"run_count":50,"level":"low"}},{"type":"Feature","geometry":{"type":"LineString","coordinates":[[139.5497137,35.3133079],[139.5495624,35.3131639]]},"properties":{"edge_u":"2481902447","edge_v":"4504260936","avg_max_density":0.1594,"run_count":50,"level":"low"}},{"type":"Feature","geometry":{"type":"LineString","coordinates":[[139.5497137,35.3133079],[139.5498016,35.313569]]},"properties":{"edge_u":"2481902447","edge_v":"4504260959","avg_max_density":0.0908,"run_count":50,"level":"low"}},{"type":"Feature","geometry":{"type":"LineString","coordinates":[[139.5489927,35.3083094],[139.549083,35.3084506]]},"properties":{"edge_u":"2481902449","edge_v":"6612551472","avg_max_density":0.088,"run_count":50,"level":"low"}},{"type":"Feature","geometry":{"type":"LineString","coordinates":[[139.5489995,35.310034],[139.5499353,35.3102281]]},"properties":{"edge_u":"2481902451","edge_v":"2481902467","avg_max_density":0.1793,"run_count":50,"level":"low"}},{"type":"Feature","geometry":{"type":"LineString","coordinates":[[139.549845,35.3109251],[139.5496228,35.3109109]]},"properties":{"edge_u":"2481902453","edge_v":"2481902483","avg_max_density":0.0564,"run_count":50,"level":"low"}},{"type":"Feature","geometry":{"type":"LineString","coordinates":[[139.549845,35.3109251],[139.5499201,35.3109352]]},"properties":{"edge_u":"2481902453","edge_v":"2481902488","avg_max_density":0.1137,"run_count":50,"level":"low"}},{"type":"Feature","geometry":{"type":"LineString","coordinates":[[139.5502969,35.3101287],[139.5503854,35.3099419]]},"properties":{"edge_u":"2481902454","edge_v":"2481902468","avg_max_density":0.0707,"run_count":50,"level":"low"}},{"type":"Feature","geometry":{"type":"LineString","coordinates":[[139.5502969,35.3101287],[139.5499279,35.3102162]]},"properties":{"edge_u":"2481902454","edge_v":"279689991","avg_max_density":0.1303,"run_count":50,"level":"low"}},{"type":"Feature","geometry":{"type":"LineString","coordinates":[[139.5502969,35.3101287],[139.550211,35.3103582]]},"properties":{"edge_u":"2481902454","edge_v":"5955290658","avg_max_density":0.0525,"run_count":50,"level":"low"}},{"type":"Feature","geometry":{"type":"LineString","coordinates":[[139.5502969,35.3101287],[139.5506011,35.3100586]]},"properties":{"edge_u":"2481902454","edge_v":"6625312739","avg_max_density":0.1426,"run_count":50,"level":"low"}},{"type":"Feature","geometry":{"type":"LineString","coordinates":[[139.5513433,35.3077857],[139.5516152,35.3080663]]},"properties":{"edge_u":"2481902458","edge_v":"2481902484","avg_max_density":0.1849,"run_count":50,"level":"low"}},{"type":"Feature","geometry":{"type":"LineString","coordinates":[[139.5513433,35.3077857],[139.5510978,35.3079771]]},"properties":{"edge_u":"2481902458","edge_v":"279689966","avg_max_density":0.0479,"run_count":50,"level":"low"}},{"type":"Feature","geometry":{"type":"LineString","coordinates":[[139.5513433,35.3077857],[139.5514368,35.3077233]]},"properties":{"edge_u":"2481902458","edge_v":"6612544768","avg_max_density":0.1757,"run_count":50,"level":"low"}},{"type":"Feature","geometry":{"type":"LineString","coordinates":[[139.5466603,35.3084523],[139.5465826,35.3083909]]},"properties":{"edge_u":"2481902463","edge_v":"286540320","avg_max_density":0.2228,"run_count":50,"level":"low"}},{"type":"Feature","geometry":{"type":"LineString","coordinates":[[139.5466603,35.3084523],[139.5470785,35.3086435]]},"properties":{"edge_u":"2481902463","edge_v":"3381151304","avg_max_density":0.2695,"run_count":50,"level":"low"}},{"type":"Feature","geometry":{"type":"LineString","coordinates":[[139.5466603,35.3084523],[139.5469666,35.3081891]]},"properties":{"edge_u":"2481902463","edge_v":"4425924718","avg_max_density":0.0587,"run_count":50,"level":"low"}},{"type":"Feature","geometry":{"type":"LineString","coordinates":[[139.5512226,35.314572],[139.5513798,35.3143434]]},"properties":{"edge_u":"2481902464","edge_v":"5351859448","avg_max_density":0.1127,"run_count":50,"level":"low"}},{"type":"Feature","geometry":{"type":"LineString","coordinates":[[139.5512226,35.314572],[139.5509958,35.3146798]]},"properties":{"edge_u":"2481902464","edge_v":"6604115807","avg_max_density":0.1586,"run_count":50,"level":"low"}},{"type":"Feature","geometry":{"type":"LineString","coordinates":[[139.5512393,35.3141029],[139.5513999,35.3139776]]},"properties":{"edge_u":"2481902466","edge_v":"2481902471","avg_max_density":0.2788,"run_count":50,"level":"low"}},{"type":"Feature","geometry":{"type":"LineString","coordinates":[[139.5512393,35.3141029],[139.5507988,35.3142437]]},"properties":{"edge_u":"2481902466","edge_v":"6604106624","avg_max_density":0.3792,"run_count":50,"level":"low"}},{"type":"Feature","geometry":{"type":"LineString","coordinates":[[139.5512393,35.3141029],[139.5513362,35.3142688]]},"properties":{"edge_u":"2481902466","edge_v":"6604106625","avg_max_density":0.1295,"run_count":50,"level":"low"}},{"type":"Feature","geometry":{"type":"LineString","coordinates":[[139.5499353,35.3102281],[139.5499279,35.3102162]]},"properties":{"edge_u":"2481902467","edge_v":"279689991","avg_max_density":0.2292,"run_count":50,"level":"low"}},{"type":"Feature","geometry":{"type":"LineString","coordinates":[[139.5499353,35.3102281],[139.550002,35.3103808]]},"properties":{"edge_u":"2481902467","edge_v":"5955290657","avg_max_density":0.1168,"run_count":50,"level":"low"}},{"type":"Feature","geometry":{"type":"LineString","coordinates":[[139.5503854,35.3099419],[139.5510558,35.3091847]]},"properties":{"edge_u":"2481902468","edge_v":"4519778562","avg_max_density":0.0338,"run_count":50,"level":"low"}},{"type":"Feature","geometry":{"type":"LineString","coordinates":[[139.5513999,35.3139776],[139.5513693,35.3139057]]},"properties":{"edge_u":"2481902471","edge_v":"266742136","avg_max_density":0.3356,"run_count":50,"level":"low"}},{"type":"Feature","geometry":{"type":"LineString","coordinates":[[139.5513999,35.3139776],[139.5515818,35.3142359]]},"properties":{"edge_u":"2481902471","edge_v":"5351859449","avg_max_density":0.2595,"run_count":50,"level":"low"}},{"type":"Feature","geometry":{"type":"LineString","coordinates":[[139.5493768,35.3078988],[139.549084,35.3068129]]},"properties":{"edge_u":"2481902475","edge_v":"2481902476","avg_max_density":0.0934,"run_count":50,"level":"low"}},{"type":"Feature","geometry":{"type":"LineString","coordinates":[[139.549084,35.3068129],[139.5492121,35.3068029]]},"properties":{"edge_u":"2481902476","edge_v":"5692253012","avg_max_density":0.146,"run_count":50,"level":"low"}},{"type":"Feature","geometry":{"type":"LineString","coordinates":[[139.5495629,35.3094052],[139.5497346,35.3097546]]},"properties":{"edge_u":"2481902482","edge_v":"6611867159","avg_max_density":0.2106,"run_count":50,"level":"low"}},{"type":"Feature","geometry":{"type":"LineString","coordinates":[[139.5496228,35.3109109],[139.5492774,35.3108886]]},"properties":{"edge_u":"2481902483","edge_v":"796607086","avg_max_density":0.079,"run_count":50,"level":"low"}},{"type":"Feature","geometry":{"type":"LineString","coordinates":[[139.5516152,35.3080663],[139.5518356,35.3080828]]},"properties":{"edge_u":"2481902484","edge_v":"3292732333","avg_max_density":0.1023,"run_count":50,"level":"low"}},{"type":"Feature","geometry":{"type":"LineString","coordinates":[[139.5499201,35.3109352],[139.5502439,35.3109565]]},"properties":{"edge_u":"2481902488","edge_v":"286527274","avg_max_density":0.2933,"run_count":50,"level":"low"}},{"type":"Feature","geometry":{"type":"LineString","coordinates":[[139.5540723,35.3111751],[139.554032,35.3116506]]},"properties":{"edge_u":"2481906469","edge_v":"2481906474","avg_max_density":0.0487,"run_count":50,"level":"low"}},{"type":"Feature","geometry":{"type":"LineString","coordinates":[[139.5548644,35.3109216],[139.5543438,35.311046]]},"properties":{"edge_u":"2481906470","edge_v":"2481906477","avg_max_density":0.1288,"run_count":50,"level":"low"}},{"type":"Feature","geometry":{"type":"LineString","coordinates":[[139.5548644,35.3109216],[139.5552442,35.3107033]]},"properties":{"edge_u":"2481906470","edge_v":"2481906479","avg_max_density":0.0701,"run_count":50,"level":"low"}},{"type":"Feature","geometry":{"type":"LineString","coordinates":[[139.5548644,35.3109216],[139.5554456,35.3107727]]},"properties":{"edge_u":"2481906470","edge_v":"2690546694","avg_max_density":0.1036,"run_count":50,"level":"low"}},{"type":"Feature","geometry":{"type":"LineString","coordinates":[[139.555248,35.3099934],[139.5555087,35.3102665]]},"properties":{"edge_u":"2481906471","edge_v":"2481906480","avg_max_density":0.0564,"run_count":50,"level":"low"}},{"type":"Feature","geometry":{"type":"LineString","coordinates":[[139.555248,35.3099934],[139.5549357,35.3096095]]},"properties":{"edge_u":"2481906471","edge_v":"2690582470","avg_max_density":0.0504,"run_count":50,"level":"low"}},{"type":"Feature","geometry":{"type":"LineString","coordinates":[[139.5538087,35.3117472],[139.5531847,35.3118909]]},"properties":{"edge_u":"2481906475","edge_v":"2481906485","avg_max_density":0.0337,"run_count":50,"level":"low"}},{"type":"Feature","geometry":{"type":"LineString","coordinates":[[139.5543438,35.311046],[139.554968,35.3103548]]},"properties":{"edge_u":"2481906477","edge_v":"6630214438","avg_max_density":0.1074,"run_count":50,"level":"low"}},{"type":"Feature","geometry":{"type":"LineString","coordinates":[[139.5552442,35.3107033],[139.5554155,35.3107001]]},"properties":{"edge_u":"2481906479","edge_v":"2690546696","avg_max_density":0.0575,"run_count":50,"level":"low"}},{"type":"Feature","geometry":{"type":"LineString","coordinates":[[139.5552442,35.3107033],[139.5550804,35.3104966]]},"properties":{"edge_u":"2481906479","edge_v":"6630214435","avg_max_density":0.046,"run_count":50,"level":"low"}},{"type":"Feature","geometry":{"type":"LineString","coordinates":[[139.5531847,35.3118909],[139.5531567,35.3116657]]},"properties":{"edge_u":"2481906485","edge_v":"266740856","avg_max_density":0.0858,"run_count":50,"level":"low"}},{"type":"Feature","geometry":{"type":"LineString","coordinates":[[139.5531847,35.3118909],[139.553232,35.3121879]]},"properties":{"edge_u":"2481906485","edge_v":"266743556","avg_max_density":0.0858,"run_count":50,"level":"low"}},{"type":"Feature","geometry":{"type":"LineString","coordinates":[[139.5535847,35.3083439],[139.5529828,35.3076612]]},"properties":{"edge_u":"2481909247","edge_v":"2481909294","avg_max_density":0.0916,"run_count":50,"level":"low"}},{"type":"Feature","geometry":{"type":"LineString","coordinates":[[139.5535847,35.3083439],[139.5536438,35.3084088]]},"properties":{"edge_u":"2481909247","edge_v":"266746269","avg_max_density":0.0962,"run_count":50,"level":"low"}},{"type":"Feature","geometry":{"type":"LineString","coordinates":[[139.5535847,35.3083439],[139.5538659,35.3081831]]},"properties":{"edge_u":"2481909247","edge_v":"6632598179","avg_max_density":0.084,"run_count":50,"level":"low"}},{"type":"Feature","geometry":{"type":"LineString","coordinates":[[139.5516361,35.3059916],[139.5521007,35.3056912]]},"properties":{"edge_u":"2481909262","edge_v":"266752449","avg_max_density":0.1854,"run_count":50,"level":"low"}},{"type":"Feature","geometry":{"type":"LineString","coordinates":[[139.5516361,35.3059916],[139.5515918,35.305903]]},"properties":{"edge_u":"2481909262","edge_v":"3620996905","avg_max_density":0.1187,"run_count":50,"level":"low"}},{"type":"Feature","geometry":{"type":"LineString","coordinates":[[139.5516361,35.3059916],[139.5517807,35.3062666]]},"properties":{"edge_u":"2481909262","edge_v":"6606806879","avg_max_density":0.0708,"run_count":50,"level":"low"}},{"type":"Feature","geometry":{"type":"LineString","coordinates":[[139.5500759,35.3065043],[139.550162,35.306824]]},"properties":{"edge_u":"2481909263","edge_v":"2481909307","avg_max_density":0.2859,"run_count":50,"level":"low"}},{"type":"Feature","geometry":{"type":"LineString","coordinates":[[139.5500759,35.3065043],[139.5498244,35.3065354]]},"properties":{"edge_u":"2481909263","edge_v":"6606779620","avg_max_density":0.0859,"run_count":50,"level":"low"}},{"type":"Feature","geometry":{"type":"LineString","coordinates":[[139.5529828,35.3076612],[139.5528185,35.3074292]]},"properties":{"edge_u":"2481909294","edge_v":"266748083","avg_max_density":0.1379,"run_count":50,"level":"low"}},{"type":"Feature","geometry":{"type":"LineString","coordinates":[[139.5529828,35.3076612],[139.5535765,35.3074732]]},"properties":{"edge_u":"2481909294","edge_v":"6636848203","avg_max_density":0.0896,"run_count":50,"level":"low"}},{"type":"Feature","geometry":{"type":"LineString","coordinates":[[139.5537824,35.3085905],[139.5536438,35.3084088]]},"properties":{"edge_u":"2481909297","edge_v":"266746269","avg_max_density":0.0651,"run_count":50,"level":"low"}},{"type":"Feature","geometry":{"type":"LineString","coordinates":[[139.5537824,35.3085905],[139.5546229,35.3084857]]},"properties":{"edge_u":"2481909297","edge_v":"6632598175","avg_max_density":0.0356,"run_count":50,"level":"low"}},{"type":"Feature","geometry":{"type":"LineString","coordinates":[[139.5562493,35.3050442],[139.5547539,35.3057104]]},"properties":{"edge_u":"2481909298","edge_v":"5692253017","avg_max_density":0.0101,"run_count":50,"level":"low"}},{"type":"Feature","geometry":{"type":"LineString","coordinates":[[139.5528744,35.305135],[139.5533116,35.3053021]]},"properties":{"edge_u":"2481909305","edge_v":"2690553386","avg_max_density":0.1077,"run_count":50,"level":"low"}},{"type":"Feature","geometry":{"type":"LineString","coordinates":[[139.5528744,35.305135],[139.5526638,35.3056789]]},"properties":{"edge_u":"2481909305","edge_v":"6605818899","avg_max_density":0.1103,"run_count":50,"level":"low"}},{"type":"Feature","geometry":{"type":"LineString","coordinates":[[139.5528744,35.305135],[139.5529172,35.3049535]]},"properties":{"edge_u":"2481909305","edge_v":"6605818901","avg_max_density":0.1579,"run_count":50,"level":"low"}},{"type":"Feature","geometry":{"type":"LineString","coordinates":[[139.550162,35.306824],[139.5505625,35.3068172]]},"properties":{"edge_u":"2481909307","edge_v":"279689970","avg_max_density":0.1392,"run_count":50,"level":"low"}},{"type":"Feature","geometry":{"type":"LineString","coordinates":[[139.5539466,35.3219112],[139.5542939,35.3224687]]},"properties":{"edge_u":"2481912259","edge_v":"2481912272","avg_max_density":0.0104,"run_count":50,"level":"low"}},{"type":"Feature","geometry":{"type":"LineString","coordinates":[[139.5539466,35.3219112],[139.5538111,35.3216884]]},"properties":{"edge_u":"2481912259","edge_v":"4504329145","avg_max_density":0.0156,"run_count":50,"level":"low"}},{"type":"Feature","geometry":{"type":"LineString","coordinates":[[139.5383427,35.3132331],[139.5382452,35.3136689]]},"properties":{"edge_u":"2481927219","edge_v":"4034120628","avg_max_density":0.1982,"run_count":50,"level":"low"}},{"type":"Feature","geometry":{"type":"LineString","coordinates":[[139.5407578,35.3144109],[139.5410017,35.3144948]]},"properties":{"edge_u":"2481927221","edge_v":"279553840","avg_max_density":0.1185,"run_count":50,"level":"low"}},{"type":"Feature","geometry":{"type":"LineString","coordinates":[[139.5407578,35.3144109],[139.5404509,35.3143019]]},"properties":{"edge_u":"2481927221","edge_v":"4910506782","avg_max_density":0.0759,"run_count":50,"level":"low"}},{"type":"Feature","geometry":{"type":"LineString","coordinates":[[139.5407578,35.3144109],[139.5399224,35.3146267]]},"properties":{"edge_u":"2481927221","edge_v":"6611039666","avg_max_density":0.0262,"run_count":50,"level":"low"}},{"type":"Feature","geometry":{"type":"LineString","coordinates":[[139.5378293,35.3118938],[139.5380324,35.3116709]]},"properties":{"edge_u":"2481960388","edge_v":"279624722","avg_max_density":0.1388,"run_count":50,"level":"low"}},{"type":"Feature","geometry":{"type":"LineString","coordinates":[[139.5367675,35.3114851],[139.5367439,35.3116642]]},"properties":{"edge_u":"2481960400","edge_v":"2481960402","avg_max_density":0.0786,"run_count":50,"level":"low"}},{"type":"Feature","geometry":{"type":"LineString","coordinates":[[139.5367675,35.3114851],[139.5368446,35.3114793]]},"properties":{"edge_u":"2481960400","edge_v":"279624838","avg_max_density":0.1892,"run_count":50,"level":"low"}},{"type":"Feature","geometry":{"type":"LineString","coordinates":[[139.5367675,35.3114851],[139.5363842,35.3115809]]},"properties":{"edge_u":"2481960400","edge_v":"279624840","avg_max_density":0.1253,"run_count":50,"level":"low"}},{"type":"Feature","geometry":{"type":"LineString","coordinates":[[139.5367439,35.3116642],[139.5362226,35.3121067]]},"properties":{"edge_u":"2481960402","edge_v":"298025920","avg_max_density":0.0688,"run_count":50,"level":"low"}},{"type":"Feature","geometry":{"type":"LineString","coordinates":[[139.553765,35.3163751],[139.5539949,35.3171795]]},"properties":{"edge_u":"2481968440","edge_v":"2481968454","avg_max_density":0.2063,"run_count":50,"level":"low"}},{"type":"Feature","geometry":{"type":"LineString","coordinates":[[139.553765,35.3163751],[139.5532959,35.3164858]]},"properties":{"edge_u":"2481968440","edge_v":"266785602","avg_max_density":0.1864,"run_count":50,"level":"low"}},{"type":"Feature","geometry":{"type":"LineString","coordinates":[[139.5519691,35.3186604],[139.5519845,35.3186848]]},"properties":{"edge_u":"2481968450","edge_v":"6652594199","avg_max_density":0.1864,"run_count":50,"level":"low"}},{"type":"Feature","geometry":{"type":"LineString","coordinates":[[139.5539949,35.3171795],[139.5534022,35.3171276]]},"properties":{"edge_u":"2481968454","edge_v":"266785598","avg_max_density":0.0372,"run_count":50,"level":"low"}},{"type":"Feature","geometry":{"type":"LineString","coordinates":[[139.5539949,35.3171795],[139.5542125,35.3171793]]},"properties":{"edge_u":"2481968454","edge_v":"6597703170","avg_max_density":0.1276,"run_count":50,"level":"low"}},{"type":"Feature","geometry":{"type":"LineString","coordinates":[[139.5349443,35.312743],[139.5352564,35.3128179]]},"properties":{"edge_u":"2481986082","edge_v":"266622424","avg_max_density":0.1311,"run_count":50,"level":"low"}},{"type":"Feature","geometry":{"type":"LineString","coordinates":[[139.5349443,35.312743],[139.5340865,35.3125689]]},"properties":{"edge_u":"2481986082","edge_v":"7965377564","avg_max_density":0.1047,"run_count":50,"level":"low"}},{"type":"Feature","geometry":{"type":"LineString","coordinates":[[139.541216,35.3137922],[139.5410017,35.3144948]]},"properties":{"edge_u":"2481986083","edge_v":"279553840","avg_max_density":0.358,"run_count":50,"level":"low"}},{"type":"Feature","geometry":{"type":"LineString","coordinates":[[139.541216,35.3137922],[139.5406008,35.3137178]]},"properties":{"edge_u":"2481986083","edge_v":"4910507340","avg_max_density":0.0398,"run_count":50,"level":"low"}},{"type":"Feature","geometry":{"type":"LineString","coordinates":[[139.541216,35.3137922],[139.5414576,35.3138061]]},"properties":{"edge_u":"2481986083","edge_v":"5468664496","avg_max_density":0.1028,"run_count":50,"level":"low"}},{"type":"Feature","geometry":{"type":"LineString","coordinates":[[139.5567268,35.2967573],[139.5568391,35.2966549]]},"properties":{"edge_u":"2482105378","edge_v":"3292731219","avg_max_density":0.1279,"run_count":50,"level":"low"}},{"type":"Feature","geometry":{"type":"LineString","coordinates":[[139.5567268,35.2967573],[139.5565337,35.2969476]]},"properties":{"edge_u":"2482105378","edge_v":"3292731231","avg_max_density":0.1383,"run_count":50,"level":"low"}},{"type":"Feature","geometry":{"type":"LineString","coordinates":[[139.5580307,35.2969097],[139.5577178,35.2967776]]},"properties":{"edge_u":"2482105438","edge_v":"3806626075","avg_max_density":0.0634,"run_count":50,"level":"low"}},{"type":"Feature","geometry":{"type":"LineString","coordinates":[[139.5580307,35.2969097],[139.5578094,35.2970842]]},"properties":{"edge_u":"2482105438","edge_v":"3806626117","avg_max_density":0.0274,"run_count":50,"level":"low"}},{"type":"Feature","geometry":{"type":"LineString","coordinates":[[139.557067,35.2969608],[139.5570146,35.2971775]]},"properties":{"edge_u":"2482105458","edge_v":"3292731234","avg_max_density":0.2734,"run_count":50,"level":"low"}},{"type":"Feature","geometry":{"type":"LineString","coordinates":[[139.557067,35.2969608],[139.5572492,35.2969843]]},"properties":{"edge_u":"2482105458","edge_v":"3806626099","avg_max_density":0.096,"run_count":50,"level":"low"}},{"type":"Feature","geometry":{"type":"LineString","coordinates":[[139.5532706,35.3040421],[139.5531177,35.3039202]]},"properties":{"edge_u":"2485865431","edge_v":"266743623","avg_max_density":0.1377,"run_count":50,"level":"low"}},{"type":"Feature","geometry":{"type":"LineString","coordinates":[[139.5532706,35.3040421],[139.5533575,35.3041834]]},"properties":{"edge_u":"2485865431","edge_v":"2690553382","avg_max_density":0.1233,"run_count":50,"level":"low"}},{"type":"Feature","geometry":{"type":"LineString","coordinates":[[139.5532706,35.3040421],[139.5536956,35.3039055]]},"properties":{"edge_u":"2485865431","edge_v":"7912560975","avg_max_density":0.1025,"run_count":50,"level":"low"}},{"type":"Feature","geometry":{"type":"LineString","coordinates":[[139.5350858,35.313894],[139.535206,35.3130694]]},"properties":{"edge_u":"2485943370","edge_v":"260752554","avg_max_density":0.0616,"run_count":50,"level":"low"}},{"type":"Feature","geometry":{"type":"LineString","coordinates":[[139.5350858,35.313894],[139.5344743,35.3138583]]},"properties":{"edge_u":"2485943370","edge_v":"6632502108","avg_max_density":0.1059,"run_count":50,"level":"low"}},{"type":"Feature","geometry":{"type":"LineString","coordinates":[[139.510984,35.308446],[139.5107693,35.3073801]]},"properties":{"edge_u":"2487550190","edge_v":"6636662620","avg_max_density":0.016,"run_count":50,"level":"low"}},{"type":"Feature","geometry":{"type":"LineString","coordinates":[[139.5137813,35.3046091],[139.5135807,35.3046238]]},"properties":{"edge_u":"2487550209","edge_v":"2487550225","avg_max_density":0.3197,"run_count":50,"level":"low"}},{"type":"Feature","geometry":{"type":"LineString","coordinates":[[139.5137813,35.3046091],[139.5140392,35.3044864]]},"properties":{"edge_u":"2487550209","edge_v":"3937309128","avg_max_density":0.2614,"run_count":50,"level":"low"}},{"type":"Feature","geometry":{"type":"LineString","coordinates":[[139.5137813,35.3046091],[139.5147826,35.3062942]]},"properties":{"edge_u":"2487550209","edge_v":"677435579","avg_max_density":0.4195,"run_count":50,"level":"low"}},{"type":"Feature","geometry":{"type":"LineString","coordinates":[[139.5118513,35.3072373],[139.5112595,35.3071684]]},"properties":{"edge_u":"2487550211","edge_v":"288792397","avg_max_density":0.0352,"run_count":50,"level":"low"}},{"type":"Feature","geometry":{"type":"LineString","coordinates":[[139.5135807,35.3046238],[139.5135338,35.304589]]},"properties":{"edge_u":"2487550225","edge_v":"3833365666","avg_max_density":0.2515,"run_count":50,"level":"low"}},{"type":"Feature","geometry":{"type":"LineString","coordinates":[[139.5135807,35.3046238],[139.510683,35.3053306]]},"properties":{"edge_u":"2487550225","edge_v":"3937260654","avg_max_density":0.7325,"run_count":50,"level":"medium"}},{"type":"Feature","geometry":{"type":"LineString","coordinates":[[139.5135807,35.3046238],[139.5140392,35.3044864]]},"properties":{"edge_u":"2487550225","edge_v":"3937309128","avg_max_density":0.1692,"run_count":50,"level":"low"}},{"type":"Feature","geometry":{"type":"LineString","coordinates":[[139.5266336,35.3052327],[139.5269505,35.3045086]]},"properties":{"edge_u":"2487552012","edge_v":"6635019037","avg_max_density":0.0227,"run_count":50,"level":"low"}},{"type":"Feature","geometry":{"type":"LineString","coordinates":[[139.5266336,35.3052327],[139.5269333,35.3054167]]},"properties":{"edge_u":"2487552012","edge_v":"6635019048","avg_max_density":0.0222,"run_count":50,"level":"low"}},{"type":"Feature","geometry":{"type":"LineString","coordinates":[[139.5266336,35.3052327],[139.5263064,35.3054336]]},"properties":{"edge_u":"2487552012","edge_v":"759647045","avg_max_density":0.074,"run_count":50,"level":"low"}},{"type":"Feature","geometry":{"type":"LineString","coordinates":[[139.5262291,35.3057389],[139.5263064,35.3054336]]},"properties":{"edge_u":"2487552021","edge_v":"759647045","avg_max_density":0.161,"run_count":50,"level":"low"}},{"type":"Feature","geometry":{"type":"LineString","coordinates":[[139.5239977,35.3037079],[139.5244184,35.3040809]]},"properties":{"edge_u":"2487552042","edge_v":"7241512960","avg_max_density":0.153,"run_count":50,"level":"low"}},{"type":"Feature","geometry":{"type":"LineString","coordinates":[[139.5239977,35.3037079],[139.5248827,35.3033388]]},"properties":{"edge_u":"2487552042","edge_v":"759646337","avg_max_density":0.0447,"run_count":50,"level":"low"}},{"type":"Feature","geometry":{"type":"LineString","coordinates":[[139.5239977,35.3037079],[139.5234711,35.3041495]]},"properties":{"edge_u":"2487552042","edge_v":"759647847","avg_max_density":0.1218,"run_count":50,"level":"low"}},{"type":"Feature","geometry":{"type":"LineString","coordinates":[[139.5477265,35.3119777],[139.5475071,35.3116486]]},"properties":{"edge_u":"255479223","edge_v":"255486553","avg_max_density":0.0498,"run_count":50,"level":"low"}},{"type":"Feature","geometry":{"type":"LineString","coordinates":[[139.5477265,35.3119777],[139.5478561,35.3121832]]},"properties":{"edge_u":"255479223","edge_v":"2690546681","avg_max_density":0.0382,"run_count":50,"level":"low"}},{"type":"Feature","geometry":{"type":"LineString","coordinates":[[139.5477265,35.3119777],[139.5476476,35.3120097]]},"properties":{"edge_u":"255479223","edge_v":"2696085120","avg_max_density":0.2183,"run_count":50,"level":"low"}},{"type":"Feature","geometry":{"type":"LineString","coordinates":[[139.5480789,35.3125483],[139.5478561,35.3121832]]},"properties":{"edge_u":"255479231","edge_v":"2690546681","avg_max_density":0.0192,"run_count":50,"level":"low"}},{"type":"Feature","geometry":{"type":"LineString","coordinates":[[139.5480789,35.3125483],[139.5480101,35.3125866]]},"properties":{"edge_u":"255479231","edge_v":"2696085124","avg_max_density":0.3738,"run_count":50,"level":"low"}},{"type":"Feature","geometry":{"type":"LineString","coordinates":[[139.5480789,35.3125483],[139.5482637,35.3128244]]},"properties":{"edge_u":"255479231","edge_v":"3381151367","avg_max_density":0.113,"run_count":50,"level":"low"}},{"type":"Feature","geometry":{"type":"LineString","coordinates":[[139.5487898,35.3136697],[139.548773,35.3135647]]},"properties":{"edge_u":"255479236","edge_v":"255486535","avg_max_density":0.1896,"run_count":50,"level":"low"}},{"type":"Feature","geometry":{"type":"LineString","coordinates":[[139.5487898,35.3136697],[139.5493883,35.3146206]]},"properties":{"edge_u":"255479236","edge_v":"266740815","avg_max_density":0.1344,"run_count":50,"level":"low"}},{"type":"Feature","geometry":{"type":"LineString","coordinates":[[139.5487898,35.3136697],[139.5483104,35.3129623]]},"properties":{"edge_u":"255479236","edge_v":"279454054","avg_max_density":0.0092,"run_count":50,"level":"low"}},{"type":"Feature","geometry":{"type":"LineString","coordinates":[[139.5505766,35.3166435],[139.5507347,35.3169]]},"properties":{"edge_u":"255479250","edge_v":"266737728","avg_max_density":0.0237,"run_count":50,"level":"low"}},{"type":"Feature","geometry":{"type":"LineString","coordinates":[[139.5505766,35.3166435],[139.5504635,35.3167218]]},"properties":{"edge_u":"255479250","edge_v":"3381151411","avg_max_density":0.0498,"run_count":50,"level":"low"}},{"type":"Feature","geometry":{"type":"LineString","coordinates":[[139.5505766,35.3166435],[139.5501139,35.3158316]]},"properties":{"edge_u":"255479250","edge_v":"6654531544","avg_max_density":0.0234,"run_count":50,"level":"low"}},{"type":"Feature","geometry":{"type":"LineString","coordinates":[[139.552579,35.3196633],[139.5525085,35.3196946]]},"properties":{"edge_u":"255486492","edge_v":"266787871","avg_max_density":0.2252,"run_count":50,"level":"low"}},{"type":"Feature","geometry":{"type":"LineString","coordinates":[[139.552579,35.3196633],[139.5526553,35.3196845]]},"properties":{"edge_u":"255486492","edge_v":"3801766597","avg_max_density":0.2721,"run_count":50,"level":"low"}},{"type":"Feature","geometry":{"type":"LineString","coordinates":[[139.552579,35.3196633],[139.5525566,35.3196328]]},"properties":{"edge_u":"255486492","edge_v":"3899305889","avg_max_density":0.0264,"run_count":48,"level":"low"}},{"type":"Feature","geometry":{"type":"LineString","coordinates":[[139.552579,35.3196633],[139.5531226,35.3205568]]},"properties":{"edge_u":"255486492","edge_v":"4909921309","avg_max_density":0.0029,"run_count":50,"level":"low"}},{"type":"Feature","geometry":{"type":"LineString","coordinates":[[139.548773,35.3135647],[139.5485697,35.313158]]},"properties":{"edge_u":"255486535","edge_v":"286629241","avg_max_density":0.142,"run_count":50,"level":"low"}},{"type":"Feature","geometry":{"type":"LineString","coordinates":[[139.548773,35.3135647],[139.5495624,35.3131639]]},"properties":{"edge_u":"255486535","edge_v":"4504260936","avg_max_density":0.0964,"run_count":50,"level":"low"}},{"type":"Feature","geometry":{"type":"LineString","coordinates":[[139.5483023,35.3128777],[139.5483104,35.3129623]]},"properties":{"edge_u":"255486541","edge_v":"279454054","avg_max_density":0.0263,"run_count":50,"level":"low"}},{"type":"Feature","geometry":{"type":"LineString","coordinates":[[139.5483023,35.3128777],[139.5485697,35.313158]]},"properties":{"edge_u":"255486541","edge_v":"286629241","avg_max_density":0.1206,"run_count":50,"level":"low"}},{"type":"Feature","geometry":{"type":"LineString","coordinates":[[139.5483023,35.3128777],[139.5482637,35.3128244]]},"properties":{"edge_u":"255486541","edge_v":"3381151367","avg_max_density":0.17,"run_count":50,"level":"low"}},{"type":"Feature","geometry":{"type":"LineString","coordinates":[[139.5475071,35.3116486],[139.5472444,35.3112273]]},"properties":{"edge_u":"255486553","edge_v":"2690546661","avg_max_density":0.0144,"run_count":50,"level":"low"}},{"type":"Feature","geometry":{"type":"LineString","coordinates":[[139.5475071,35.3116486],[139.5476103,35.311608]]},"properties":{"edge_u":"255486553","edge_v":"4679974914","avg_max_density":0.0803,"run_count":50,"level":"low"}},{"type":"Feature","geometry":{"type":"LineString","coordinates":[[139.5449883,35.3093446],[139.5450084,35.309438]]},"properties":{"edge_u":"255536588","edge_v":"3937261545","avg_max_density":0.0848,"run_count":50,"level":"low"}},{"type":"Feature","geometry":{"type":"LineString","coordinates":[[139.5443264,35.3094252],[139.543155,35.3095206]]},"properties":{"edge_u":"255536590","edge_v":"2701043669","avg_max_density":0.0373,"run_count":50,"level":"low"}},{"type":"Feature","geometry":{"type":"LineString","coordinates":[[139.5188193,35.3033504],[139.5188091,35.3033015]]},"properties":{"edge_u":"255536741","edge_v":"3937260604","avg_max_density":0.2049,"run_count":50,"level":"low"}},{"type":"Feature","geometry":{"type":"LineString","coordinates":[[139.5188193,35.3033504],[139.5188289,35.3033968]]},"properties":{"edge_u":"255536741","edge_v":"3937260614","avg_max_density":0.5638,"run_count":50,"level":"medium"}},{"type":"Feature","geometry":{"type":"LineString","coordinates":[[139.535206,35.3130694],[139.5352564,35.3128179]]},"properties":{"edge_u":"260752554","edge_v":"266622424","avg_max_density":0.0858,"run_count":50,"level":"low"}},{"type":"Feature","geometry":{"type":"LineString","coordinates":[[139.5350283,35.3144824],[139.5351545,35.315126]]},"properties":{"edge_u":"260752556","edge_v":"260752558","avg_max_density":0.0344,"run_count":50,"level":"low"}},{"type":"Feature","geometry":{"type":"LineString","coordinates":[[139.5351545,35.315126],[139.5351913,35.3156117]]},"properties":{"edge_u":"260752558","edge_v":"260752572","avg_max_density":0.0443,"run_count":50,"level":"low"}},{"type":"Feature","geometry":{"type":"LineString","coordinates":[[139.5351545,35.315126],[139.5354024,35.3150675]]},"properties":{"edge_u":"260752558","edge_v":"266622220","avg_max_density":0.0767,"run_count":50,"level":"low"}},{"type":"Feature","geometry":{"type":"LineString","coordinates":[[139.5351641,35.3157449],[139.5351913,35.3156117]]},"properties":{"edge_u":"260752568","edge_v":"260752572","avg_max_density":0.0557,"run_count":50,"level":"low"}},{"type":"Feature","geometry":{"type":"LineString","coordinates":[[139.5351641,35.3157449],[139.5353096,35.3157363]]},"properties":{"edge_u":"260752568","edge_v":"8090643406","avg_max_density":0.2853,"run_count":50,"level":"low"}},{"type":"Feature","geometry":{"type":"LineString","coordinates":[[139.5351913,35.3156117],[139.5352811,35.3156121]]},"properties":{"edge_u":"260752572","edge_v":"260752573","avg_max_density":0.1362,"run_count":50,"level":"low"}},{"type":"Feature","geometry":{"type":"LineString","coordinates":[[139.5352811,35.3156121],[139.5354607,35.3155924]]},"properties":{"edge_u":"260752573","edge_v":"8090643365","avg_max_density":0.0488,"run_count":50,"level":"low"}},{"type":"Feature","geometry":{"type":"LineString","coordinates":[[139.5355155,35.3161629],[139.5354481,35.31598]]},"properties":{"edge_u":"260752576","edge_v":"8090643404","avg_max_density":0.2938,"run_count":50,"level":"low"}},{"type":"Feature","geometry":{"type":"LineString","coordinates":[[139.5355155,35.3161629],[139.5356884,35.3166473]]},"properties":{"edge_u":"260752576","edge_v":"8090655623","avg_max_density":0.0048,"run_count":50,"level":"low"}},{"type":"Feature","geometry":{"type":"LineString","coordinates":[[139.5355155,35.3161629],[139.5353967,35.316184]]},"properties":{"edge_u":"260752576","edge_v":"8499382577","avg_max_density":0.1423,"run_count":50,"level":"low"}},{"type":"Feature","geometry":{"type":"LineString","coordinates":[[139.5355764,35.3167289],[139.5352138,35.316472]]},"properties":{"edge_u":"260752584","edge_v":"5627303149","avg_max_density":0.0735,"run_count":50,"level":"low"}},{"type":"Feature","geometry":{"type":"LineString","coordinates":[[139.5524888,35.3022855],[139.5525091,35.3025656]]},"properties":{"edge_u":"2627501306","edge_v":"6171775868","avg_max_density":0.2348,"run_count":50,"level":"low"}},{"type":"Feature","geometry":{"type":"LineString","coordinates":[[139.5498535,35.3191063],[139.5499519,35.3191294]]},"properties":{"edge_u":"266588065","edge_v":"266784050","avg_max_density":0.0382,"run_count":50,"level":"low"}},{"type":"Feature","geometry":{"type":"LineString","coordinates":[[139.5498535,35.3191063],[139.5499797,35.3190234]]},"properties":{"edge_u":"266588065","edge_v":"6276976771","avg_max_density":0.0308,"run_count":50,"level":"low"}},{"type":"Feature","geometry":{"type":"LineString","coordinates":[[139.5498535,35.3191063],[139.5497759,35.3191303]]},"properties":{"edge_u":"266588065","edge_v":"6655365656","avg_max_density":0.0434,"run_count":50,"level":"low"}},{"type":"Feature","geometry":{"type":"LineString","coordinates":[[139.5498535,35.3191063],[139.5498209,35.3190303]]},"properties":{"edge_u":"266588065","edge_v":"9902113690","avg_max_density":0.0827,"run_count":50,"level":"low"}},{"type":"Feature","geometry":{"type":"LineString","coordinates":[[139.5354024,35.3150675],[139.535912,35.3156726]]},"properties":{"edge_u":"266622220","edge_v":"266622223","avg_max_density":0.0563,"run_count":50,"level":"low"}},{"type":"Feature","geometry":{"type":"LineString","coordinates":[[139.5354024,35.3150675],[139.5356688,35.3150042]]},"properties":{"edge_u":"266622220","edge_v":"4035803513","avg_max_density":0.0757,"run_count":50,"level":"low"}},{"type":"Feature","geometry":{"type":"LineString","coordinates":[[139.535912,35.3156726],[139.5366924,35.3165678]]},"properties":{"edge_u":"266622223","edge_v":"3381392771","avg_max_density":0.0074,"run_count":50,"level":"low"}},{"type":"Feature","geometry":{"type":"LineString","coordinates":[[139.5430034,35.3103834],[139.5438458,35.3120368]]},"properties":{"edge_u":"266622258","edge_v":"266622263","avg_max_density":0.6518,"run_count":50,"level":"medium"}},{"type":"Feature","geometry":{"type":"LineString","coordinates":[[139.5430034,35.3103834],[139.5440839,35.310246]]},"properties":{"edge_u":"266622258","edge_v":"266622274","avg_max_density":0.1268,"run_count":50,"level":"low"}},{"type":"Feature","geometry":{"type":"LineString","coordinates":[[139.5430034,35.3103834],[139.5429337,35.3102396]]},"properties":{"edge_u":"266622258","edge_v":"2701043674","avg_max_density":0.8629,"run_count":50,"level":"medium"}},{"type":"Feature","geometry":{"type":"LineString","coordinates":[[139.5438458,35.3120368],[139.5441861,35.311958]]},"properties":{"edge_u":"266622263","edge_v":"3381151341","avg_max_density":1.2333,"run_count":50,"level":"medium"}},{"type":"Feature","geometry":{"type":"LineString","coordinates":[[139.5438458,35.3120368],[139.5427795,35.3123058]]},"properties":{"edge_u":"266622263","edge_v":"6631052285","avg_max_density":0.0903,"run_count":50,"level":"low"}},{"type":"Feature","geometry":{"type":"LineString","coordinates":[[139.5447931,35.3117958],[139.5459135,35.3115164]]},"properties":{"edge_u":"266622265","edge_v":"279254300","avg_max_density":0.1697,"run_count":50,"level":"low"}},{"type":"Feature","geometry":{"type":"LineString","coordinates":[[139.5447931,35.3117958],[139.5444908,35.3110954]]},"properties":{"edge_u":"266622265","edge_v":"279454285","avg_max_density":0.1151,"run_count":50,"level":"low"}},{"type":"Feature","geometry":{"type":"LineString","coordinates":[[139.5447931,35.3117958],[139.5441861,35.311958]]},"properties":{"edge_u":"266622265","edge_v":"3381151341","avg_max_density":0.0835,"run_count":50,"level":"low"}},{"type":"Feature","geometry":{"type":"LineString","coordinates":[[139.5447931,35.3117958],[139.544907,35.3120242]]},"properties":{"edge_u":"266622265","edge_v":"3381151342","avg_max_density":0.173,"run_count":50,"level":"low"}},{"type":"Feature","geometry":{"type":"LineString","coordinates":[[139.5440839,35.310246],[139.5444908,35.3110954]]},"properties":{"edge_u":"266622274","edge_v":"279454285","avg_max_density":0.076,"run_count":50,"level":"low"}},{"type":"Feature","geometry":{"type":"LineString","coordinates":[[139.5440839,35.310246],[139.5440678,35.3102162]]},"properties":{"edge_u":"266622274","edge_v":"6654353371","avg_max_density":0.4391,"run_count":50,"level":"low"}},{"type":"Feature","geometry":{"type":"LineString","coordinates":[[139.5461925,35.3150193],[139.5461277,35.3149731]]},"properties":{"edge_u":"266622305","edge_v":"5692279151","avg_max_density":0.0275,"run_count":50,"level":"low"}},{"type":"Feature","geometry":{"type":"LineString","coordinates":[[139.5461925,35.3150193],[139.5462337,35.3149782]]},"properties":{"edge_u":"266622305","edge_v":"6654360100","avg_max_density":0.0711,"run_count":50,"level":"low"}},{"type":"Feature","geometry":{"type":"LineString","coordinates":[[139.5461925,35.3150193],[139.5464296,35.3151884]]},"properties":{"edge_u":"266622305","edge_v":"6654360102","avg_max_density":0.0243,"run_count":50,"level":"low"}},{"type":"Feature","geometry":{"type":"LineString","coordinates":[[139.5466465,35.3157866],[139.5467947,35.3160427]]},"properties":{"edge_u":"266622315","edge_v":"3381151395","avg_max_density":0.0324,"run_count":50,"level":"low"}},{"type":"Feature","geometry":{"type":"LineString","coordinates":[[139.5466465,35.3157866],[139.5462719,35.3159]]},"properties":{"edge_u":"266622315","edge_v":"6601518021","avg_max_density":0.0219,"run_count":50,"level":"low"}},{"type":"Feature","geometry":{"type":"LineString","coordinates":[[139.5466465,35.3157866],[139.5464857,35.3154482]]},"properties":{"edge_u":"266622315","edge_v":"6819147490","avg_max_density":0.0539,"run_count":50,"level":"low"}},{"type":"Feature","geometry":{"type":"LineString","coordinates":[[139.5419746,35.3138364],[139.5424952,35.3131008]]},"properties":{"edge_u":"266622413","edge_v":"3974639063","avg_max_density":0.2112,"run_count":50,"level":"low"}},{"type":"Feature","geometry":{"type":"LineString","coordinates":[[139.5419746,35.3138364],[139.5414576,35.3138061]]},"properties":{"edge_u":"266622413","edge_v":"5468664496","avg_max_density":0.0759,"run_count":50,"level":"low"}},{"type":"Feature","geometry":{"type":"LineString","coordinates":[[139.5371195,35.3130546],[139.537098,35.3133638]]},"properties":{"edge_u":"266622420","edge_v":"4035803518","avg_max_density":0.1513,"run_count":50,"level":"low"}},{"type":"Feature","geometry":{"type":"LineString","coordinates":[[139.5371195,35.3130546],[139.5365945,35.3129956]]},"properties":{"edge_u":"266622420","edge_v":"4909848785","avg_max_density":0.0591,"run_count":50,"level":"low"}},{"type":"Feature","geometry":{"type":"LineString","coordinates":[[139.5371195,35.3130546],[139.5377144,35.3131235]]},"properties":{"edge_u":"266622420","edge_v":"6691337077","avg_max_density":0.0324,"run_count":50,"level":"low"}},{"type":"Feature","geometry":{"type":"LineString","coordinates":[[139.5352564,35.3128179],[139.5356897,35.3128831]]},"properties":{"edge_u":"266622424","edge_v":"6701072659","avg_max_density":0.0314,"run_count":50,"level":"low"}},{"type":"Feature","geometry":{"type":"LineString","coordinates":[[139.5481147,35.3158012],[139.5478262,35.3157861]]},"properties":{"edge_u":"266622427","edge_v":"279450400","avg_max_density":0.0556,"run_count":50,"level":"low"}},{"type":"Feature","geometry":{"type":"LineString","coordinates":[[139.5481147,35.3158012],[139.5478148,35.3152795]]},"properties":{"edge_u":"266622427","edge_v":"4120581085","avg_max_density":0.0981,"run_count":50,"level":"low"}},{"type":"Feature","geometry":{"type":"LineString","coordinates":[[139.5510874,35.3174493],[139.5508709,35.3171126]]},"properties":{"edge_u":"266737364","edge_v":"286547426","avg_max_density":0.014,"run_count":50,"level":"low"}},{"type":"Feature","geometry":{"type":"LineString","coordinates":[[139.5508204,35.3170286],[139.5507347,35.3169]]},"properties":{"edge_u":"266737712","edge_v":"266737728","avg_max_density":0.0312,"run_count":50,"level":"low"}},{"type":"Feature","geometry":{"type":"LineString","coordinates":[[139.5508204,35.3170286],[139.5508709,35.3171126]]},"properties":{"edge_u":"266737712","edge_v":"286547426","avg_max_density":0.0321,"run_count":50,"level":"low"}},{"type":"Feature","geometry":{"type":"LineString","coordinates":[[139.5507347,35.3169],[139.5507887,35.316765]]},"properties":{"edge_u":"266737728","edge_v":"6652594219","avg_max_density":0.0711,"run_count":50,"level":"low"}},{"type":"Feature","geometry":{"type":"LineString","coordinates":[[139.5520001,35.3164949],[139.5532699,35.3162699]]},"properties":{"edge_u":"266737743","edge_v":"266783981","avg_max_density":0.1109,"run_count":50,"level":"low"}},{"type":"Feature","geometry":{"type":"LineString","coordinates":[[139.5520001,35.3164949],[139.550897,35.3167345]]},"properties":{"edge_u":"266737743","edge_v":"6652594210","avg_max_density":0.0358,"run_count":50,"level":"low"}},{"type":"Feature","geometry":{"type":"LineString","coordinates":[[139.5500661,35.3157459],[139.549943,35.3157684]]},"properties":{"edge_u":"266740780","edge_v":"2696085137","avg_max_density":0.052,"run_count":50,"level":"low"}},{"type":"Feature","geometry":{"type":"LineString","coordinates":[[139.5500661,35.3157459],[139.5502186,35.3157948]]},"properties":{"edge_u":"266740780","edge_v":"4679974905","avg_max_density":0.3598,"run_count":50,"level":"low"}},{"type":"Feature","geometry":{"type":"LineString","coordinates":[[139.5500661,35.3157459],[139.5499982,35.3156329]]},"properties":{"edge_u":"266740780","edge_v":"6654531538","avg_max_density":0.0311,"run_count":50,"level":"low"}},{"type":"Feature","geometry":{"type":"LineString","coordinates":[[139.5500661,35.3157459],[139.5499176,35.3156734]]},"properties":{"edge_u":"266740780","edge_v":"6654531540","avg_max_density":0.1285,"run_count":50,"level":"low"}},{"type":"Feature","geometry":{"type":"LineString","coordinates":[[139.5500661,35.3157459],[139.5501139,35.3158316]]},"properties":{"edge_u":"266740780","edge_v":"6654531544","avg_max_density":0.0547,"run_count":50,"level":"low"}},{"type":"Feature","geometry":{"type":"LineString","coordinates":[[139.5500661,35.3157459],[139.5499765,35.3158667]]},"properties":{"edge_u":"266740780","edge_v":"6654531546","avg_max_density":0.2096,"run_count":50,"level":"low"}},{"type":"Feature","geometry":{"type":"LineString","coordinates":[[139.5500661,35.3157459],[139.5500759,35.3155979]]},"properties":{"edge_u":"266740780","edge_v":"6654531547","avg_max_density":0.483,"run_count":50,"level":"low"}},{"type":"Feature","geometry":{"type":"LineString","coordinates":[[139.5500661,35.3157459],[139.5501658,35.3157216]]},"properties":{"edge_u":"266740780","edge_v":"6654531550","avg_max_density":0.0469,"run_count":50,"level":"low"}},{"type":"Feature","geometry":{"type":"LineString","coordinates":[[139.5493883,35.3146206],[139.5494909,35.3146184]]},"properties":{"edge_u":"266740815","edge_v":"266740817","avg_max_density":0.4848,"run_count":50,"level":"low"}},{"type":"Feature","geometry":{"type":"LineString","coordinates":[[139.5493883,35.3146206],[139.5492677,35.3146291]]},"properties":{"edge_u":"266740815","edge_v":"2696085132","avg_max_density":0.0878,"run_count":50,"level":"low"}},{"type":"Feature","geometry":{"type":"LineString","coordinates":[[139.5493883,35.3146206],[139.5494167,35.3146686]]},"properties":{"edge_u":"266740815","edge_v":"6654531557","avg_max_density":0.0931,"run_count":50,"level":"low"}},{"type":"Feature","geometry":{"type":"LineString","coordinates":[[139.5494909,35.3146184],[139.5513693,35.3139057]]},"properties":{"edge_u":"266740817","edge_v":"266742136","avg_max_density":0.2242,"run_count":50,"level":"low"}},{"type":"Feature","geometry":{"type":"LineString","coordinates":[[139.5494909,35.3146184],[139.5495203,35.3146693]]},"properties":{"edge_u":"266740817","edge_v":"6654531553","avg_max_density":0.7168,"run_count":50,"level":"medium"}},{"type":"Feature","geometry":{"type":"LineString","coordinates":[[139.5494909,35.3146184],[139.5494468,35.3145389]]},"properties":{"edge_u":"266740817","edge_v":"6654531558","avg_max_density":0.2339,"run_count":50,"level":"low"}},{"type":"Feature","geometry":{"type":"LineString","coordinates":[[139.5512328,35.3132264],[139.5513414,35.3134972]]},"properties":{"edge_u":"266740833","edge_v":"266742139","avg_max_density":0.0998,"run_count":50,"level":"low"}},{"type":"Feature","geometry":{"type":"LineString","coordinates":[[139.5512328,35.3132264],[139.5511494,35.3130222]]},"properties":{"edge_u":"266740833","edge_v":"3292732395","avg_max_density":0.0961,"run_count":50,"level":"low"}},{"type":"Feature","geometry":{"type":"LineString","coordinates":[[139.551631,35.3126531],[139.551364,35.3123334]]},"properties":{"edge_u":"266740838","edge_v":"279690004","avg_max_density":0.1407,"run_count":50,"level":"low"}},{"type":"Feature","geometry":{"type":"LineString","coordinates":[[139.551631,35.3126531],[139.5518798,35.3124336]]},"properties":{"edge_u":"266740838","edge_v":"5698091559","avg_max_density":0.0699,"run_count":50,"level":"low"}},{"type":"Feature","geometry":{"type":"LineString","coordinates":[[139.552061,35.3122866],[139.5520771,35.3122662]]},"properties":{"edge_u":"266740841","edge_v":"266740844","avg_max_density":0.1371,"run_count":50,"level":"low"}},{"type":"Feature","geometry":{"type":"LineString","coordinates":[[139.552061,35.3122866],[139.5517435,35.3119816]]},"properties":{"edge_u":"266740841","edge_v":"279681511","avg_max_density":0.056,"run_count":50,"level":"low"}},{"type":"Feature","geometry":{"type":"LineString","coordinates":[[139.552061,35.3122866],[139.5518798,35.3124336]]},"properties":{"edge_u":"266740841","edge_v":"5698091559","avg_max_density":0.044,"run_count":50,"level":"low"}},{"type":"Feature","geometry":{"type":"LineString","coordinates":[[139.5520771,35.3122662],[139.5524382,35.3119915]]},"properties":{"edge_u":"266740844","edge_v":"266740845","avg_max_density":0.0571,"run_count":50,"level":"low"}},{"type":"Feature","geometry":{"type":"LineString","coordinates":[[139.5524382,35.3119915],[139.5531567,35.3116657]]},"properties":{"edge_u":"266740845","edge_v":"266740856","avg_max_density":0.0215,"run_count":50,"level":"low"}},{"type":"Feature","geometry":{"type":"LineString","coordinates":[[139.5524382,35.3119915],[139.5523196,35.3118744]]},"properties":{"edge_u":"266740845","edge_v":"6630215003","avg_max_density":0.1202,"run_count":50,"level":"low"}},{"type":"Feature","geometry":{"type":"LineString","coordinates":[[139.5531567,35.3116657],[139.553095,35.3111936]]},"properties":{"edge_u":"266740856","edge_v":"266743557","avg_max_density":0.0836,"run_count":50,"level":"low"}},{"type":"Feature","geometry":{"type":"LineString","coordinates":[[139.5531567,35.3116657],[139.5536459,35.3115975]]},"properties":{"edge_u":"266740856","edge_v":"6612687775","avg_max_density":0.1866,"run_count":50,"level":"low"}},{"type":"Feature","geometry":{"type":"LineString","coordinates":[[139.5517445,35.3144353],[139.551982,35.3141128]]},"properties":{"edge_u":"266742135","edge_v":"2690546653","avg_max_density":0.3142,"run_count":50,"level":"low"}},{"type":"Feature","geometry":{"type":"LineString","coordinates":[[139.5517445,35.3144353],[139.5518031,35.3144746]]},"properties":{"edge_u":"266742135","edge_v":"5351859443","avg_max_density":0.2702,"run_count":50,"level":"low"}},{"type":"Feature","geometry":{"type":"LineString","coordinates":[[139.5517445,35.3144353],[139.5515818,35.3142359]]},"properties":{"edge_u":"266742135","edge_v":"5351859449","avg_max_density":0.2785,"run_count":50,"level":"low"}},{"type":"Feature","geometry":{"type":"LineString","coordinates":[[139.5513693,35.3139057],[139.5513414,35.3134972]]},"properties":{"edge_u":"266742136","edge_v":"266742139","avg_max_density":0.1462,"run_count":50,"level":"low"}},{"type":"Feature","geometry":{"type":"LineString","coordinates":[[139.5513414,35.3134972],[139.5519809,35.3135629]]},"properties":{"edge_u":"266742139","edge_v":"279456466","avg_max_density":0.1422,"run_count":50,"level":"low"}},{"type":"Feature","geometry":{"type":"LineString","coordinates":[[139.553232,35.3121879],[139.5533152,35.3126632]]},"properties":{"edge_u":"266743556","edge_v":"286527298","avg_max_density":0.0785,"run_count":50,"level":"low"}},{"type":"Feature","geometry":{"type":"LineString","coordinates":[[139.553095,35.3111936],[139.5525775,35.3111537]]},"properties":{"edge_u":"266743557","edge_v":"286527297","avg_max_density":0.2755,"run_count":50,"level":"low"}},{"type":"Feature","geometry":{"type":"LineString","coordinates":[[139.553095,35.3111936],[139.5530356,35.3107588]]},"properties":{"edge_u":"266743557","edge_v":"6630215009","avg_max_density":0.0667,"run_count":50,"level":"low"}},{"type":"Feature","geometry":{"type":"LineString","coordinates":[[139.5529868,35.3102413],[139.5531699,35.310225]]},"properties":{"edge_u":"266743559","edge_v":"266745071","avg_max_density":0.1009,"run_count":50,"level":"low"}},{"type":"Feature","geometry":{"type":"LineString","coordinates":[[139.5529868,35.3102413],[139.5530017,35.3104533]]},"properties":{"edge_u":"266743559","edge_v":"6625288973","avg_max_density":0.0614,"run_count":50,"level":"low"}},{"type":"Feature","geometry":{"type":"LineString","coordinates":[[139.5529868,35.3102413],[139.5529812,35.3101817]]},"properties":{"edge_u":"266743559","edge_v":"6625288976","avg_max_density":0.0883,"run_count":50,"level":"low"}},{"type":"Feature","geometry":{"type":"LineString","coordinates":[[139.5528182,35.308742],[139.5528995,35.3091366]]},"properties":{"edge_u":"266743572","edge_v":"266746271","avg_max_density":0.0332,"run_count":50,"level":"low"}},{"type":"Feature","geometry":{"type":"LineString","coordinates":[[139.5528182,35.308742],[139.5527146,35.3082809]]},"properties":{"edge_u":"266743572","edge_v":"3292732337","avg_max_density":0.0636,"run_count":50,"level":"low"}},{"type":"Feature","geometry":{"type":"LineString","coordinates":[[139.5528182,35.308742],[139.5534179,35.3085169]]},"properties":{"edge_u":"266743572","edge_v":"6618029945","avg_max_density":0.0732,"run_count":50,"level":"low"}},{"type":"Feature","geometry":{"type":"LineString","coordinates":[[139.551459,35.3056782],[139.5517466,35.3054688]]},"properties":{"edge_u":"266743608","edge_v":"266743612","avg_max_density":0.0537,"run_count":50,"level":"low"}},{"type":"Feature","geometry":{"type":"LineString","coordinates":[[139.551459,35.3056782],[139.5515918,35.305903]]},"properties":{"edge_u":"266743608","edge_v":"3620996905","avg_max_density":0.0362,"run_count":50,"level":"low"}},{"type":"Feature","geometry":{"type":"LineString","coordinates":[[139.551459,35.3056782],[139.5513735,35.3055663]]},"properties":{"edge_u":"266743608","edge_v":"3620996910","avg_max_density":0.1302,"run_count":50,"level":"low"}},{"type":"Feature","geometry":{"type":"LineString","coordinates":[[139.5517466,35.3054688],[139.5521007,35.3056912]]},"properties":{"edge_u":"266743612","edge_v":"266752449","avg_max_density":0.0782,"run_count":50,"level":"low"}},{"type":"Feature","geometry":{"type":"LineString","coordinates":[[139.5520081,35.3052378],[139.5520537,35.3051952]]},"properties":{"edge_u":"266743613","edge_v":"6605818909","avg_max_density":0.0578,"run_count":50,"level":"low"}},{"type":"Feature","geometry":{"type":"LineString","coordinates":[[139.5520081,35.3052378],[139.5521633,35.3053468]]},"properties":{"edge_u":"266743613","edge_v":"6605818917","avg_max_density":0.1006,"run_count":50,"level":"low"}},{"type":"Feature","geometry":{"type":"LineString","coordinates":[[139.5527439,35.3045004],[139.5526979,35.3045617]]},"properties":{"edge_u":"266743617","edge_v":"266755037","avg_max_density":0.093,"run_count":50,"level":"low"}},{"type":"Feature","geometry":{"type":"LineString","coordinates":[[139.5527439,35.3045004],[139.5526684,35.3040953]]},"properties":{"edge_u":"266743617","edge_v":"266755785","avg_max_density":0.1259,"run_count":50,"level":"low"}},{"type":"Feature","geometry":{"type":"LineString","coordinates":[[139.5527439,35.3045004],[139.5528113,35.3045048]]},"properties":{"edge_u":"266743617","edge_v":"2690553364","avg_max_density":0.3154,"run_count":50,"level":"low"}},{"type":"Feature","geometry":{"type":"LineString","coordinates":[[139.5526674,35.3040734],[139.5531177,35.3039202]]},"properties":{"edge_u":"266743621","edge_v":"266743623","avg_max_density":1.0606,"run_count":50,"level":"medium"}},{"type":"Feature","geometry":{"type":"LineString","coordinates":[[139.5526674,35.3040734],[139.5526684,35.3040953]]},"properties":{"edge_u":"266743621","edge_v":"266755785","avg_max_density":1.2899,"run_count":50,"level":"medium"}},{"type":"Feature","geometry":{"type":"LineString","coordinates":[[139.5526674,35.3040734],[139.5526859,35.3033333]]},"properties":{"edge_u":"266743621","edge_v":"279690101","avg_max_density":0.1514,"run_count":50,"level":"low"}},{"type":"Feature","geometry":{"type":"LineString","coordinates":[[139.5531177,35.3039202],[139.5536407,35.3035119]]},"properties":{"edge_u":"266743623","edge_v":"2690553375","avg_max_density":0.7485,"run_count":50,"level":"medium"}},{"type":"Feature","geometry":{"type":"LineString","coordinates":[[139.5531177,35.3039202],[139.5543748,35.303419]]},"properties":{"edge_u":"266743623","edge_v":"7912560952","avg_max_density":0.0885,"run_count":50,"level":"low"}},{"type":"Feature","geometry":{"type":"LineString","coordinates":[[139.5526637,35.3113234],[139.5525775,35.3111537]]},"properties":{"edge_u":"266744557","edge_v":"286527297","avg_max_density":0.1491,"run_count":50,"level":"low"}},{"type":"Feature","geometry":{"type":"LineString","coordinates":[[139.5528422,35.3106627],[139.5530199,35.3106292]]},"properties":{"edge_u":"266744993","edge_v":"266744994","avg_max_density":0.089,"run_count":50,"level":"low"}},{"type":"Feature","geometry":{"type":"LineString","coordinates":[[139.5530199,35.3106292],[139.5530137,35.3105776]]},"properties":{"edge_u":"266744994","edge_v":"266744995","avg_max_density":0.0711,"run_count":50,"level":"low"}},{"type":"Feature","geometry":{"type":"LineString","coordinates":[[139.5530199,35.3106292],[139.5530356,35.3107588]]},"properties":{"edge_u":"266744994","edge_v":"6630215009","avg_max_density":0.0737,"run_count":50,"level":"low"}},{"type":"Feature","geometry":{"type":"LineString","coordinates":[[139.5530137,35.3105776],[139.5541113,35.3103051]]},"properties":{"edge_u":"266744995","edge_v":"3292732349","avg_max_density":0.0542,"run_count":50,"level":"low"}},{"type":"Feature","geometry":{"type":"LineString","coordinates":[[139.5530137,35.3105776],[139.5530017,35.3104533]]},"properties":{"edge_u":"266744995","edge_v":"6625288973","avg_max_density":0.0603,"run_count":50,"level":"low"}},{"type":"Feature","geometry":{"type":"LineString","coordinates":[[139.5529494,35.3098318],[139.5529084,35.3092952]]},"properties":{"edge_u":"266745350","edge_v":"266746263","avg_max_density":0.0315,"run_count":50,"level":"low"}},{"type":"Feature","geometry":{"type":"LineString","coordinates":[[139.5529494,35.3098318],[139.5529666,35.3100259]]},"properties":{"edge_u":"266745350","edge_v":"2690546669","avg_max_density":0.0442,"run_count":50,"level":"low"}},{"type":"Feature","geometry":{"type":"LineString","coordinates":[[139.5529494,35.3098318],[139.5523622,35.3096493]]},"properties":{"edge_u":"266745350","edge_v":"2690546671","avg_max_density":0.1455,"run_count":50,"level":"low"}},{"type":"Feature","geometry":{"type":"LineString","coordinates":[[139.552624,35.3093465],[139.5529084,35.3092952]]},"properties":{"edge_u":"266746262","edge_v":"266746263","avg_max_density":0.083,"run_count":50,"level":"low"}},{"type":"Feature","geometry":{"type":"LineString","coordinates":[[139.5529084,35.3092952],[139.5528995,35.3091366]]},"properties":{"edge_u":"266746263","edge_v":"266746271","avg_max_density":0.0574,"run_count":50,"level":"low"}},{"type":"Feature","geometry":{"type":"LineString","coordinates":[[139.5536438,35.3084088],[139.5534179,35.3085169]]},"properties":{"edge_u":"266746269","edge_v":"6618029945","avg_max_density":0.193,"run_count":50,"level":"low"}},{"type":"Feature","geometry":{"type":"LineString","coordinates":[[139.5528185,35.3074292],[139.5524381,35.3075118]]},"properties":{"edge_u":"266748083","edge_v":"266748084","avg_max_density":0.1092,"run_count":50,"level":"low"}},{"type":"Feature","geometry":{"type":"LineString","coordinates":[[139.5524381,35.3075118],[139.5522498,35.3071613]]},"properties":{"edge_u":"266748084","edge_v":"266748224","avg_max_density":0.1212,"run_count":50,"level":"low"}},{"type":"Feature","geometry":{"type":"LineString","coordinates":[[139.5524381,35.3075118],[139.5525482,35.3077676]]},"properties":{"edge_u":"266748084","edge_v":"6615294996","avg_max_density":0.0929,"run_count":50,"level":"low"}},{"type":"Feature","geometry":{"type":"LineString","coordinates":[[139.5522498,35.3071613],[139.55218,35.3070383]]},"properties":{"edge_u":"266748224","edge_v":"6612552049","avg_max_density":0.1411,"run_count":50,"level":"low"}},{"type":"Feature","geometry":{"type":"LineString","coordinates":[[139.5522498,35.3071613],[139.5515738,35.3076319]]},"properties":{"edge_u":"266748224","edge_v":"6636848198","avg_max_density":0.1118,"run_count":50,"level":"low"}},{"type":"Feature","geometry":{"type":"LineString","coordinates":[[139.5518385,35.3063766],[139.5514695,35.3065116]]},"properties":{"edge_u":"266748319","edge_v":"6606806678","avg_max_density":0.2456,"run_count":50,"level":"low"}},{"type":"Feature","geometry":{"type":"LineString","coordinates":[[139.5518385,35.3063766],[139.5519091,35.3065208]]},"properties":{"edge_u":"266748319","edge_v":"6606806878","avg_max_density":0.1832,"run_count":50,"level":"low"}},{"type":"Feature","geometry":{"type":"LineString","coordinates":[[139.5518385,35.3063766],[139.5517807,35.3062666]]},"properties":{"edge_u":"266748319","edge_v":"6606806879","avg_max_density":0.0611,"run_count":50,"level":"low"}},{"type":"Feature","geometry":{"type":"LineString","coordinates":[[139.5511946,35.3053328],[139.5510181,35.305139]]},"properties":{"edge_u":"266750275","edge_v":"266750283","avg_max_density":0.1771,"run_count":50,"level":"low"}},{"type":"Feature","geometry":{"type":"LineString","coordinates":[[139.5511946,35.3053328],[139.5513735,35.3055663]]},"properties":{"edge_u":"266750275","edge_v":"3620996910","avg_max_density":0.1308,"run_count":50,"level":"low"}},{"type":"Feature","geometry":{"type":"LineString","coordinates":[[139.5509242,35.3050503],[139.5510181,35.305139]]},"properties":{"edge_u":"266750280","edge_v":"266750283","avg_max_density":9.1031,"run_count":50,"level":"high"}},{"type":"Feature","geometry":{"type":"LineString","coordinates":[[139.5509242,35.3050503],[139.55209,35.304033]]},"properties":{"edge_u":"266750280","edge_v":"8158059456","avg_max_density":8.2918,"run_count":50,"level":"high"}},{"type":"Feature","geometry":{"type":"LineString","coordinates":[[139.5511503,35.3050273],[139.5510181,35.305139]]},"properties":{"edge_u":"266750282","edge_v":"266750283","avg_max_density":14.8568,"run_count":50,"level":"high"}},{"type":"Feature","geometry":{"type":"LineString","coordinates":[[139.5511503,35.3050273],[139.5508701,35.3052276]]},"properties":{"edge_u":"266750282","edge_v":"266750289","avg_max_density":0.2942,"run_count":50,"level":"low"}},{"type":"Feature","geometry":{"type":"LineString","coordinates":[[139.5511503,35.3050273],[139.5517113,35.3046376]]},"properties":{"edge_u":"266750282","edge_v":"4651526885","avg_max_density":0.3352,"run_count":50,"level":"low"}},{"type":"Feature","geometry":{"type":"LineString","coordinates":[[139.5510181,35.305139],[139.5508701,35.3052276]]},"properties":{"edge_u":"266750283","edge_v":"266750289","avg_max_density":11.476,"run_count":50,"level":"high"}},{"type":"Feature","geometry":{"type":"LineString","coordinates":[[139.549088,35.3065337],[139.5508701,35.3052276]]},"properties":{"edge_u":"266750286","edge_v":"266750289","avg_max_density":0.2205,"run_count":50,"level":"low"}},{"type":"Feature","geometry":{"type":"LineString","coordinates":[[139.5522342,35.3050266],[139.5517113,35.3046376]]},"properties":{"edge_u":"266755020","edge_v":"4651526885","avg_max_density":0.1068,"run_count":50,"level":"low"}},{"type":"Feature","geometry":{"type":"LineString","coordinates":[[139.5522342,35.3050266],[139.5522526,35.3050092]]},"properties":{"edge_u":"266755020","edge_v":"6605818914","avg_max_density":0.1082,"run_count":50,"level":"low"}},{"type":"Feature","geometry":{"type":"LineString","coordinates":[[139.5522342,35.3050266],[139.5521306,35.3051234]]},"properties":{"edge_u":"266755020","edge_v":"6605818916","avg_max_density":0.063,"run_count":50,"level":"low"}},{"type":"Feature","geometry":{"type":"LineString","coordinates":[[139.5523293,35.3049364],[139.5517958,35.3045687]]},"properties":{"edge_u":"266755030","edge_v":"4651526875","avg_max_density":0.0865,"run_count":50,"level":"low"}},{"type":"Feature","geometry":{"type":"LineString","coordinates":[[139.5523293,35.3049364],[139.5526252,35.3046447]]},"properties":{"edge_u":"266755030","edge_v":"6605818903","avg_max_density":0.0353,"run_count":50,"level":"low"}},{"type":"Feature","geometry":{"type":"LineString","coordinates":[[139.5523293,35.3049364],[139.5522526,35.3050092]]},"properties":{"edge_u":"266755030","edge_v":"6605818914","avg_max_density":0.0499,"run_count":50,"level":"low"}},{"type":"Feature","geometry":{"type":"LineString","coordinates":[[139.5526979,35.3045617],[139.5520602,35.3043184]]},"properties":{"edge_u":"266755037","edge_v":"4651526883","avg_max_density":0.1063,"run_count":50,"level":"low"}},{"type":"Feature","geometry":{"type":"LineString","coordinates":[[139.5526979,35.3045617],[139.5526252,35.3046447]]},"properties":{"edge_u":"266755037","edge_v":"6605818903","avg_max_density":0.0579,"run_count":50,"level":"low"}},{"type":"Feature","geometry":{"type":"LineString","coordinates":[[139.5526684,35.3040953],[139.5522776,35.3041032]]},"properties":{"edge_u":"266755785","edge_v":"8158059459","avg_max_density":3.0776,"run_count":50,"level":"high"}},{"type":"Feature","geometry":{"type":"LineString","coordinates":[[139.5482846,35.3071753],[139.5486914,35.3074931]]},"properties":{"edge_u":"266759097","edge_v":"5692253005","avg_max_density":0.1143,"run_count":50,"level":"low"}},{"type":"Feature","geometry":{"type":"LineString","coordinates":[[139.5464529,35.3086431],[139.5467924,35.3089028]]},"properties":{"edge_u":"266762075","edge_v":"3381151308","avg_max_density":0.1603,"run_count":50,"level":"low"}},{"type":"Feature","geometry":{"type":"LineString","coordinates":[[139.5464529,35.3086431],[139.5456023,35.3092389]]},"properties":{"edge_u":"266762075","edge_v":"3937261539","avg_max_density":0.2976,"run_count":50,"level":"low"}},{"type":"Feature","geometry":{"type":"LineString","coordinates":[[139.5470189,35.3108985],[139.5469298,35.3109545]]},"properties":{"edge_u":"266767319","edge_v":"2696085115","avg_max_density":0.1083,"run_count":50,"level":"low"}},{"type":"Feature","geometry":{"type":"LineString","coordinates":[[139.5470189,35.3108985],[139.546974,35.3108446]]},"properties":{"edge_u":"266767319","edge_v":"3899305525","avg_max_density":0.1457,"run_count":50,"level":"low"}},{"type":"Feature","geometry":{"type":"LineString","coordinates":[[139.5470189,35.3108985],[139.5470898,35.3109965]]},"properties":{"edge_u":"266767319","edge_v":"3899305527","avg_max_density":0.0575,"run_count":50,"level":"low"}},{"type":"Feature","geometry":{"type":"LineString","coordinates":[[139.5470189,35.3108985],[139.5470953,35.3108463]]},"properties":{"edge_u":"266767319","edge_v":"6654353353","avg_max_density":0.4081,"run_count":50,"level":"low"}},{"type":"Feature","geometry":{"type":"LineString","coordinates":[[139.5540836,35.3159027],[139.5532734,35.3159638]]},"properties":{"edge_u":"266783909","edge_v":"266785603","avg_max_density":0.0197,"run_count":50,"level":"low"}},{"type":"Feature","geometry":{"type":"LineString","coordinates":[[139.5532699,35.3162699],[139.5532959,35.3164858]]},"properties":{"edge_u":"266783981","edge_v":"266785602","avg_max_density":0.1136,"run_count":50,"level":"low"}},{"type":"Feature","geometry":{"type":"LineString","coordinates":[[139.5532699,35.3162699],[139.5532734,35.3159638]]},"properties":{"edge_u":"266783981","edge_v":"266785603","avg_max_density":0.0417,"run_count":50,"level":"low"}},{"type":"Feature","geometry":{"type":"LineString","coordinates":[[139.5502682,35.319872],[139.5501591,35.3199472]]},"properties":{"edge_u":"266784029","edge_v":"6600063731","avg_max_density":0.0772,"run_count":50,"level":"low"}},{"type":"Feature","geometry":{"type":"LineString","coordinates":[[139.5502682,35.319872],[139.5503215,35.320218]]},"properties":{"edge_u":"266784029","edge_v":"6600063883","avg_max_density":0.0953,"run_count":50,"level":"low"}},{"type":"Feature","geometry":{"type":"LineString","coordinates":[[139.5488979,35.3197348],[139.5487065,35.3194437]]},"properties":{"edge_u":"266784040","edge_v":"2701051961","avg_max_density":0.0915,"run_count":50,"level":"low"}},{"type":"Feature","geometry":{"type":"LineString","coordinates":[[139.5488979,35.3197348],[139.5482121,35.3203958]]},"properties":{"edge_u":"266784040","edge_v":"6600049175","avg_max_density":0.0609,"run_count":50,"level":"low"}},{"type":"Feature","geometry":{"type":"LineString","coordinates":[[139.5492948,35.3203641],[139.5496749,35.3202481]]},"properties":{"edge_u":"266784041","edge_v":"6600063872","avg_max_density":0.0566,"run_count":50,"level":"low"}},{"type":"Feature","geometry":{"type":"LineString","coordinates":[[139.5499519,35.3191294],[139.5500148,35.3187645]]},"properties":{"edge_u":"266784050","edge_v":"2699644710","avg_max_density":0.0224,"run_count":50,"level":"low"}},{"type":"Feature","geometry":{"type":"LineString","coordinates":[[139.5499519,35.3191294],[139.5500642,35.3191808]]},"properties":{"edge_u":"266784050","edge_v":"606972711","avg_max_density":0.0753,"run_count":50,"level":"low"}},{"type":"Feature","geometry":{"type":"LineString","coordinates":[[139.5537977,35.3188217],[139.5537772,35.3187747]]},"properties":{"edge_u":"266785589","edge_v":"3806676561","avg_max_density":0.0727,"run_count":50,"level":"low"}},{"type":"Feature","geometry":{"type":"LineString","coordinates":[[139.5537977,35.3188217],[139.5539038,35.3190187]]},"properties":{"edge_u":"266785589","edge_v":"6597761576","avg_max_density":0.1024,"run_count":50,"level":"low"}},{"type":"Feature","geometry":{"type":"LineString","coordinates":[[139.5532977,35.3175588],[139.5534643,35.3180213]]},"properties":{"edge_u":"266785592","edge_v":"6597761569","avg_max_density":0.0298,"run_count":50,"level":"low"}},{"type":"Feature","geometry":{"type":"LineString","coordinates":[[139.5534022,35.3171276],[139.5533281,35.3166272]]},"properties":{"edge_u":"266785598","edge_v":"6597760187","avg_max_density":0.074,"run_count":50,"level":"low"}},{"type":"Feature","geometry":{"type":"LineString","coordinates":[[139.5532959,35.3164858],[139.5533281,35.3166272]]},"properties":{"edge_u":"266785602","edge_v":"6597760187","avg_max_density":0.0786,"run_count":50,"level":"low"}},{"type":"Feature","geometry":{"type":"LineString","coordinates":[[139.5532734,35.3159638],[139.5533067,35.3156398]]},"properties":{"edge_u":"266785603","edge_v":"6604098948","avg_max_density":0.0186,"run_count":50,"level":"low"}},{"type":"Feature","geometry":{"type":"LineString","coordinates":[[139.5532551,35.3143755],[139.552554,35.3142643]]},"properties":{"edge_u":"266785609","edge_v":"2690546701","avg_max_density":0.1532,"run_count":50,"level":"low"}},{"type":"Feature","geometry":{"type":"LineString","coordinates":[[139.5532551,35.3143755],[139.5533083,35.3146851]]},"properties":{"edge_u":"266785609","edge_v":"286527320","avg_max_density":0.1178,"run_count":50,"level":"low"}},{"type":"Feature","geometry":{"type":"LineString","coordinates":[[139.5532551,35.3143755],[139.553241,35.3141723]]},"properties":{"edge_u":"266785609","edge_v":"6604115818","avg_max_density":0.0501,"run_count":50,"level":"low"}},{"type":"Feature","geometry":{"type":"LineString","coordinates":[[139.5514896,35.3180951],[139.5514633,35.3180512]]},"properties":{"edge_u":"266785706","edge_v":"6652594206","avg_max_density":0.0688,"run_count":50,"level":"low"}},{"type":"Feature","geometry":{"type":"LineString","coordinates":[[139.5525085,35.3196946],[139.5524399,35.3197264]]},"properties":{"edge_u":"266787871","edge_v":"3801766598","avg_max_density":0.1271,"run_count":50,"level":"low"}},{"type":"Feature","geometry":{"type":"LineString","coordinates":[[139.5525085,35.3196946],[139.5537471,35.3217118]]},"properties":{"edge_u":"266787871","edge_v":"4504329150","avg_max_density":0.0881,"run_count":50,"level":"low"}},{"type":"Feature","geometry":{"type":"LineString","coordinates":[[139.5549843,35.3189117],[139.5548473,35.3188099]]},"properties":{"edge_u":"266787879","edge_v":"266787882","avg_max_density":0.1041,"run_count":50,"level":"low"}},{"type":"Feature","geometry":{"type":"LineString","coordinates":[[139.5549843,35.3189117],[139.5551735,35.3188011]]},"properties":{"edge_u":"266787879","edge_v":"6597761568","avg_max_density":0.0798,"run_count":50,"level":"low"}},{"type":"Feature","geometry":{"type":"LineString","coordinates":[[139.5549843,35.3189117],[139.5556764,35.3195574]]},"properties":{"edge_u":"266787879","edge_v":"975744187","avg_max_density":0.013,"run_count":50,"level":"low"}},{"type":"Feature","geometry":{"type":"LineString","coordinates":[[139.5548473,35.3188099],[139.5547688,35.3187362]]},"properties":{"edge_u":"266787882","edge_v":"266787883","avg_max_density":0.0511,"run_count":50,"level":"low"}},{"type":"Feature","geometry":{"type":"LineString","coordinates":[[139.5548473,35.3188099],[139.5545329,35.3189619]]},"properties":{"edge_u":"266787882","edge_v":"6597760935","avg_max_density":0.0781,"run_count":50,"level":"low"}},{"type":"Feature","geometry":{"type":"LineString","coordinates":[[139.5540384,35.3192688],[139.5545329,35.3189619]]},"properties":{"edge_u":"266787884","edge_v":"6597760935","avg_max_density":0.0374,"run_count":50,"level":"low"}},{"type":"Feature","geometry":{"type":"LineString","coordinates":[[139.5540384,35.3192688],[139.5539038,35.3190187]]},"properties":{"edge_u":"266787884","edge_v":"6597761576","avg_max_density":0.0944,"run_count":50,"level":"low"}},{"type":"Feature","geometry":{"type":"LineString","coordinates":[[139.5540384,35.3192688],[139.5541276,35.3193675]]},"properties":{"edge_u":"266787884","edge_v":"6597761581","avg_max_density":0.0912,"run_count":50,"level":"low"}},{"type":"Feature","geometry":{"type":"LineString","coordinates":[[139.5516069,35.3200669],[139.5523556,35.3197316]]},"properties":{"edge_u":"266788272","edge_v":"4504329143","avg_max_density":0.0587,"run_count":50,"level":"low"}},{"type":"Feature","geometry":{"type":"LineString","coordinates":[[139.5516069,35.3200669],[139.5511102,35.3203166]]},"properties":{"edge_u":"266788272","edge_v":"606299770","avg_max_density":0.0291,"run_count":50,"level":"low"}},{"type":"Feature","geometry":{"type":"LineString","coordinates":[[139.5516069,35.3200669],[139.5515311,35.319908]]},"properties":{"edge_u":"266788272","edge_v":"6646343619","avg_max_density":0.0564,"run_count":50,"level":"low"}},{"type":"Feature","geometry":{"type":"LineString","coordinates":[[139.5516069,35.3200669],[139.5516878,35.32022]]},"properties":{"edge_u":"266788272","edge_v":"6646351844","avg_max_density":0.0305,"run_count":50,"level":"low"}},{"type":"Feature","geometry":{"type":"LineString","coordinates":[[139.5524252,35.3196902],[139.5523467,35.319468]]},"properties":{"edge_u":"266788274","edge_v":"286629235","avg_max_density":0.0087,"run_count":50,"level":"low"}},{"type":"Feature","geometry":{"type":"LineString","coordinates":[[139.5524252,35.3196902],[139.5524399,35.3197264]]},"properties":{"edge_u":"266788274","edge_v":"3801766598","avg_max_density":0.0259,"run_count":41,"level":"low"}},{"type":"Feature","geometry":{"type":"LineString","coordinates":[[139.5524252,35.3196902],[139.5525566,35.3196328]]},"properties":{"edge_u":"266788274","edge_v":"3899305889","avg_max_density":0.0407,"run_count":50,"level":"low"}},{"type":"Feature","geometry":{"type":"LineString","coordinates":[[139.5524252,35.3196902],[139.5523556,35.3197316]]},"properties":{"edge_u":"266788274","edge_v":"4504329143","avg_max_density":0.073,"run_count":50,"level":"low"}},{"type":"Feature","geometry":{"type":"LineString","coordinates":[[139.5544763,35.3170538],[139.5544049,35.317182]]},"properties":{"edge_u":"266789803","edge_v":"266789804","avg_max_density":0.0229,"run_count":50,"level":"low"}},{"type":"Feature","geometry":{"type":"LineString","coordinates":[[139.5544763,35.3170538],[139.554615,35.3171779]]},"properties":{"edge_u":"266789803","edge_v":"6597703086","avg_max_density":0.023,"run_count":50,"level":"low"}},{"type":"Feature","geometry":{"type":"LineString","coordinates":[[139.5544763,35.3170538],[139.5543565,35.3167043]]},"properties":{"edge_u":"266789803","edge_v":"6597703095","avg_max_density":0.0343,"run_count":50,"level":"low"}},{"type":"Feature","geometry":{"type":"LineString","coordinates":[[139.5544049,35.317182],[139.554615,35.3171779]]},"properties":{"edge_u":"266789804","edge_v":"6597703086","avg_max_density":0.1608,"run_count":50,"level":"low"}},{"type":"Feature","geometry":{"type":"LineString","coordinates":[[139.5544049,35.317182],[139.5547014,35.3175053]]},"properties":{"edge_u":"266789804","edge_v":"6597703088","avg_max_density":0.0638,"run_count":50,"level":"low"}},{"type":"Feature","geometry":{"type":"LineString","coordinates":[[139.5544049,35.317182],[139.5542125,35.3171793]]},"properties":{"edge_u":"266789804","edge_v":"6597703170","avg_max_density":0.0994,"run_count":50,"level":"low"}},{"type":"Feature","geometry":{"type":"LineString","coordinates":[[139.5504203,35.3206806],[139.5507004,35.3205423]]},"properties":{"edge_u":"266807368","edge_v":"606953675","avg_max_density":0.0717,"run_count":50,"level":"low"}},{"type":"Feature","geometry":{"type":"LineString","coordinates":[[139.5504203,35.3206806],[139.550161,35.3208184]]},"properties":{"edge_u":"266807368","edge_v":"6600049616","avg_max_density":0.0856,"run_count":50,"level":"low"}},{"type":"Feature","geometry":{"type":"LineString","coordinates":[[139.5504203,35.3206806],[139.5503215,35.320218]]},"properties":{"edge_u":"266807368","edge_v":"6600063883","avg_max_density":0.1058,"run_count":50,"level":"low"}},{"type":"Feature","geometry":{"type":"LineString","coordinates":[[139.549714,35.3210561],[139.5486449,35.3212896]]},"properties":{"edge_u":"266807369","edge_v":"298026006","avg_max_density":0.0075,"run_count":50,"level":"low"}},{"type":"Feature","geometry":{"type":"LineString","coordinates":[[139.549714,35.3210561],[139.550161,35.3208184]]},"properties":{"edge_u":"266807369","edge_v":"6600049616","avg_max_density":0.0219,"run_count":50,"level":"low"}},{"type":"Feature","geometry":{"type":"LineString","coordinates":[[139.549714,35.3210561],[139.5496131,35.3208919]]},"properties":{"edge_u":"266807369","edge_v":"6600063914","avg_max_density":0.0919,"run_count":50,"level":"low"}},{"type":"Feature","geometry":{"type":"LineString","coordinates":[[139.549714,35.3210561],[139.5500949,35.3217522]]},"properties":{"edge_u":"266807369","edge_v":"6600064142","avg_max_density":0.0043,"run_count":50,"level":"low"}},{"type":"Feature","geometry":{"type":"LineString","coordinates":[[139.5503104,35.3215218],[139.5504012,35.3217654]]},"properties":{"edge_u":"266807589","edge_v":"266807590","avg_max_density":0.0118,"run_count":50,"level":"low"}},{"type":"Feature","geometry":{"type":"LineString","coordinates":[[139.551982,35.3141128],[139.5526447,35.3137048]]},"properties":{"edge_u":"2690546653","edge_v":"2690546663","avg_max_density":0.1874,"run_count":50,"level":"low"}},{"type":"Feature","geometry":{"type":"LineString","coordinates":[[139.551982,35.3141128],[139.552554,35.3142643]]},"properties":{"edge_u":"2690546653","edge_v":"2690546701","avg_max_density":0.1441,"run_count":50,"level":"low"}},{"type":"Feature","geometry":{"type":"LineString","coordinates":[[139.5552476,35.3119449],[139.5550656,35.3117916]]},"properties":{"edge_u":"2690546658","edge_v":"6609196598","avg_max_density":0.1451,"run_count":50,"level":"low"}},{"type":"Feature","geometry":{"type":"LineString","coordinates":[[139.5552476,35.3119449],[139.5550125,35.312086]]},"properties":{"edge_u":"2690546658","edge_v":"6609196599","avg_max_density":0.0889,"run_count":50,"level":"low"}},{"type":"Feature","geometry":{"type":"LineString","coordinates":[[139.5472444,35.3112273],[139.5470898,35.3109965]]},"properties":{"edge_u":"2690546661","edge_v":"3899305527","avg_max_density":0.0408,"run_count":50,"level":"low"}},{"type":"Feature","geometry":{"type":"LineString","coordinates":[[139.5472444,35.3112273],[139.5473264,35.3111932]]},"properties":{"edge_u":"2690546661","edge_v":"4679974923","avg_max_density":0.0629,"run_count":50,"level":"low"}},{"type":"Feature","geometry":{"type":"LineString","coordinates":[[139.5526447,35.3137048],[139.552554,35.3142643]]},"properties":{"edge_u":"2690546663","edge_v":"2690546701","avg_max_density":0.0553,"run_count":50,"level":"low"}},{"type":"Feature","geometry":{"type":"LineString","coordinates":[[139.5526447,35.3137048],[139.5533439,35.3136842]]},"properties":{"edge_u":"2690546663","edge_v":"286527312","avg_max_density":0.2067,"run_count":50,"level":"low"}},{"type":"Feature","geometry":{"type":"LineString","coordinates":[[139.5526447,35.3137048],[139.5525637,35.3134914]]},"properties":{"edge_u":"2690546663","edge_v":"6604115814","avg_max_density":0.1385,"run_count":50,"level":"low"}},{"type":"Feature","geometry":{"type":"LineString","coordinates":[[139.5485943,35.3115381],[139.5480861,35.3113922]]},"properties":{"edge_u":"2690546668","edge_v":"2690546695","avg_max_density":0.1024,"run_count":50,"level":"low"}},{"type":"Feature","geometry":{"type":"LineString","coordinates":[[139.5485943,35.3115381],[139.5479254,35.3121289]]},"properties":{"edge_u":"2690546668","edge_v":"4679974585","avg_max_density":0.0626,"run_count":50,"level":"low"}},{"type":"Feature","geometry":{"type":"LineString","coordinates":[[139.5485943,35.3115381],[139.5488905,35.3117098]]},"properties":{"edge_u":"2690546668","edge_v":"5698091558","avg_max_density":0.133,"run_count":50,"level":"low"}},{"type":"Feature","geometry":{"type":"LineString","coordinates":[[139.5529666,35.3100259],[139.5514303,35.309952]]},"properties":{"edge_u":"2690546669","edge_v":"279689958","avg_max_density":0.193,"run_count":50,"level":"low"}},{"type":"Feature","geometry":{"type":"LineString","coordinates":[[139.5529666,35.3100259],[139.5529812,35.3101817]]},"properties":{"edge_u":"2690546669","edge_v":"6625288976","avg_max_density":0.0986,"run_count":50,"level":"low"}},{"type":"Feature","geometry":{"type":"LineString","coordinates":[[139.5523622,35.3096493],[139.5523591,35.3098531]]},"properties":{"edge_u":"2690546671","edge_v":"6636848190","avg_max_density":0.1055,"run_count":50,"level":"low"}},{"type":"Feature","geometry":{"type":"LineString","coordinates":[[139.5521556,35.3111158],[139.5525775,35.3111537]]},"properties":{"edge_u":"2690546677","edge_v":"286527297","avg_max_density":0.2733,"run_count":50,"level":"low"}},{"type":"Feature","geometry":{"type":"LineString","coordinates":[[139.5521556,35.3111158],[139.5522057,35.3106108]]},"properties":{"edge_u":"2690546677","edge_v":"6630215011","avg_max_density":0.0504,"run_count":50,"level":"low"}},{"type":"Feature","geometry":{"type":"LineString","coordinates":[[139.5521556,35.3111158],[139.5519565,35.3110995]]},"properties":{"edge_u":"2690546677","edge_v":"6630215016","avg_max_density":0.2748,"run_count":50,"level":"low"}},{"type":"Feature","geometry":{"type":"LineString","coordinates":[[139.5478561,35.3121832],[139.5479254,35.3121289]]},"properties":{"edge_u":"2690546681","edge_v":"4679974585","avg_max_density":0.0769,"run_count":50,"level":"low"}},{"type":"Feature","geometry":{"type":"LineString","coordinates":[[139.555462,35.3107681],[139.5554456,35.3107727]]},"properties":{"edge_u":"2690546685","edge_v":"2690546694","avg_max_density":0.2225,"run_count":50,"level":"low"}},{"type":"Feature","geometry":{"type":"LineString","coordinates":[[139.555462,35.3107681],[139.5567712,35.3104525]]},"properties":{"edge_u":"2690546685","edge_v":"286527354","avg_max_density":0.0451,"run_count":50,"level":"low"}},{"type":"Feature","geometry":{"type":"LineString","coordinates":[[139.5547272,35.3141347],[139.5546556,35.3141724]]},"properties":{"edge_u":"2690546688","edge_v":"286547393","avg_max_density":0.1432,"run_count":50,"level":"low"}},{"type":"Feature","geometry":{"type":"LineString","coordinates":[[139.5547272,35.3141347],[139.5547139,35.3140999]]},"properties":{"edge_u":"2690546688","edge_v":"6629390466","avg_max_density":0.1184,"run_count":50,"level":"low"}},{"type":"Feature","geometry":{"type":"LineString","coordinates":[[139.5544596,35.3135027],[139.5545914,35.3137792]]},"properties":{"edge_u":"2690546692","edge_v":"6597703085","avg_max_density":0.054,"run_count":50,"level":"low"}},{"type":"Feature","geometry":{"type":"LineString","coordinates":[[139.5554456,35.3107727],[139.5554155,35.3107001]]},"properties":{"edge_u":"2690546694","edge_v":"2690546696","avg_max_density":0.3395,"run_count":50,"level":"low"}},{"type":"Feature","geometry":{"type":"LineString","coordinates":[[139.5480861,35.3113922],[139.5476103,35.311608]]},"properties":{"edge_u":"2690546695","edge_v":"4679974914","avg_max_density":0.0607,"run_count":50,"level":"low"}},{"type":"Feature","geometry":{"type":"LineString","coordinates":[[139.5480861,35.3113922],[139.5473264,35.3111932]]},"properties":{"edge_u":"2690546695","edge_v":"4679974923","avg_max_density":0.0699,"run_count":50,"level":"low"}},{"type":"Feature","geometry":{"type":"LineString","coordinates":[[139.5554155,35.3107001],[139.5559265,35.3105289]]},"properties":{"edge_u":"2690546696","edge_v":"6630213837","avg_max_density":0.042,"run_count":50,"level":"low"}},{"type":"Feature","geometry":{"type":"LineString","coordinates":[[139.5541758,35.3125496],[139.5539001,35.3126268]]},"properties":{"edge_u":"2690546703","edge_v":"6609196603","avg_max_density":0.0824,"run_count":50,"level":"low"}},{"type":"Feature","geometry":{"type":"LineString","coordinates":[[139.5541758,35.3125496],[139.5542238,35.3125319]]},"properties":{"edge_u":"2690546703","edge_v":"6609196605","avg_max_density":0.2399,"run_count":50,"level":"low"}},{"type":"Feature","geometry":{"type":"LineString","coordinates":[[139.5534346,35.3056214],[139.5535635,35.3054043]]},"properties":{"edge_u":"2690553357","edge_v":"2690553361","avg_max_density":0.0895,"run_count":50,"level":"low"}},{"type":"Feature","geometry":{"type":"LineString","coordinates":[[139.5534346,35.3056214],[139.5533797,35.3056577]]},"properties":{"edge_u":"2690553357","edge_v":"6670527445","avg_max_density":0.0725,"run_count":50,"level":"low"}},{"type":"Feature","geometry":{"type":"LineString","coordinates":[[139.5535635,35.3054043],[139.5533116,35.3053021]]},"properties":{"edge_u":"2690553361","edge_v":"2690553386","avg_max_density":0.1087,"run_count":50,"level":"low"}},{"type":"Feature","geometry":{"type":"LineString","coordinates":[[139.5535635,35.3054043],[139.5536707,35.3052757]]},"properties":{"edge_u":"2690553361","edge_v":"6605818888","avg_max_density":0.0925,"run_count":50,"level":"low"}},{"type":"Feature","geometry":{"type":"LineString","coordinates":[[139.5528113,35.3045048],[139.5533575,35.3041834]]},"properties":{"edge_u":"2690553364","edge_v":"2690553382","avg_max_density":0.1079,"run_count":50,"level":"low"}},{"type":"Feature","geometry":{"type":"LineString","coordinates":[[139.5538711,35.3045669],[139.5539778,35.3046431]]},"properties":{"edge_u":"2690553373","edge_v":"6606806671","avg_max_density":0.1181,"run_count":50,"level":"low"}},{"type":"Feature","geometry":{"type":"LineString","coordinates":[[139.5538711,35.3045669],[139.5536247,35.3043291]]},"properties":{"edge_u":"2690553373","edge_v":"7912560983","avg_max_density":0.072,"run_count":50,"level":"low"}},{"type":"Feature","geometry":{"type":"LineString","coordinates":[[139.5533575,35.3041834],[139.5536247,35.3043291]]},"properties":{"edge_u":"2690553382","edge_v":"7912560983","avg_max_density":0.1052,"run_count":50,"level":"low"}},{"type":"Feature","geometry":{"type":"LineString","coordinates":[[139.5533116,35.3053021],[139.5535823,35.3047804]]},"properties":{"edge_u":"2690553386","edge_v":"2690553387","avg_max_density":0.1637,"run_count":50,"level":"low"}},{"type":"Feature","geometry":{"type":"LineString","coordinates":[[139.5545389,35.3097776],[139.5549357,35.3096095]]},"properties":{"edge_u":"2690582469","edge_v":"2690582470","avg_max_density":0.1628,"run_count":50,"level":"low"}},{"type":"Feature","geometry":{"type":"LineString","coordinates":[[139.5545389,35.3097776],[139.5546002,35.3098925]]},"properties":{"edge_u":"2690582469","edge_v":"3292732343","avg_max_density":0.1033,"run_count":50,"level":"low"}},{"type":"Feature","geometry":{"type":"LineString","coordinates":[[139.5454472,35.3094637],[139.5456127,35.3095683]]},"properties":{"edge_u":"2696085103","edge_v":"3381151319","avg_max_density":0.3997,"run_count":50,"level":"low"}},{"type":"Feature","geometry":{"type":"LineString","coordinates":[[139.5454472,35.3094637],[139.5455445,35.3093876]]},"properties":{"edge_u":"2696085103","edge_v":"3937261544","avg_max_density":0.3508,"run_count":50,"level":"low"}},{"type":"Feature","geometry":{"type":"LineString","coordinates":[[139.5454472,35.3094637],[139.5452627,35.3094238]]},"properties":{"edge_u":"2696085103","edge_v":"3937261547","avg_max_density":0.5329,"run_count":50,"level":"medium"}},{"type":"Feature","geometry":{"type":"LineString","coordinates":[[139.5468966,35.3109007],[139.5469298,35.3109545]]},"properties":{"edge_u":"2696085112","edge_v":"2696085115","avg_max_density":0.1881,"run_count":50,"level":"low"}},{"type":"Feature","geometry":{"type":"LineString","coordinates":[[139.5468966,35.3109007],[139.5466491,35.3105612]]},"properties":{"edge_u":"2696085112","edge_v":"3381151334","avg_max_density":0.0943,"run_count":50,"level":"low"}},{"type":"Feature","geometry":{"type":"LineString","coordinates":[[139.5468966,35.3109007],[139.546974,35.3108446]]},"properties":{"edge_u":"2696085112","edge_v":"3899305525","avg_max_density":0.2299,"run_count":50,"level":"low"}},{"type":"Feature","geometry":{"type":"LineString","coordinates":[[139.5469298,35.3109545],[139.5462243,35.3113557]]},"properties":{"edge_u":"2696085115","edge_v":"279625100","avg_max_density":0.0763,"run_count":50,"level":"low"}},{"type":"Feature","geometry":{"type":"LineString","coordinates":[[139.5469298,35.3109545],[139.546997,35.3110437]]},"properties":{"edge_u":"2696085115","edge_v":"6654531567","avg_max_density":0.1426,"run_count":50,"level":"low"}},{"type":"Feature","geometry":{"type":"LineString","coordinates":[[139.5476476,35.3120097],[139.5480101,35.3125866]]},"properties":{"edge_u":"2696085120","edge_v":"2696085124","avg_max_density":0.9102,"run_count":50,"level":"medium"}},{"type":"Feature","geometry":{"type":"LineString","coordinates":[[139.5476476,35.3120097],[139.547051,35.3122648]]},"properties":{"edge_u":"2696085120","edge_v":"279625171","avg_max_density":0.4496,"run_count":50,"level":"low"}},{"type":"Feature","geometry":{"type":"LineString","coordinates":[[139.5476476,35.3120097],[139.546997,35.3110437]]},"properties":{"edge_u":"2696085120","edge_v":"6654531567","avg_max_density":0.0531,"run_count":50,"level":"low"}},{"type":"Feature","geometry":{"type":"LineString","coordinates":[[139.5480101,35.3125866],[139.548237,35.3129848]]},"properties":{"edge_u":"2696085124","edge_v":"2696085126","avg_max_density":0.367,"run_count":50,"level":"low"}},{"type":"Feature","geometry":{"type":"LineString","coordinates":[[139.5480101,35.3125866],[139.5473487,35.3129769]]},"properties":{"edge_u":"2696085124","edge_v":"279450450","avg_max_density":0.028,"run_count":50,"level":"low"}},{"type":"Feature","geometry":{"type":"LineString","coordinates":[[139.548237,35.3129848],[139.5491229,35.3144004]]},"properties":{"edge_u":"2696085126","edge_v":"2696085131","avg_max_density":0.3511,"run_count":50,"level":"low"}},{"type":"Feature","geometry":{"type":"LineString","coordinates":[[139.548237,35.3129848],[139.5477092,35.3132726]]},"properties":{"edge_u":"2696085126","edge_v":"279450457","avg_max_density":0.0206,"run_count":50,"level":"low"}},{"type":"Feature","geometry":{"type":"LineString","coordinates":[[139.548237,35.3129848],[139.5483104,35.3129623]]},"properties":{"edge_u":"2696085126","edge_v":"279454054","avg_max_density":0.2305,"run_count":50,"level":"low"}},{"type":"Feature","geometry":{"type":"LineString","coordinates":[[139.5491229,35.3144004],[139.5491871,35.3144751]]},"properties":{"edge_u":"2696085131","edge_v":"3937261817","avg_max_density":0.476,"run_count":50,"level":"low"}},{"type":"Feature","geometry":{"type":"LineString","coordinates":[[139.5491229,35.3144004],[139.5492263,35.3145681]]},"properties":{"edge_u":"2696085131","edge_v":"3937261819","avg_max_density":0.5016,"run_count":50,"level":"medium"}},{"type":"Feature","geometry":{"type":"LineString","coordinates":[[139.5492677,35.3146291],[139.5484564,35.3147245]]},"properties":{"edge_u":"2696085132","edge_v":"279450439","avg_max_density":0.17,"run_count":50,"level":"low"}},{"type":"Feature","geometry":{"type":"LineString","coordinates":[[139.5492677,35.3146291],[139.5492263,35.3145681]]},"properties":{"edge_u":"2696085132","edge_v":"3937261819","avg_max_density":0.6492,"run_count":50,"level":"medium"}},{"type":"Feature","geometry":{"type":"LineString","coordinates":[[139.5492677,35.3146291],[139.5492956,35.3146756]]},"properties":{"edge_u":"2696085132","edge_v":"6654531555","avg_max_density":0.542,"run_count":50,"level":"medium"}},{"type":"Feature","geometry":{"type":"LineString","coordinates":[[139.549943,35.3157684],[139.5499176,35.3156734]]},"properties":{"edge_u":"2696085137","edge_v":"6654531540","avg_max_density":0.1443,"run_count":50,"level":"low"}},{"type":"Feature","geometry":{"type":"LineString","coordinates":[[139.549943,35.3157684],[139.5499765,35.3158667]]},"properties":{"edge_u":"2696085137","edge_v":"6654531546","avg_max_density":0.1475,"run_count":50,"level":"low"}},{"type":"Feature","geometry":{"type":"LineString","coordinates":[[139.5507774,35.3171536],[139.5504635,35.3167218]]},"properties":{"edge_u":"2696085143","edge_v":"3381151411","avg_max_density":0.1485,"run_count":50,"level":"low"}},{"type":"Feature","geometry":{"type":"LineString","coordinates":[[139.5507774,35.3171536],[139.5507947,35.3171469]]},"properties":{"edge_u":"2696085143","edge_v":"6652594227","avg_max_density":0.1324,"run_count":50,"level":"low"}},{"type":"Feature","geometry":{"type":"LineString","coordinates":[[139.551068,35.3176076],[139.5510933,35.3181625]]},"properties":{"edge_u":"2696085145","edge_v":"4558179229","avg_max_density":0.0241,"run_count":50,"level":"low"}},{"type":"Feature","geometry":{"type":"LineString","coordinates":[[139.551068,35.3176076],[139.5513701,35.3180664]]},"properties":{"edge_u":"2696085145","edge_v":"4558179238","avg_max_density":0.5132,"run_count":50,"level":"medium"}},{"type":"Feature","geometry":{"type":"LineString","coordinates":[[139.5500148,35.3187645],[139.5499526,35.3185857]]},"properties":{"edge_u":"2699644710","edge_v":"6596710972","avg_max_density":0.0919,"run_count":50,"level":"low"}},{"type":"Feature","geometry":{"type":"LineString","coordinates":[[139.5500148,35.3187645],[139.5499731,35.3189195]]},"properties":{"edge_u":"2699644710","edge_v":"9902113699","avg_max_density":0.031,"run_count":50,"level":"low"}},{"type":"Feature","geometry":{"type":"LineString","coordinates":[[139.5500148,35.3187645],[139.5498444,35.3188919]]},"properties":{"edge_u":"2699644710","edge_v":"9902113702","avg_max_density":0.0428,"run_count":50,"level":"low"}},{"type":"Feature","geometry":{"type":"LineString","coordinates":[[139.5446409,35.3095206],[139.5434192,35.3095439]]},"properties":{"edge_u":"2701043661","edge_v":"4298844777","avg_max_density":0.1286,"run_count":50,"level":"low"}},{"type":"Feature","geometry":{"type":"LineString","coordinates":[[139.5429337,35.3102396],[139.5436753,35.3101411]]},"properties":{"edge_u":"2701043674","edge_v":"2701043675","avg_max_density":0.2029,"run_count":50,"level":"low"}},{"type":"Feature","geometry":{"type":"LineString","coordinates":[[139.5429337,35.3102396],[139.542675,35.309742]]},"properties":{"edge_u":"2701043674","edge_v":"6654360004","avg_max_density":0.8587,"run_count":50,"level":"medium"}},{"type":"Feature","geometry":{"type":"LineString","coordinates":[[139.5335297,35.3071369],[139.5325171,35.3053115]]},"properties":{"edge_u":"2710196053","edge_v":"3937260651","avg_max_density":0.5358,"run_count":50,"level":"medium"}},{"type":"Feature","geometry":{"type":"LineString","coordinates":[[139.5335297,35.3071369],[139.5334378,35.3071579]]},"properties":{"edge_u":"2710196053","edge_v":"3937261519","avg_max_density":0.9007,"run_count":50,"level":"medium"}},{"type":"Feature","geometry":{"type":"LineString","coordinates":[[139.5565812,35.3122947],[139.5562528,35.3125341]]},"properties":{"edge_u":"2789669124","edge_v":"2789669140","avg_max_density":0.0514,"run_count":50,"level":"low"}},{"type":"Feature","geometry":{"type":"LineString","coordinates":[[139.5565812,35.3122947],[139.5561765,35.3118311]]},"properties":{"edge_u":"2789669124","edge_v":"2789669177","avg_max_density":0.0645,"run_count":50,"level":"low"}},{"type":"Feature","geometry":{"type":"LineString","coordinates":[[139.5565812,35.3122947],[139.5567523,35.3124134]]},"properties":{"edge_u":"2789669124","edge_v":"6629385347","avg_max_density":0.071,"run_count":50,"level":"low"}},{"type":"Feature","geometry":{"type":"LineString","coordinates":[[139.5567851,35.3124362],[139.5566757,35.3128615]]},"properties":{"edge_u":"2789669129","edge_v":"286547372","avg_max_density":0.0282,"run_count":50,"level":"low"}},{"type":"Feature","geometry":{"type":"LineString","coordinates":[[139.5567851,35.3124362],[139.5567523,35.3124134]]},"properties":{"edge_u":"2789669129","edge_v":"6629385347","avg_max_density":0.2626,"run_count":50,"level":"low"}},{"type":"Feature","geometry":{"type":"LineString","coordinates":[[139.5562528,35.3125341],[139.555655,35.312224]]},"properties":{"edge_u":"2789669140","edge_v":"4585121307","avg_max_density":0.0993,"run_count":50,"level":"low"}},{"type":"Feature","geometry":{"type":"LineString","coordinates":[[139.5562528,35.3125341],[139.5566354,35.3128304]]},"properties":{"edge_u":"2789669140","edge_v":"6629385343","avg_max_density":0.0298,"run_count":50,"level":"low"}},{"type":"Feature","geometry":{"type":"LineString","coordinates":[[139.5566472,35.3134393],[139.5569813,35.3136959]]},"properties":{"edge_u":"2789669158","edge_v":"6604097041","avg_max_density":0.0091,"run_count":49,"level":"low"}},{"type":"Feature","geometry":{"type":"LineString","coordinates":[[139.5561765,35.3118311],[139.5559794,35.3119751]]},"properties":{"edge_u":"2789669177","edge_v":"6609243097","avg_max_density":0.1131,"run_count":50,"level":"low"}},{"type":"Feature","geometry":{"type":"LineString","coordinates":[[139.5459135,35.3115164],[139.5460719,35.3114289]]},"properties":{"edge_u":"279254300","edge_v":"279453856","avg_max_density":0.1994,"run_count":50,"level":"low"}},{"type":"Feature","geometry":{"type":"LineString","coordinates":[[139.5459135,35.3115164],[139.5461491,35.3121436]]},"properties":{"edge_u":"279254300","edge_v":"279454199","avg_max_density":0.1093,"run_count":50,"level":"low"}},{"type":"Feature","geometry":{"type":"LineString","coordinates":[[139.5423909,35.312402],[139.5416959,35.3125814]]},"properties":{"edge_u":"279254494","edge_v":"279254495","avg_max_density":0.0923,"run_count":50,"level":"low"}},{"type":"Feature","geometry":{"type":"LineString","coordinates":[[139.5423909,35.312402],[139.541838,35.3117547]]},"properties":{"edge_u":"279254494","edge_v":"4503352430","avg_max_density":0.071,"run_count":50,"level":"low"}},{"type":"Feature","geometry":{"type":"LineString","coordinates":[[139.5423909,35.312402],[139.5427795,35.3123058]]},"properties":{"edge_u":"279254494","edge_v":"6631052285","avg_max_density":0.0611,"run_count":50,"level":"low"}},{"type":"Feature","geometry":{"type":"LineString","coordinates":[[139.5416959,35.3125814],[139.541651,35.3125927]]},"properties":{"edge_u":"279254495","edge_v":"4550104764","avg_max_density":0.312,"run_count":50,"level":"low"}},{"type":"Feature","geometry":{"type":"LineString","coordinates":[[139.539611,35.3130975],[139.5395468,35.3125478]]},"properties":{"edge_u":"279254497","edge_v":"3618525643","avg_max_density":0.0594,"run_count":50,"level":"low"}},{"type":"Feature","geometry":{"type":"LineString","coordinates":[[139.539611,35.3130975],[139.5390074,35.3132436]]},"properties":{"edge_u":"279254497","edge_v":"5735676612","avg_max_density":0.1166,"run_count":50,"level":"low"}},{"type":"Feature","geometry":{"type":"LineString","coordinates":[[139.539611,35.3130975],[139.5396457,35.3130891]]},"properties":{"edge_u":"279254497","edge_v":"6650522115","avg_max_density":0.3745,"run_count":50,"level":"low"}},{"type":"Feature","geometry":{"type":"LineString","coordinates":[[139.5476354,35.3153756],[139.5478262,35.3157861]]},"properties":{"edge_u":"279450397","edge_v":"279450400","avg_max_density":0.1696,"run_count":50,"level":"low"}},{"type":"Feature","geometry":{"type":"LineString","coordinates":[[139.5476354,35.3153756],[139.5478148,35.3152795]]},"properties":{"edge_u":"279450397","edge_v":"4120581085","avg_max_density":0.3425,"run_count":50,"level":"low"}},{"type":"Feature","geometry":{"type":"LineString","coordinates":[[139.5476354,35.3153756],[139.5472666,35.3152543]]},"properties":{"edge_u":"279450397","edge_v":"5692291772","avg_max_density":0.1766,"run_count":50,"level":"low"}},{"type":"Feature","geometry":{"type":"LineString","coordinates":[[139.5478262,35.3157861],[139.5477418,35.3157819]]},"properties":{"edge_u":"279450400","edge_v":"6819147492","avg_max_density":0.0857,"run_count":50,"level":"low"}},{"type":"Feature","geometry":{"type":"LineString","coordinates":[[139.5470459,35.3148722],[139.5472666,35.3152543]]},"properties":{"edge_u":"279450432","edge_v":"5692291772","avg_max_density":0.2937,"run_count":50,"level":"low"}},{"type":"Feature","geometry":{"type":"LineString","coordinates":[[139.5470459,35.3148722],[139.5472952,35.3148457]]},"properties":{"edge_u":"279450432","edge_v":"6601517997","avg_max_density":0.2251,"run_count":50,"level":"low"}},{"type":"Feature","geometry":{"type":"LineString","coordinates":[[139.5470459,35.3148722],[139.5469104,35.3148867]]},"properties":{"edge_u":"279450432","edge_v":"6601517998","avg_max_density":0.0907,"run_count":50,"level":"low"}},{"type":"Feature","geometry":{"type":"LineString","coordinates":[[139.5484564,35.3147245],[139.5484444,35.3146818]]},"properties":{"edge_u":"279450439","edge_v":"279450441","avg_max_density":0.2778,"run_count":50,"level":"low"}},{"type":"Feature","geometry":{"type":"LineString","coordinates":[[139.5484564,35.3147245],[139.5484813,35.3148719]]},"properties":{"edge_u":"279450439","edge_v":"6601516242","avg_max_density":0.1442,"run_count":50,"level":"low"}},{"type":"Feature","geometry":{"type":"LineString","coordinates":[[139.5484564,35.3147245],[139.5472952,35.3148457]]},"properties":{"edge_u":"279450439","edge_v":"6601517997","avg_max_density":0.1709,"run_count":50,"level":"low"}},{"type":"Feature","geometry":{"type":"LineString","coordinates":[[139.5469368,35.3140401],[139.5466083,35.3140491]]},"properties":{"edge_u":"279450505","edge_v":"279454092","avg_max_density":0.1193,"run_count":50,"level":"low"}},{"type":"Feature","geometry":{"type":"LineString","coordinates":[[139.5460719,35.3114289],[139.5462243,35.3113557]]},"properties":{"edge_u":"279453856","edge_v":"279625100","avg_max_density":0.4574,"run_count":50,"level":"low"}},{"type":"Feature","geometry":{"type":"LineString","coordinates":[[139.5460719,35.3114289],[139.5450084,35.309438]]},"properties":{"edge_u":"279453856","edge_v":"3937261545","avg_max_density":0.3015,"run_count":50,"level":"low"}},{"type":"Feature","geometry":{"type":"LineString","coordinates":[[139.5460251,35.3130377],[139.5456048,35.3125941]]},"properties":{"edge_u":"279454108","edge_v":"3381151361","avg_max_density":0.0102,"run_count":47,"level":"low"}},{"type":"Feature","geometry":{"type":"LineString","coordinates":[[139.5461491,35.3121436],[139.5459582,35.312224]]},"properties":{"edge_u":"279454199","edge_v":"279454210","avg_max_density":0.5568,"run_count":50,"level":"medium"}},{"type":"Feature","geometry":{"type":"LineString","coordinates":[[139.5461491,35.3121436],[139.5463777,35.3128462]]},"properties":{"edge_u":"279454199","edge_v":"3381151370","avg_max_density":0.0251,"run_count":50,"level":"low"}},{"type":"Feature","geometry":{"type":"LineString","coordinates":[[139.5444908,35.3110954],[139.5447723,35.3109578]]},"properties":{"edge_u":"279454285","edge_v":"279454295","avg_max_density":0.1214,"run_count":50,"level":"low"}},{"type":"Feature","geometry":{"type":"LineString","coordinates":[[139.5447723,35.3109578],[139.5447563,35.3103298]]},"properties":{"edge_u":"279454295","edge_v":"4550113805","avg_max_density":0.1269,"run_count":50,"level":"low"}},{"type":"Feature","geometry":{"type":"LineString","coordinates":[[139.5447723,35.3109578],[139.5450536,35.3108331]]},"properties":{"edge_u":"279454295","edge_v":"4550113806","avg_max_density":0.0597,"run_count":50,"level":"low"}},{"type":"Feature","geometry":{"type":"LineString","coordinates":[[139.5519809,35.3135629],[139.5524212,35.3130898]]},"properties":{"edge_u":"279456466","edge_v":"279456484","avg_max_density":0.0592,"run_count":50,"level":"low"}},{"type":"Feature","geometry":{"type":"LineString","coordinates":[[139.5519809,35.3135629],[139.5520882,35.3136281]]},"properties":{"edge_u":"279456466","edge_v":"6604115801","avg_max_density":0.1752,"run_count":50,"level":"low"}},{"type":"Feature","geometry":{"type":"LineString","coordinates":[[139.5508649,35.3123769],[139.5509884,35.3124567]]},"properties":{"edge_u":"279456498","edge_v":"279681490","avg_max_density":0.1315,"run_count":50,"level":"low"}},{"type":"Feature","geometry":{"type":"LineString","coordinates":[[139.5508649,35.3123769],[139.551149,35.3123547]]},"properties":{"edge_u":"279456498","edge_v":"279681492","avg_max_density":0.064,"run_count":50,"level":"low"}},{"type":"Feature","geometry":{"type":"LineString","coordinates":[[139.5508649,35.3123769],[139.5511494,35.3130222]]},"properties":{"edge_u":"279456498","edge_v":"3292732395","avg_max_density":0.0701,"run_count":50,"level":"low"}},{"type":"Feature","geometry":{"type":"LineString","coordinates":[[139.5508649,35.3123769],[139.5507798,35.3121843]]},"properties":{"edge_u":"279456498","edge_v":"6625312746","avg_max_density":0.1168,"run_count":50,"level":"low"}},{"type":"Feature","geometry":{"type":"LineString","coordinates":[[139.5456055,35.317047],[139.5476525,35.3175334]]},"properties":{"edge_u":"279553397","edge_v":"279645281","avg_max_density":0.0537,"run_count":50,"level":"low"}},{"type":"Feature","geometry":{"type":"LineString","coordinates":[[139.5456055,35.317047],[139.5461661,35.3168701]]},"properties":{"edge_u":"279553397","edge_v":"6600298880","avg_max_density":0.0829,"run_count":50,"level":"low"}},{"type":"Feature","geometry":{"type":"LineString","coordinates":[[139.5426578,35.3153759],[139.5418254,35.3149087]]},"properties":{"edge_u":"279553768","edge_v":"279553880","avg_max_density":0.0159,"run_count":50,"level":"low"}},{"type":"Feature","geometry":{"type":"LineString","coordinates":[[139.5426578,35.3153759],[139.5427048,35.3153156]]},"properties":{"edge_u":"279553768","edge_v":"6620539215","avg_max_density":0.1353,"run_count":50,"level":"low"}},{"type":"Feature","geometry":{"type":"LineString","coordinates":[[139.5416806,35.3155738],[139.5422201,35.3159326]]},"properties":{"edge_u":"279553777","edge_v":"279553780","avg_max_density":0.0732,"run_count":50,"level":"low"}},{"type":"Feature","geometry":{"type":"LineString","coordinates":[[139.5387766,35.3141039],[139.5388136,35.314245]]},"properties":{"edge_u":"279553811","edge_v":"279554058","avg_max_density":0.0501,"run_count":50,"level":"low"}},{"type":"Feature","geometry":{"type":"LineString","coordinates":[[139.5387766,35.3141039],[139.5386671,35.3137087]]},"properties":{"edge_u":"279553811","edge_v":"4034120633","avg_max_density":0.0631,"run_count":50,"level":"low"}},{"type":"Feature","geometry":{"type":"LineString","coordinates":[[139.5399542,35.3141698],[139.540197,35.3142349]]},"properties":{"edge_u":"279553814","edge_v":"279553835","avg_max_density":0.0914,"run_count":50,"level":"low"}},{"type":"Feature","geometry":{"type":"LineString","coordinates":[[139.5399542,35.3141698],[139.5396594,35.3141293]]},"properties":{"edge_u":"279553814","edge_v":"4034120634","avg_max_density":0.0614,"run_count":50,"level":"low"}},{"type":"Feature","geometry":{"type":"LineString","coordinates":[[139.5399542,35.3141698],[139.5401438,35.3136419]]},"properties":{"edge_u":"279553814","edge_v":"4035803519","avg_max_density":0.1868,"run_count":50,"level":"low"}},{"type":"Feature","geometry":{"type":"LineString","coordinates":[[139.540197,35.3142349],[139.5403879,35.3142795]]},"properties":{"edge_u":"279553835","edge_v":"4910507342","avg_max_density":0.0751,"run_count":50,"level":"low"}},{"type":"Feature","geometry":{"type":"LineString","coordinates":[[139.540197,35.3142349],[139.5400397,35.3145988]]},"properties":{"edge_u":"279553835","edge_v":"6611039665","avg_max_density":0.0656,"run_count":50,"level":"low"}},{"type":"Feature","geometry":{"type":"LineString","coordinates":[[139.5410017,35.3144948],[139.5412908,35.3146308]]},"properties":{"edge_u":"279553840","edge_v":"279553879","avg_max_density":0.0989,"run_count":50,"level":"low"}},{"type":"Feature","geometry":{"type":"LineString","coordinates":[[139.5412908,35.3146308],[139.5414525,35.314387]]},"properties":{"edge_u":"279553879","edge_v":"279553892","avg_max_density":0.0638,"run_count":50,"level":"low"}},{"type":"Feature","geometry":{"type":"LineString","coordinates":[[139.5412908,35.3146308],[139.5415938,35.3147883]]},"properties":{"edge_u":"279553879","edge_v":"6611039658","avg_max_density":0.0399,"run_count":50,"level":"low"}},{"type":"Feature","geometry":{"type":"LineString","coordinates":[[139.5412908,35.3146308],[139.541425,35.315025]]},"properties":{"edge_u":"279553879","edge_v":"6611039660","avg_max_density":0.0219,"run_count":50,"level":"low"}},{"type":"Feature","geometry":{"type":"LineString","coordinates":[[139.5418254,35.3149087],[139.542253,35.3144189]]},"properties":{"edge_u":"279553880","edge_v":"6611039656","avg_max_density":0.1788,"run_count":50,"level":"low"}},{"type":"Feature","geometry":{"type":"LineString","coordinates":[[139.5418254,35.3149087],[139.5415938,35.3147883]]},"properties":{"edge_u":"279553880","edge_v":"6611039658","avg_max_density":0.0592,"run_count":50,"level":"low"}},{"type":"Feature","geometry":{"type":"LineString","coordinates":[[139.5418254,35.3149087],[139.5416809,35.3150897]]},"properties":{"edge_u":"279553880","edge_v":"6611039663","avg_max_density":0.1234,"run_count":50,"level":"low"}},{"type":"Feature","geometry":{"type":"LineString","coordinates":[[139.5370687,35.3138187],[139.5374724,35.313844]]},"properties":{"edge_u":"279553964","edge_v":"279554064","avg_max_density":0.0504,"run_count":50,"level":"low"}},{"type":"Feature","geometry":{"type":"LineString","coordinates":[[139.5370687,35.3138187],[139.5370969,35.3134191]]},"properties":{"edge_u":"279553964","edge_v":"4035803504","avg_max_density":0.0621,"run_count":50,"level":"low"}},{"type":"Feature","geometry":{"type":"LineString","coordinates":[[139.5370687,35.3138187],[139.5370781,35.3143624]]},"properties":{"edge_u":"279553964","edge_v":"6616451019","avg_max_density":0.0169,"run_count":50,"level":"low"}},{"type":"Feature","geometry":{"type":"LineString","coordinates":[[139.5370687,35.3138187],[139.5367755,35.3138235]]},"properties":{"edge_u":"279553964","edge_v":"6632502113","avg_max_density":0.0659,"run_count":50,"level":"low"}},{"type":"Feature","geometry":{"type":"LineString","coordinates":[[139.5382736,35.3140004],[139.5388136,35.314245]]},"properties":{"edge_u":"279554048","edge_v":"279554058","avg_max_density":0.0558,"run_count":50,"level":"low"}},{"type":"Feature","geometry":{"type":"LineString","coordinates":[[139.5382736,35.3140004],[139.5374724,35.313844]]},"properties":{"edge_u":"279554048","edge_v":"279554064","avg_max_density":0.0336,"run_count":50,"level":"low"}},{"type":"Feature","geometry":{"type":"LineString","coordinates":[[139.5382736,35.3140004],[139.5382404,35.3137039]]},"properties":{"edge_u":"279554048","edge_v":"280524680","avg_max_density":0.1122,"run_count":50,"level":"low"}},{"type":"Feature","geometry":{"type":"LineString","coordinates":[[139.5388136,35.314245],[139.5393298,35.3147276]]},"properties":{"edge_u":"279554058","edge_v":"6616349628","avg_max_density":0.0139,"run_count":50,"level":"low"}},{"type":"Feature","geometry":{"type":"LineString","coordinates":[[139.5374724,35.313844],[139.5374918,35.3136664]]},"properties":{"edge_u":"279554064","edge_v":"279554076","avg_max_density":0.1062,"run_count":50,"level":"low"}},{"type":"Feature","geometry":{"type":"LineString","coordinates":[[139.5374918,35.3136664],[139.5382404,35.3137039]]},"properties":{"edge_u":"279554076","edge_v":"280524680","avg_max_density":0.0471,"run_count":50,"level":"low"}},{"type":"Feature","geometry":{"type":"LineString","coordinates":[[139.5374918,35.3136664],[139.537098,35.3133638]]},"properties":{"edge_u":"279554076","edge_v":"4035803518","avg_max_density":0.2471,"run_count":50,"level":"low"}},{"type":"Feature","geometry":{"type":"LineString","coordinates":[[139.5357032,35.3167194],[139.5356884,35.3166473]]},"properties":{"edge_u":"279554276","edge_v":"8090655623","avg_max_density":0.0354,"run_count":48,"level":"low"}},{"type":"Feature","geometry":{"type":"LineString","coordinates":[[139.5409429,35.3126881],[139.5411193,35.312437]]},"properties":{"edge_u":"279623497","edge_v":"279623498","avg_max_density":0.0478,"run_count":50,"level":"low"}},{"type":"Feature","geometry":{"type":"LineString","coordinates":[[139.5411193,35.312437],[139.5406223,35.3122598]]},"properties":{"edge_u":"279623498","edge_v":"279623499","avg_max_density":0.0719,"run_count":50,"level":"low"}},{"type":"Feature","geometry":{"type":"LineString","coordinates":[[139.5411193,35.312437],[139.5413902,35.3126533]]},"properties":{"edge_u":"279623498","edge_v":"279624602","avg_max_density":0.0694,"run_count":50,"level":"low"}},{"type":"Feature","geometry":{"type":"LineString","coordinates":[[139.5406223,35.3122598],[139.5405,35.3123796]]},"properties":{"edge_u":"279623499","edge_v":"279623539","avg_max_density":0.2949,"run_count":50,"level":"low"}},{"type":"Feature","geometry":{"type":"LineString","coordinates":[[139.5406223,35.3122598],[139.5408493,35.3114421]]},"properties":{"edge_u":"279623499","edge_v":"279623624","avg_max_density":0.1838,"run_count":50,"level":"low"}},{"type":"Feature","geometry":{"type":"LineString","coordinates":[[139.5405,35.3123796],[139.5401627,35.3123062]]},"properties":{"edge_u":"279623539","edge_v":"279623540","avg_max_density":0.0709,"run_count":50,"level":"low"}},{"type":"Feature","geometry":{"type":"LineString","coordinates":[[139.5405,35.3123796],[139.5402303,35.3127549]]},"properties":{"edge_u":"279623539","edge_v":"6542988457","avg_max_density":0.2312,"run_count":50,"level":"low"}},{"type":"Feature","geometry":{"type":"LineString","coordinates":[[139.541013,35.3115771],[139.5408493,35.3114421]]},"properties":{"edge_u":"279623616","edge_v":"279623624","avg_max_density":0.2164,"run_count":50,"level":"low"}},{"type":"Feature","geometry":{"type":"LineString","coordinates":[[139.541013,35.3115771],[139.5413185,35.3098786]]},"properties":{"edge_u":"279623616","edge_v":"3937309264","avg_max_density":0.2122,"run_count":50,"level":"low"}},{"type":"Feature","geometry":{"type":"LineString","coordinates":[[139.541013,35.3115771],[139.5415657,35.3123766]]},"properties":{"edge_u":"279623616","edge_v":"6631051685","avg_max_density":0.1699,"run_count":50,"level":"low"}},{"type":"Feature","geometry":{"type":"LineString","coordinates":[[139.5408493,35.3114421],[139.5406445,35.3112628]]},"properties":{"edge_u":"279623624","edge_v":"279623626","avg_max_density":0.1148,"run_count":50,"level":"low"}},{"type":"Feature","geometry":{"type":"LineString","coordinates":[[139.5406445,35.3112628],[139.5402176,35.3104616]]},"properties":{"edge_u":"279623626","edge_v":"279623652","avg_max_density":0.0731,"run_count":50,"level":"low"}},{"type":"Feature","geometry":{"type":"LineString","coordinates":[[139.5406445,35.3112628],[139.5405522,35.3112068]]},"properties":{"edge_u":"279623626","edge_v":"279623669","avg_max_density":0.1686,"run_count":50,"level":"low"}},{"type":"Feature","geometry":{"type":"LineString","coordinates":[[139.5405522,35.3112068],[139.5403569,35.3118419]]},"properties":{"edge_u":"279623669","edge_v":"279623676","avg_max_density":0.0456,"run_count":50,"level":"low"}},{"type":"Feature","geometry":{"type":"LineString","coordinates":[[139.5400042,35.3109554],[139.5395498,35.3107483]]},"properties":{"edge_u":"279623684","edge_v":"279624702","avg_max_density":0.0332,"run_count":50,"level":"low"}},{"type":"Feature","geometry":{"type":"LineString","coordinates":[[139.5395085,35.3114986],[139.5391591,35.3118666]]},"properties":{"edge_u":"279623686","edge_v":"279623687","avg_max_density":0.0966,"run_count":50,"level":"low"}},{"type":"Feature","geometry":{"type":"LineString","coordinates":[[139.5395085,35.3114986],[139.5394854,35.3120118]]},"properties":{"edge_u":"279623686","edge_v":"279624146","avg_max_density":0.0595,"run_count":50,"level":"low"}},{"type":"Feature","geometry":{"type":"LineString","coordinates":[[139.5391591,35.3118666],[139.5394854,35.3120118]]},"properties":{"edge_u":"279623687","edge_v":"279624146","avg_max_density":0.0599,"run_count":50,"level":"low"}},{"type":"Feature","geometry":{"type":"LineString","coordinates":[[139.5391591,35.3118666],[139.5388904,35.312246]]},"properties":{"edge_u":"279623687","edge_v":"4572823677","avg_max_density":0.1526,"run_count":50,"level":"low"}},{"type":"Feature","geometry":{"type":"LineString","coordinates":[[139.5395511,35.3120457],[139.5395843,35.3122357]]},"properties":{"edge_u":"279623715","edge_v":"279623718","avg_max_density":0.0758,"run_count":50,"level":"low"}},{"type":"Feature","geometry":{"type":"LineString","coordinates":[[139.5395511,35.3120457],[139.539699,35.3121319]]},"properties":{"edge_u":"279623715","edge_v":"279623794","avg_max_density":0.0758,"run_count":50,"level":"low"}},{"type":"Feature","geometry":{"type":"LineString","coordinates":[[139.5395511,35.3120457],[139.5394854,35.3120118]]},"properties":{"edge_u":"279623715","edge_v":"279624146","avg_max_density":0.1226,"run_count":50,"level":"low"}},{"type":"Feature","geometry":{"type":"LineString","coordinates":[[139.5413902,35.3126533],[139.541651,35.3125927]]},"properties":{"edge_u":"279624602","edge_v":"4550104764","avg_max_density":0.139,"run_count":50,"level":"low"}},{"type":"Feature","geometry":{"type":"LineString","coordinates":[[139.5413902,35.3126533],[139.5412226,35.3126912]]},"properties":{"edge_u":"279624602","edge_v":"6688269894","avg_max_density":0.1328,"run_count":50,"level":"low"}},{"type":"Feature","geometry":{"type":"LineString","coordinates":[[139.5395498,35.3107483],[139.5381472,35.311363]]},"properties":{"edge_u":"279624702","edge_v":"279624935","avg_max_density":0.0251,"run_count":50,"level":"low"}},{"type":"Feature","geometry":{"type":"LineString","coordinates":[[139.5395498,35.3107483],[139.5389802,35.3103657]]},"properties":{"edge_u":"279624702","edge_v":"3937309284","avg_max_density":0.065,"run_count":50,"level":"low"}},{"type":"Feature","geometry":{"type":"LineString","coordinates":[[139.5380324,35.3116709],[139.5380973,35.3114918]]},"properties":{"edge_u":"279624722","edge_v":"279624742","avg_max_density":0.1813,"run_count":50,"level":"low"}},{"type":"Feature","geometry":{"type":"LineString","coordinates":[[139.5380324,35.3116709],[139.5384969,35.311726]]},"properties":{"edge_u":"279624722","edge_v":"3381153774","avg_max_density":0.111,"run_count":50,"level":"low"}},{"type":"Feature","geometry":{"type":"LineString","coordinates":[[139.5380973,35.3114918],[139.5376096,35.3113515]]},"properties":{"edge_u":"279624742","edge_v":"279624929","avg_max_density":0.0472,"run_count":50,"level":"low"}},{"type":"Feature","geometry":{"type":"LineString","coordinates":[[139.5380973,35.3114918],[139.5381472,35.311363]]},"properties":{"edge_u":"279624742","edge_v":"279624935","avg_max_density":0.1881,"run_count":50,"level":"low"}},{"type":"Feature","geometry":{"type":"LineString","coordinates":[[139.5373327,35.3112638],[139.5372708,35.3115127]]},"properties":{"edge_u":"279624835","edge_v":"279624836","avg_max_density":0.1882,"run_count":50,"level":"low"}},{"type":"Feature","geometry":{"type":"LineString","coordinates":[[139.5373327,35.3112638],[139.5376096,35.3113515]]},"properties":{"edge_u":"279624835","edge_v":"279624929","avg_max_density":0.0638,"run_count":50,"level":"low"}},{"type":"Feature","geometry":{"type":"LineString","coordinates":[[139.5373327,35.3112638],[139.5375296,35.3108447]]},"properties":{"edge_u":"279624835","edge_v":"279625005","avg_max_density":0.2115,"run_count":50,"level":"low"}},{"type":"Feature","geometry":{"type":"LineString","coordinates":[[139.5372708,35.3115127],[139.5368819,35.3114702]]},"properties":{"edge_u":"279624836","edge_v":"280489768","avg_max_density":0.098,"run_count":50,"level":"low"}},{"type":"Feature","geometry":{"type":"LineString","coordinates":[[139.5368446,35.3114793],[139.5368819,35.3114702]]},"properties":{"edge_u":"279624838","edge_v":"280489768","avg_max_density":0.3114,"run_count":50,"level":"low"}},{"type":"Feature","geometry":{"type":"LineString","coordinates":[[139.5363842,35.3115809],[139.5362226,35.3121067]]},"properties":{"edge_u":"279624840","edge_v":"298025920","avg_max_density":0.1457,"run_count":50,"level":"low"}},{"type":"Feature","geometry":{"type":"LineString","coordinates":[[139.5363842,35.3115809],[139.5364004,35.311532]]},"properties":{"edge_u":"279624840","edge_v":"4910492096","avg_max_density":0.3009,"run_count":50,"level":"low"}},{"type":"Feature","geometry":{"type":"LineString","coordinates":[[139.5375604,35.3107701],[139.5375296,35.3108447]]},"properties":{"edge_u":"279624842","edge_v":"279625005","avg_max_density":0.2919,"run_count":50,"level":"low"}},{"type":"Feature","geometry":{"type":"LineString","coordinates":[[139.5375604,35.3107701],[139.5365988,35.3109143]]},"properties":{"edge_u":"279624842","edge_v":"298025922","avg_max_density":0.7506,"run_count":50,"level":"medium"}},{"type":"Feature","geometry":{"type":"LineString","coordinates":[[139.5375604,35.3107701],[139.5378558,35.3102137]]},"properties":{"edge_u":"279624842","edge_v":"3937309274","avg_max_density":0.5596,"run_count":50,"level":"medium"}},{"type":"Feature","geometry":{"type":"LineString","coordinates":[[139.5376096,35.3113515],[139.5377783,35.3109062]]},"properties":{"edge_u":"279624929","edge_v":"279624930","avg_max_density":0.0582,"run_count":50,"level":"low"}},{"type":"Feature","geometry":{"type":"LineString","coordinates":[[139.5377783,35.3109062],[139.5381639,35.3109846]]},"properties":{"edge_u":"279624930","edge_v":"279624932","avg_max_density":0.1029,"run_count":50,"level":"low"}},{"type":"Feature","geometry":{"type":"LineString","coordinates":[[139.5377783,35.3109062],[139.5375296,35.3108447]]},"properties":{"edge_u":"279624930","edge_v":"279625005","avg_max_density":0.1143,"run_count":50,"level":"low"}},{"type":"Feature","geometry":{"type":"LineString","coordinates":[[139.5381639,35.3109846],[139.5381472,35.311363]]},"properties":{"edge_u":"279624932","edge_v":"279624935","avg_max_density":0.1332,"run_count":50,"level":"low"}},{"type":"Feature","geometry":{"type":"LineString","coordinates":[[139.5381639,35.3109846],[139.5384026,35.3103308]]},"properties":{"edge_u":"279624932","edge_v":"3937309280","avg_max_density":0.1531,"run_count":50,"level":"low"}},{"type":"Feature","geometry":{"type":"LineString","coordinates":[[139.5462243,35.3113557],[139.547051,35.3122648]]},"properties":{"edge_u":"279625100","edge_v":"279625171","avg_max_density":0.3476,"run_count":50,"level":"low"}},{"type":"Feature","geometry":{"type":"LineString","coordinates":[[139.5476525,35.3175334],[139.5474361,35.3171198]]},"properties":{"edge_u":"279645281","edge_v":"3381151427","avg_max_density":0.0332,"run_count":50,"level":"low"}},{"type":"Feature","geometry":{"type":"LineString","coordinates":[[139.5512468,35.3115293],[139.5513342,35.3116439]]},"properties":{"edge_u":"279681495","edge_v":"279681497","avg_max_density":0.1286,"run_count":50,"level":"low"}},{"type":"Feature","geometry":{"type":"LineString","coordinates":[[139.5512468,35.3115293],[139.5509258,35.3110153]]},"properties":{"edge_u":"279681495","edge_v":"279681575","avg_max_density":0.0751,"run_count":50,"level":"low"}},{"type":"Feature","geometry":{"type":"LineString","coordinates":[[139.5512468,35.3115293],[139.5506186,35.3117941]]},"properties":{"edge_u":"279681495","edge_v":"279689997","avg_max_density":0.1011,"run_count":50,"level":"low"}},{"type":"Feature","geometry":{"type":"LineString","coordinates":[[139.5513342,35.3116439],[139.5516872,35.3119514]]},"properties":{"edge_u":"279681497","edge_v":"279681532","avg_max_density":0.0826,"run_count":50,"level":"low"}},{"type":"Feature","geometry":{"type":"LineString","coordinates":[[139.5513342,35.3116439],[139.551795,35.3115346]]},"properties":{"edge_u":"279681497","edge_v":"4679946985","avg_max_density":0.0454,"run_count":50,"level":"low"}},{"type":"Feature","geometry":{"type":"LineString","coordinates":[[139.5517435,35.3119816],[139.5516872,35.3119514]]},"properties":{"edge_u":"279681511","edge_v":"279681532","avg_max_density":0.1055,"run_count":50,"level":"low"}},{"type":"Feature","geometry":{"type":"LineString","coordinates":[[139.5517435,35.3119816],[139.551364,35.3123334]]},"properties":{"edge_u":"279681511","edge_v":"279690004","avg_max_density":0.1357,"run_count":50,"level":"low"}},{"type":"Feature","geometry":{"type":"LineString","coordinates":[[139.5516872,35.3119514],[139.5519843,35.3117396]]},"properties":{"edge_u":"279681532","edge_v":"279681537","avg_max_density":0.0598,"run_count":50,"level":"low"}},{"type":"Feature","geometry":{"type":"LineString","coordinates":[[139.5509258,35.3110153],[139.5514244,35.3110561]]},"properties":{"edge_u":"279681575","edge_v":"286527286","avg_max_density":0.235,"run_count":50,"level":"low"}},{"type":"Feature","geometry":{"type":"LineString","coordinates":[[139.5509258,35.3110153],[139.5508777,35.311011]]},"properties":{"edge_u":"279681575","edge_v":"6625312741","avg_max_density":0.345,"run_count":50,"level":"low"}},{"type":"Feature","geometry":{"type":"LineString","coordinates":[[139.5507852,35.3108765],[139.5509435,35.3103107]]},"properties":{"edge_u":"279681590","edge_v":"279681653","avg_max_density":0.0913,"run_count":50,"level":"low"}},{"type":"Feature","geometry":{"type":"LineString","coordinates":[[139.5507852,35.3108765],[139.5507362,35.3108775]]},"properties":{"edge_u":"279681590","edge_v":"5955290661","avg_max_density":0.3208,"run_count":50,"level":"low"}},{"type":"Feature","geometry":{"type":"LineString","coordinates":[[139.5507852,35.3108765],[139.5508777,35.311011]]},"properties":{"edge_u":"279681590","edge_v":"6625312741","avg_max_density":0.1754,"run_count":50,"level":"low"}},{"type":"Feature","geometry":{"type":"LineString","coordinates":[[139.5509435,35.3103107],[139.5511302,35.3102202]]},"properties":{"edge_u":"279681653","edge_v":"279681688","avg_max_density":0.1934,"run_count":50,"level":"low"}},{"type":"Feature","geometry":{"type":"LineString","coordinates":[[139.5511302,35.3102202],[139.5517575,35.3104404]]},"properties":{"edge_u":"279681688","edge_v":"279689953","avg_max_density":0.2014,"run_count":50,"level":"low"}},{"type":"Feature","geometry":{"type":"LineString","coordinates":[[139.5511302,35.3102202],[139.5514303,35.309952]]},"properties":{"edge_u":"279681688","edge_v":"279689958","avg_max_density":0.0488,"run_count":50,"level":"low"}},{"type":"Feature","geometry":{"type":"LineString","coordinates":[[139.5514303,35.309952],[139.5514531,35.3098686]]},"properties":{"edge_u":"279689958","edge_v":"279689959","avg_max_density":0.2175,"run_count":50,"level":"low"}},{"type":"Feature","geometry":{"type":"LineString","coordinates":[[139.5514531,35.3098686],[139.551527,35.3098296]]},"properties":{"edge_u":"279689959","edge_v":"6625312737","avg_max_density":0.0513,"run_count":50,"level":"low"}},{"type":"Feature","geometry":{"type":"LineString","coordinates":[[139.5510978,35.3079771],[139.5506959,35.3082579]]},"properties":{"edge_u":"279689966","edge_v":"6612551466","avg_max_density":0.1422,"run_count":50,"level":"low"}},{"type":"Feature","geometry":{"type":"LineString","coordinates":[[139.5510978,35.3079771],[139.5509019,35.3076565]]},"properties":{"edge_u":"279689966","edge_v":"6612552068","avg_max_density":0.1392,"run_count":50,"level":"low"}},{"type":"Feature","geometry":{"type":"LineString","coordinates":[[139.5511806,35.3066423],[139.5510556,35.3064239]]},"properties":{"edge_u":"279689968","edge_v":"6606806672","avg_max_density":0.1122,"run_count":50,"level":"low"}},{"type":"Feature","geometry":{"type":"LineString","coordinates":[[139.5511806,35.3066423],[139.5514695,35.3065116]]},"properties":{"edge_u":"279689968","edge_v":"6606806678","avg_max_density":0.0647,"run_count":50,"level":"low"}},{"type":"Feature","geometry":{"type":"LineString","coordinates":[[139.5511806,35.3066423],[139.550782,35.306768]]},"properties":{"edge_u":"279689968","edge_v":"6612552056","avg_max_density":0.0634,"run_count":50,"level":"low"}},{"type":"Feature","geometry":{"type":"LineString","coordinates":[[139.5505625,35.3068172],[139.5503718,35.3065007]]},"properties":{"edge_u":"279689970","edge_v":"6606806884","avg_max_density":0.0983,"run_count":50,"level":"low"}},{"type":"Feature","geometry":{"type":"LineString","coordinates":[[139.5505625,35.3068172],[139.550782,35.306768]]},"properties":{"edge_u":"279689970","edge_v":"6612552056","avg_max_density":0.0809,"run_count":50,"level":"low"}},{"type":"Feature","geometry":{"type":"LineString","coordinates":[[139.5505625,35.3068172],[139.5506211,35.3069858]]},"properties":{"edge_u":"279689970","edge_v":"6612552058","avg_max_density":0.1439,"run_count":50,"level":"low"}},{"type":"Feature","geometry":{"type":"LineString","coordinates":[[139.549458,35.3091397],[139.548865,35.3095535]]},"properties":{"edge_u":"279689978","edge_v":"3381151318","avg_max_density":0.2524,"run_count":50,"level":"low"}},{"type":"Feature","geometry":{"type":"LineString","coordinates":[[139.549458,35.3091397],[139.5492769,35.308811]]},"properties":{"edge_u":"279689978","edge_v":"6611236659","avg_max_density":0.0699,"run_count":50,"level":"low"}},{"type":"Feature","geometry":{"type":"LineString","coordinates":[[139.5499279,35.3102162],[139.5497346,35.3097546]]},"properties":{"edge_u":"279689991","edge_v":"6611867159","avg_max_density":0.1267,"run_count":50,"level":"low"}},{"type":"Feature","geometry":{"type":"LineString","coordinates":[[139.5506186,35.3117941],[139.5502439,35.3109565]]},"properties":{"edge_u":"279689997","edge_v":"286527274","avg_max_density":0.1701,"run_count":50,"level":"low"}},{"type":"Feature","geometry":{"type":"LineString","coordinates":[[139.5506186,35.3117941],[139.5507314,35.312072]]},"properties":{"edge_u":"279689997","edge_v":"4679946981","avg_max_density":0.1577,"run_count":50,"level":"low"}},{"type":"Feature","geometry":{"type":"LineString","coordinates":[[139.551364,35.3123334],[139.5507314,35.312072]]},"properties":{"edge_u":"279690004","edge_v":"4679946981","avg_max_density":0.157,"run_count":50,"level":"low"}},{"type":"Feature","geometry":{"type":"LineString","coordinates":[[139.5544475,35.30339],[139.5543748,35.303419]]},"properties":{"edge_u":"279690006","edge_v":"7912560952","avg_max_density":0.2057,"run_count":50,"level":"low"}},{"type":"Feature","geometry":{"type":"LineString","coordinates":[[139.5544475,35.30339],[139.5545433,35.3033535]]},"properties":{"edge_u":"279690006","edge_v":"7912560954","avg_max_density":0.2314,"run_count":50,"level":"low"}},{"type":"Feature","geometry":{"type":"LineString","coordinates":[[139.5529474,35.3025368],[139.5530688,35.3021001]]},"properties":{"edge_u":"279690011","edge_v":"279690013","avg_max_density":0.0993,"run_count":50,"level":"low"}},{"type":"Feature","geometry":{"type":"LineString","coordinates":[[139.5529474,35.3025368],[139.5528498,35.3028475]]},"properties":{"edge_u":"279690011","edge_v":"279690100","avg_max_density":0.0559,"run_count":50,"level":"low"}},{"type":"Feature","geometry":{"type":"LineString","coordinates":[[139.5529474,35.3025368],[139.5532848,35.3023233]]},"properties":{"edge_u":"279690011","edge_v":"286543672","avg_max_density":0.1407,"run_count":50,"level":"low"}},{"type":"Feature","geometry":{"type":"LineString","coordinates":[[139.5530688,35.3021001],[139.5530602,35.3017849]]},"properties":{"edge_u":"279690013","edge_v":"279690014","avg_max_density":0.0975,"run_count":50,"level":"low"}},{"type":"Feature","geometry":{"type":"LineString","coordinates":[[139.5530688,35.3021001],[139.5532899,35.3020973]]},"properties":{"edge_u":"279690013","edge_v":"6608850598","avg_max_density":0.0591,"run_count":50,"level":"low"}},{"type":"Feature","geometry":{"type":"LineString","coordinates":[[139.5530602,35.3017849],[139.553058,35.3016168]]},"properties":{"edge_u":"279690014","edge_v":"6171775874","avg_max_density":0.2366,"run_count":50,"level":"low"}},{"type":"Feature","geometry":{"type":"LineString","coordinates":[[139.5528051,35.2989866],[139.5535958,35.2982652]]},"properties":{"edge_u":"279690030","edge_v":"286527834","avg_max_density":0.3516,"run_count":50,"level":"low"}},{"type":"Feature","geometry":{"type":"LineString","coordinates":[[139.5528051,35.2989866],[139.5531144,35.3013252]]},"properties":{"edge_u":"279690030","edge_v":"316058198","avg_max_density":0.3191,"run_count":50,"level":"low"}},{"type":"Feature","geometry":{"type":"LineString","coordinates":[[139.5521404,35.2995596],[139.5521686,35.2995964]]},"properties":{"edge_u":"279690065","edge_v":"279690068","avg_max_density":0.8275,"run_count":50,"level":"medium"}},{"type":"Feature","geometry":{"type":"LineString","coordinates":[[139.5521686,35.2995964],[139.5522723,35.2999552]]},"properties":{"edge_u":"279690068","edge_v":"316058166","avg_max_density":0.3446,"run_count":50,"level":"low"}},{"type":"Feature","geometry":{"type":"LineString","coordinates":[[139.5521686,35.2995964],[139.5525755,35.2996604]]},"properties":{"edge_u":"279690068","edge_v":"3294779443","avg_max_density":0.1291,"run_count":50,"level":"low"}},{"type":"Feature","geometry":{"type":"LineString","coordinates":[[139.5528498,35.3028475],[139.5527516,35.3031278]]},"properties":{"edge_u":"279690100","edge_v":"6606806634","avg_max_density":0.0509,"run_count":50,"level":"low"}},{"type":"Feature","geometry":{"type":"LineString","coordinates":[[139.5526859,35.3033333],[139.5527516,35.3031278]]},"properties":{"edge_u":"279690101","edge_v":"6606806634","avg_max_density":0.0762,"run_count":50,"level":"low"}},{"type":"Feature","geometry":{"type":"LineString","coordinates":[[139.5465068,35.3141792],[139.5466479,35.3143117]]},"properties":{"edge_u":"280489770","edge_v":"6681682786","avg_max_density":0.1532,"run_count":50,"level":"low"}},{"type":"Feature","geometry":{"type":"LineString","coordinates":[[139.5382404,35.3137039],[139.5382452,35.3136689]]},"properties":{"edge_u":"280524680","edge_v":"4034120628","avg_max_density":0.212,"run_count":50,"level":"low"}},{"type":"Feature","geometry":{"type":"LineString","coordinates":[[139.5502439,35.3109565],[139.5501396,35.3107135]]},"properties":{"edge_u":"286527274","edge_v":"5955290653","avg_max_density":0.0744,"run_count":50,"level":"low"}},{"type":"Feature","geometry":{"type":"LineString","coordinates":[[139.5502439,35.3109565],[139.5508777,35.311011]]},"properties":{"edge_u":"286527274","edge_v":"6625312741","avg_max_density":0.2239,"run_count":50,"level":"low"}},{"type":"Feature","geometry":{"type":"LineString","coordinates":[[139.5478915,35.3102336],[139.547944,35.3101962]]},"properties":{"edge_u":"286527277","edge_v":"3381151329","avg_max_density":0.302,"run_count":50,"level":"low"}},{"type":"Feature","geometry":{"type":"LineString","coordinates":[[139.5478915,35.3102336],[139.5470953,35.3108463]]},"properties":{"edge_u":"286527277","edge_v":"6654353353","avg_max_density":0.2725,"run_count":50,"level":"low"}},{"type":"Feature","geometry":{"type":"LineString","coordinates":[[139.5514244,35.3110561],[139.5515156,35.3109344]]},"properties":{"edge_u":"286527286","edge_v":"6625312744","avg_max_density":0.0725,"run_count":50,"level":"low"}},{"type":"Feature","geometry":{"type":"LineString","coordinates":[[139.5514244,35.3110561],[139.5517936,35.3110862]]},"properties":{"edge_u":"286527286","edge_v":"6630215005","avg_max_density":0.2511,"run_count":50,"level":"low"}},{"type":"Feature","geometry":{"type":"LineString","coordinates":[[139.5533152,35.3126632],[139.5533381,35.3128674]]},"properties":{"edge_u":"286527298","edge_v":"6604115811","avg_max_density":0.0643,"run_count":50,"level":"low"}},{"type":"Feature","geometry":{"type":"LineString","coordinates":[[139.5533439,35.3136842],[139.5533054,35.3138016]]},"properties":{"edge_u":"286527312","edge_v":"6604115815","avg_max_density":0.0676,"run_count":50,"level":"low"}},{"type":"Feature","geometry":{"type":"LineString","coordinates":[[139.5533083,35.3146851],[139.553346,35.3151563]]},"properties":{"edge_u":"286527320","edge_v":"286527321","avg_max_density":0.0454,"run_count":50,"level":"low"}},{"type":"Feature","geometry":{"type":"LineString","coordinates":[[139.5533083,35.3146851],[139.5539791,35.3144821]]},"properties":{"edge_u":"286527320","edge_v":"286547397","avg_max_density":0.0856,"run_count":50,"level":"low"}},{"type":"Feature","geometry":{"type":"LineString","coordinates":[[139.5533083,35.3146851],[139.5525749,35.314897]]},"properties":{"edge_u":"286527320","edge_v":"286547418","avg_max_density":0.0228,"run_count":50,"level":"low"}},{"type":"Feature","geometry":{"type":"LineString","coordinates":[[139.553346,35.3151563],[139.5533067,35.3156398]]},"properties":{"edge_u":"286527321","edge_v":"6604098948","avg_max_density":0.0282,"run_count":50,"level":"low"}},{"type":"Feature","geometry":{"type":"LineString","coordinates":[[139.5567712,35.3104525],[139.5559265,35.3105289]]},"properties":{"edge_u":"286527354","edge_v":"6630213837","avg_max_density":0.1116,"run_count":50,"level":"low"}},{"type":"Feature","geometry":{"type":"LineString","coordinates":[[139.5567712,35.3104525],[139.5572917,35.3103145]]},"properties":{"edge_u":"286527354","edge_v":"6630214194","avg_max_density":0.1134,"run_count":50,"level":"low"}},{"type":"Feature","geometry":{"type":"LineString","coordinates":[[139.5589991,35.3021251],[139.5591549,35.3022246]]},"properties":{"edge_u":"286527635","edge_v":"286527741","avg_max_density":0.0559,"run_count":50,"level":"low"}},{"type":"Feature","geometry":{"type":"LineString","coordinates":[[139.5589991,35.3021251],[139.5588167,35.3018864]]},"properties":{"edge_u":"286527635","edge_v":"286527743","avg_max_density":0.0668,"run_count":50,"level":"low"}},{"type":"Feature","geometry":{"type":"LineString","coordinates":[[139.5598491,35.3014959],[139.5591549,35.3022246]]},"properties":{"edge_u":"286527727","edge_v":"286527741","avg_max_density":0.009,"run_count":50,"level":"low"}},{"type":"Feature","geometry":{"type":"LineString","coordinates":[[139.5591549,35.3022246],[139.5593035,35.3023147]]},"properties":{"edge_u":"286527741","edge_v":"3292746338","avg_max_density":0.0546,"run_count":50,"level":"low"}},{"type":"Feature","geometry":{"type":"LineString","coordinates":[[139.5592227,35.3005521],[139.5591973,35.3003712]]},"properties":{"edge_u":"286527767","edge_v":"286527768","avg_max_density":0.1301,"run_count":50,"level":"low"}},{"type":"Feature","geometry":{"type":"LineString","coordinates":[[139.5592227,35.3005521],[139.559864,35.3005866]]},"properties":{"edge_u":"286527767","edge_v":"3294281398","avg_max_density":0.103,"run_count":50,"level":"low"}},{"type":"Feature","geometry":{"type":"LineString","coordinates":[[139.5591973,35.3003712],[139.5585069,35.2991475]]},"properties":{"edge_u":"286527768","edge_v":"286527778","avg_max_density":0.084,"run_count":50,"level":"low"}},{"type":"Feature","geometry":{"type":"LineString","coordinates":[[139.5591973,35.3003712],[139.5574739,35.3007046]]},"properties":{"edge_u":"286527768","edge_v":"3292732200","avg_max_density":0.1238,"run_count":50,"level":"low"}},{"type":"Feature","geometry":{"type":"LineString","coordinates":[[139.5585069,35.2991475],[139.5587555,35.2993816]]},"properties":{"edge_u":"286527778","edge_v":"6643783570","avg_max_density":0.2224,"run_count":50,"level":"low"}},{"type":"Feature","geometry":{"type":"LineString","coordinates":[[139.5582786,35.2989063],[139.5579996,35.2985527]]},"properties":{"edge_u":"286527779","edge_v":"3806626158","avg_max_density":0.0788,"run_count":50,"level":"low"}},{"type":"Feature","geometry":{"type":"LineString","coordinates":[[139.5582786,35.2989063],[139.5583693,35.2987484]]},"properties":{"edge_u":"286527779","edge_v":"6642889793","avg_max_density":0.1387,"run_count":50,"level":"low"}},{"type":"Feature","geometry":{"type":"LineString","coordinates":[[139.557604,35.2978682],[139.5578875,35.2983108]]},"properties":{"edge_u":"286527784","edge_v":"286543533","avg_max_density":0.0837,"run_count":50,"level":"low"}},{"type":"Feature","geometry":{"type":"LineString","coordinates":[[139.557604,35.2978682],[139.5574541,35.2974808]]},"properties":{"edge_u":"286527784","edge_v":"3292731242","avg_max_density":0.3364,"run_count":50,"level":"low"}},{"type":"Feature","geometry":{"type":"LineString","coordinates":[[139.557604,35.2978682],[139.5571682,35.2977412]]},"properties":{"edge_u":"286527784","edge_v":"6602471714","avg_max_density":0.029,"run_count":50,"level":"low"}},{"type":"Feature","geometry":{"type":"LineString","coordinates":[[139.5569574,35.2976468],[139.557078,35.2977048]]},"properties":{"edge_u":"286527787","edge_v":"3806626155","avg_max_density":0.026,"run_count":50,"level":"low"}},{"type":"Feature","geometry":{"type":"LineString","coordinates":[[139.5569574,35.2976468],[139.5568858,35.2977285]]},"properties":{"edge_u":"286527787","edge_v":"6602471709","avg_max_density":0.0868,"run_count":50,"level":"low"}},{"type":"Feature","geometry":{"type":"LineString","coordinates":[[139.5569574,35.2976468],[139.5568572,35.2975959]]},"properties":{"edge_u":"286527787","edge_v":"6602471711","avg_max_density":0.0252,"run_count":50,"level":"low"}},{"type":"Feature","geometry":{"type":"LineString","coordinates":[[139.5562475,35.2972056],[139.5564844,35.2974091]]},"properties":{"edge_u":"286527791","edge_v":"286527862","avg_max_density":0.0176,"run_count":50,"level":"low"}},{"type":"Feature","geometry":{"type":"LineString","coordinates":[[139.5540344,35.2954582],[139.5548035,35.296056]]},"properties":{"edge_u":"286527821","edge_v":"286527833","avg_max_density":0.1565,"run_count":50,"level":"low"}},{"type":"Feature","geometry":{"type":"LineString","coordinates":[[139.5538206,35.2968763],[139.5548035,35.296056]]},"properties":{"edge_u":"286527829","edge_v":"286527833","avg_max_density":0.2652,"run_count":50,"level":"low"}},{"type":"Feature","geometry":{"type":"LineString","coordinates":[[139.5520379,35.2983939],[139.5518563,35.2985575]]},"properties":{"edge_u":"286527831","edge_v":"286527890","avg_max_density":0.2302,"run_count":50,"level":"low"}},{"type":"Feature","geometry":{"type":"LineString","coordinates":[[139.5535958,35.2982652],[139.5544264,35.2981327]]},"properties":{"edge_u":"286527834","edge_v":"3292732067","avg_max_density":0.1822,"run_count":50,"level":"low"}},{"type":"Feature","geometry":{"type":"LineString","coordinates":[[139.5551443,35.2977089],[139.5552452,35.2978635]]},"properties":{"edge_u":"286527843","edge_v":"3292731254","avg_max_density":0.1733,"run_count":50,"level":"low"}},{"type":"Feature","geometry":{"type":"LineString","coordinates":[[139.5551443,35.2977089],[139.5555381,35.2975095]]},"properties":{"edge_u":"286527843","edge_v":"6602471798","avg_max_density":0.1092,"run_count":50,"level":"low"}},{"type":"Feature","geometry":{"type":"LineString","coordinates":[[139.5475217,35.3076718],[139.5482904,35.308332]]},"properties":{"edge_u":"286540314","edge_v":"3381151299","avg_max_density":0.0659,"run_count":50,"level":"low"}},{"type":"Feature","geometry":{"type":"LineString","coordinates":[[139.5578875,35.2983108],[139.5576212,35.2984872]]},"properties":{"edge_u":"286543533","edge_v":"286543554","avg_max_density":0.2152,"run_count":50,"level":"low"}},{"type":"Feature","geometry":{"type":"LineString","coordinates":[[139.5578875,35.2983108],[139.5579996,35.2985527]]},"properties":{"edge_u":"286543533","edge_v":"3806626158","avg_max_density":0.0805,"run_count":50,"level":"low"}},{"type":"Feature","geometry":{"type":"LineString","coordinates":[[139.5576212,35.2984872],[139.5575509,35.298595]]},"properties":{"edge_u":"286543554","edge_v":"3292732096","avg_max_density":0.2147,"run_count":50,"level":"low"}},{"type":"Feature","geometry":{"type":"LineString","coordinates":[[139.5576212,35.2984872],[139.5569591,35.2986682]]},"properties":{"edge_u":"286543554","edge_v":"6170211746","avg_max_density":0.0424,"run_count":50,"level":"low"}},{"type":"Feature","geometry":{"type":"LineString","coordinates":[[139.5532848,35.3023233],[139.5533824,35.3024607]]},"properties":{"edge_u":"286543672","edge_v":"6606806552","avg_max_density":0.1447,"run_count":50,"level":"low"}},{"type":"Feature","geometry":{"type":"LineString","coordinates":[[139.5566757,35.3128615],[139.556595,35.3130662]]},"properties":{"edge_u":"286547372","edge_v":"286547383","avg_max_density":0.02,"run_count":50,"level":"low"}},{"type":"Feature","geometry":{"type":"LineString","coordinates":[[139.5566757,35.3128615],[139.5566354,35.3128304]]},"properties":{"edge_u":"286547372","edge_v":"6629385343","avg_max_density":0.0838,"run_count":49,"level":"low"}},{"type":"Feature","geometry":{"type":"LineString","coordinates":[[139.5546556,35.3141724],[139.5539791,35.3144821]]},"properties":{"edge_u":"286547393","edge_v":"286547397","avg_max_density":0.0541,"run_count":50,"level":"low"}},{"type":"Feature","geometry":{"type":"LineString","coordinates":[[139.5546556,35.3141724],[139.5546804,35.3141994]]},"properties":{"edge_u":"286547393","edge_v":"6629385320","avg_max_density":0.0999,"run_count":48,"level":"low"}},{"type":"Feature","geometry":{"type":"LineString","coordinates":[[139.5539791,35.3144821],[139.5539573,35.3144532]]},"properties":{"edge_u":"286547397","edge_v":"6629390462","avg_max_density":0.22,"run_count":50,"level":"low"}},{"type":"Feature","geometry":{"type":"LineString","coordinates":[[139.5525749,35.314897],[139.5525578,35.3148606]]},"properties":{"edge_u":"286547418","edge_v":"6629390419","avg_max_density":0.3414,"run_count":50,"level":"low"}},{"type":"Feature","geometry":{"type":"LineString","coordinates":[[139.5508709,35.3171126],[139.5507947,35.3171469]]},"properties":{"edge_u":"286547426","edge_v":"6652594227","avg_max_density":0.1214,"run_count":50,"level":"low"}},{"type":"Feature","geometry":{"type":"LineString","coordinates":[[139.5508709,35.3171126],[139.5509776,35.317064]]},"properties":{"edge_u":"286547426","edge_v":"6652594228","avg_max_density":0.1227,"run_count":50,"level":"low"}},{"type":"Feature","geometry":{"type":"LineString","coordinates":[[139.5523467,35.319468],[139.5525566,35.3196328]]},"properties":{"edge_u":"286629235","edge_v":"3899305889","avg_max_density":0.0201,"run_count":50,"level":"low"}},{"type":"Feature","geometry":{"type":"LineString","coordinates":[[139.5485697,35.313158],[139.5485906,35.3131466]]},"properties":{"edge_u":"286629241","edge_v":"4679974893","avg_max_density":0.1776,"run_count":50,"level":"low"}},{"type":"Feature","geometry":{"type":"LineString","coordinates":[[139.5354698,35.310078],[139.5359849,35.310126]]},"properties":{"edge_u":"288775131","edge_v":"288794524","avg_max_density":0.0631,"run_count":50,"level":"low"}},{"type":"Feature","geometry":{"type":"LineString","coordinates":[[139.5354698,35.310078],[139.5352069,35.3100536]]},"properties":{"edge_u":"288775131","edge_v":"298025898","avg_max_density":0.0823,"run_count":50,"level":"low"}},{"type":"Feature","geometry":{"type":"LineString","coordinates":[[139.5354698,35.310078],[139.5354487,35.310237]]},"properties":{"edge_u":"288775131","edge_v":"4210089963","avg_max_density":0.0926,"run_count":50,"level":"low"}},{"type":"Feature","geometry":{"type":"LineString","coordinates":[[139.5105495,35.3053077],[139.5105672,35.3053771]]},"properties":{"edge_u":"288792386","edge_v":"3937261460","avg_max_density":0.0533,"run_count":50,"level":"low"}},{"type":"Feature","geometry":{"type":"LineString","coordinates":[[139.5112595,35.3071684],[139.5112816,35.3072685]]},"properties":{"edge_u":"288792397","edge_v":"288792398","avg_max_density":0.1356,"run_count":50,"level":"low"}},{"type":"Feature","geometry":{"type":"LineString","coordinates":[[139.5112595,35.3071684],[139.5111376,35.3067875]]},"properties":{"edge_u":"288792397","edge_v":"3046589250","avg_max_density":0.0858,"run_count":50,"level":"low"}},{"type":"Feature","geometry":{"type":"LineString","coordinates":[[139.5112816,35.3072685],[139.5107693,35.3073801]]},"properties":{"edge_u":"288792398","edge_v":"6636662620","avg_max_density":0.0907,"run_count":50,"level":"low"}},{"type":"Feature","geometry":{"type":"LineString","coordinates":[[139.5112816,35.3072685],[139.5114084,35.3076757]]},"properties":{"edge_u":"288792398","edge_v":"677435654","avg_max_density":0.061,"run_count":50,"level":"low"}},{"type":"Feature","geometry":{"type":"LineString","coordinates":[[139.5103297,35.306249],[139.5107768,35.3061745]]},"properties":{"edge_u":"288792700","edge_v":"288793266","avg_max_density":0.2182,"run_count":50,"level":"low"}},{"type":"Feature","geometry":{"type":"LineString","coordinates":[[139.5103297,35.306249],[139.5097046,35.3054415]]},"properties":{"edge_u":"288792700","edge_v":"3937309133","avg_max_density":0.2749,"run_count":50,"level":"low"}},{"type":"Feature","geometry":{"type":"LineString","coordinates":[[139.5103297,35.306249],[139.5094474,35.3060032]]},"properties":{"edge_u":"288792700","edge_v":"6612810767","avg_max_density":0.0474,"run_count":50,"level":"low"}},{"type":"Feature","geometry":{"type":"LineString","coordinates":[[139.5080116,35.3059721],[139.5066101,35.3060274]]},"properties":{"edge_u":"288792844","edge_v":"3937309142","avg_max_density":0.0362,"run_count":50,"level":"low"}},{"type":"Feature","geometry":{"type":"LineString","coordinates":[[139.5080116,35.3059721],[139.5085638,35.306291]]},"properties":{"edge_u":"288792844","edge_v":"6717839089","avg_max_density":0.0403,"run_count":50,"level":"low"}},{"type":"Feature","geometry":{"type":"LineString","coordinates":[[139.5107768,35.3061745],[139.5105672,35.3053771]]},"properties":{"edge_u":"288793266","edge_v":"3937261460","avg_max_density":0.0413,"run_count":50,"level":"low"}},{"type":"Feature","geometry":{"type":"LineString","coordinates":[[139.5359849,35.310126],[139.5362926,35.3101311]]},"properties":{"edge_u":"288794524","edge_v":"298025930","avg_max_density":0.0422,"run_count":50,"level":"low"}},{"type":"Feature","geometry":{"type":"LineString","coordinates":[[139.5359849,35.310126],[139.5357891,35.3111395]]},"properties":{"edge_u":"288794524","edge_v":"3046697382","avg_max_density":0.029,"run_count":50,"level":"low"}},{"type":"Feature","geometry":{"type":"LineString","coordinates":[[139.5352069,35.3100536],[139.534939,35.3100296]]},"properties":{"edge_u":"298025898","edge_v":"3046697356","avg_max_density":0.0845,"run_count":50,"level":"low"}},{"type":"Feature","geometry":{"type":"LineString","coordinates":[[139.5352069,35.3100536],[139.5350301,35.310669]]},"properties":{"edge_u":"298025898","edge_v":"3046697377","avg_max_density":0.1585,"run_count":50,"level":"low"}},{"type":"Feature","geometry":{"type":"LineString","coordinates":[[139.5352069,35.3100536],[139.5353081,35.3097473]]},"properties":{"edge_u":"298025898","edge_v":"3381388860","avg_max_density":0.1919,"run_count":50,"level":"low"}},{"type":"Feature","geometry":{"type":"LineString","coordinates":[[139.53608,35.3129325],[139.5361357,35.3129393]]},"properties":{"edge_u":"298025919","edge_v":"6695230600","avg_max_density":0.0993,"run_count":50,"level":"low"}},{"type":"Feature","geometry":{"type":"LineString","coordinates":[[139.5365988,35.3109143],[139.5362825,35.3107478]]},"properties":{"edge_u":"298025922","edge_v":"298025925","avg_max_density":0.5139,"run_count":50,"level":"medium"}},{"type":"Feature","geometry":{"type":"LineString","coordinates":[[139.5365988,35.3109143],[139.5364004,35.311532]]},"properties":{"edge_u":"298025922","edge_v":"4910492096","avg_max_density":0.2879,"run_count":50,"level":"low"}},{"type":"Feature","geometry":{"type":"LineString","coordinates":[[139.5362825,35.3107478],[139.5362926,35.3101311]]},"properties":{"edge_u":"298025925","edge_v":"298025930","avg_max_density":0.3962,"run_count":50,"level":"low"}},{"type":"Feature","geometry":{"type":"LineString","coordinates":[[139.5362825,35.3107478],[139.5358357,35.3111418]]},"properties":{"edge_u":"298025925","edge_v":"9976832481","avg_max_density":0.1965,"run_count":50,"level":"low"}},{"type":"Feature","geometry":{"type":"LineString","coordinates":[[139.5362926,35.3101311],[139.5363827,35.3101323]]},"properties":{"edge_u":"298025930","edge_v":"4503373713","avg_max_density":0.1763,"run_count":50,"level":"low"}},{"type":"Feature","geometry":{"type":"LineString","coordinates":[[139.5338767,35.3098998],[139.5336423,35.3098587]]},"properties":{"edge_u":"301998438","edge_v":"4210089956","avg_max_density":0.0398,"run_count":50,"level":"low"}},{"type":"Feature","geometry":{"type":"LineString","coordinates":[[139.5338767,35.3098998],[139.5337843,35.3101047]]},"properties":{"edge_u":"301998438","edge_v":"6707996882","avg_max_density":0.1671,"run_count":50,"level":"low"}},{"type":"Feature","geometry":{"type":"LineString","coordinates":[[139.5331355,35.3097537],[139.5334232,35.309816]]},"properties":{"edge_u":"301998439","edge_v":"6707996874","avg_max_density":0.0809,"run_count":50,"level":"low"}},{"type":"Feature","geometry":{"type":"LineString","coordinates":[[139.5331355,35.3097537],[139.5324227,35.3093302]]},"properties":{"edge_u":"301998439","edge_v":"723776068","avg_max_density":0.0077,"run_count":50,"level":"low"}},{"type":"Feature","geometry":{"type":"LineString","coordinates":[[139.5003359,35.3132356],[139.5000637,35.3133668]]},"properties":{"edge_u":"3044791174","edge_v":"6727787579","avg_max_density":0.3497,"run_count":50,"level":"low"}},{"type":"Feature","geometry":{"type":"LineString","coordinates":[[139.5003359,35.3132356],[139.5004435,35.313339]]},"properties":{"edge_u":"3044791174","edge_v":"6741618999","avg_max_density":0.0987,"run_count":50,"level":"low"}},{"type":"Feature","geometry":{"type":"LineString","coordinates":[[139.4999152,35.3134705],[139.4995783,35.3139435]]},"properties":{"edge_u":"3044791177","edge_v":"5698036341","avg_max_density":0.1698,"run_count":50,"level":"low"}},{"type":"Feature","geometry":{"type":"LineString","coordinates":[[139.4999152,35.3134705],[139.5000637,35.3133668]]},"properties":{"edge_u":"3044791177","edge_v":"6727787579","avg_max_density":0.2301,"run_count":50,"level":"low"}},{"type":"Feature","geometry":{"type":"LineString","coordinates":[[139.5007454,35.3138514],[139.5008963,35.3140735]]},"properties":{"edge_u":"3044791188","edge_v":"6726649185","avg_max_density":0.3097,"run_count":50,"level":"low"}},{"type":"Feature","geometry":{"type":"LineString","coordinates":[[139.4985903,35.3139672],[139.499531,35.3138957]]},"properties":{"edge_u":"3044791193","edge_v":"6726521989","avg_max_density":0.0169,"run_count":50,"level":"low"}},{"type":"Feature","geometry":{"type":"LineString","coordinates":[[139.5009688,35.3142236],[139.5008963,35.3140735]]},"properties":{"edge_u":"3044791201","edge_v":"6726649185","avg_max_density":0.3053,"run_count":50,"level":"low"}},{"type":"Feature","geometry":{"type":"LineString","coordinates":[[139.5009688,35.3142236],[139.500859,35.3143745]]},"properties":{"edge_u":"3044791201","edge_v":"6726649186","avg_max_density":0.1191,"run_count":50,"level":"low"}},{"type":"Feature","geometry":{"type":"LineString","coordinates":[[139.5009688,35.3142236],[139.5012269,35.3141914]]},"properties":{"edge_u":"3044791201","edge_v":"678338671","avg_max_density":0.2441,"run_count":50,"level":"low"}},{"type":"Feature","geometry":{"type":"LineString","coordinates":[[139.5010302,35.3146958],[139.5018464,35.3151545]]},"properties":{"edge_u":"3044791209","edge_v":"3044791223","avg_max_density":0.0094,"run_count":50,"level":"low"}},{"type":"Feature","geometry":{"type":"LineString","coordinates":[[139.5010302,35.3146958],[139.500846,35.315053]]},"properties":{"edge_u":"3044791209","edge_v":"5277818346","avg_max_density":0.0196,"run_count":50,"level":"low"}},{"type":"Feature","geometry":{"type":"LineString","coordinates":[[139.5010302,35.3146958],[139.500859,35.3143745]]},"properties":{"edge_u":"3044791209","edge_v":"6726649186","avg_max_density":0.0889,"run_count":50,"level":"low"}},{"type":"Feature","geometry":{"type":"LineString","coordinates":[[139.5031061,35.3152615],[139.5018765,35.3138309]]},"properties":{"edge_u":"3044791226","edge_v":"678338648","avg_max_density":0.0129,"run_count":50,"level":"low"}},{"type":"Feature","geometry":{"type":"LineString","coordinates":[[139.5026061,35.3157106],[139.5012269,35.3141914]]},"properties":{"edge_u":"3044791739","edge_v":"678338671","avg_max_density":0.0095,"run_count":50,"level":"low"}},{"type":"Feature","geometry":{"type":"LineString","coordinates":[[139.4961802,35.3094315],[139.4973031,35.3095896]]},"properties":{"edge_u":"3045347824","edge_v":"3045347834","avg_max_density":0.1306,"run_count":50,"level":"low"}},{"type":"Feature","geometry":{"type":"LineString","coordinates":[[139.4961802,35.3094315],[139.4969266,35.3090673]]},"properties":{"edge_u":"3045347824","edge_v":"6738037811","avg_max_density":0.0222,"run_count":50,"level":"low"}},{"type":"Feature","geometry":{"type":"LineString","coordinates":[[139.4980789,35.3106955],[139.4989478,35.3111953]]},"properties":{"edge_u":"3045347895","edge_v":"3045347929","avg_max_density":0.0168,"run_count":50,"level":"low"}},{"type":"Feature","geometry":{"type":"LineString","coordinates":[[139.4980789,35.3106955],[139.4974889,35.3105309]]},"properties":{"edge_u":"3045347895","edge_v":"6741508583","avg_max_density":0.0135,"run_count":49,"level":"low"}},{"type":"Feature","geometry":{"type":"LineString","coordinates":[[139.496949,35.3111188],[139.4965722,35.3111436]]},"properties":{"edge_u":"3045347922","edge_v":"3045347923","avg_max_density":0.1661,"run_count":50,"level":"low"}},{"type":"Feature","geometry":{"type":"LineString","coordinates":[[139.496949,35.3111188],[139.4973449,35.3118347]]},"properties":{"edge_u":"3045347922","edge_v":"3045347955","avg_max_density":0.0812,"run_count":50,"level":"low"}},{"type":"Feature","geometry":{"type":"LineString","coordinates":[[139.4965722,35.3111436],[139.4966228,35.3113661]]},"properties":{"edge_u":"3045347923","edge_v":"6741508635","avg_max_density":0.1241,"run_count":50,"level":"low"}},{"type":"Feature","geometry":{"type":"LineString","coordinates":[[139.4973449,35.3118347],[139.4976748,35.3117569]]},"properties":{"edge_u":"3045347955","edge_v":"6741508620","avg_max_density":0.0445,"run_count":50,"level":"low"}},{"type":"Feature","geometry":{"type":"LineString","coordinates":[[139.49653,35.3117255],[139.4967444,35.3122001]]},"properties":{"edge_u":"3045347956","edge_v":"3045347978","avg_max_density":0.0444,"run_count":50,"level":"low"}},{"type":"Feature","geometry":{"type":"LineString","coordinates":[[139.4999449,35.3117846],[139.5000305,35.3118949]]},"properties":{"edge_u":"3045347957","edge_v":"6738057325","avg_max_density":0.3031,"run_count":50,"level":"low"}},{"type":"Feature","geometry":{"type":"LineString","coordinates":[[139.4967444,35.3122001],[139.4972003,35.3122926]]},"properties":{"edge_u":"3045347978","edge_v":"3045347981","avg_max_density":0.0212,"run_count":50,"level":"low"}},{"type":"Feature","geometry":{"type":"LineString","coordinates":[[139.4972003,35.3122926],[139.4966456,35.3127653]]},"properties":{"edge_u":"3045347981","edge_v":"6741048295","avg_max_density":0.0201,"run_count":50,"level":"low"}},{"type":"Feature","geometry":{"type":"LineString","coordinates":[[139.5022234,35.3136758],[139.5018765,35.3138309]]},"properties":{"edge_u":"3045348012","edge_v":"678338648","avg_max_density":0.0403,"run_count":50,"level":"low"}},{"type":"Feature","geometry":{"type":"LineString","coordinates":[[139.4986897,35.3125707],[139.4983973,35.3128246]]},"properties":{"edge_u":"3045997238","edge_v":"3045997239","avg_max_density":0.0288,"run_count":50,"level":"low"}},{"type":"Feature","geometry":{"type":"LineString","coordinates":[[139.4983973,35.3128246],[139.4977129,35.3134369]]},"properties":{"edge_u":"3045997239","edge_v":"3045997251","avg_max_density":0.0363,"run_count":50,"level":"low"}},{"type":"Feature","geometry":{"type":"LineString","coordinates":[[139.522786,35.3036176],[139.5232156,35.3032077]]},"properties":{"edge_u":"3046589088","edge_v":"3937309099","avg_max_density":0.3205,"run_count":50,"level":"low"}},{"type":"Feature","geometry":{"type":"LineString","coordinates":[[139.522786,35.3036176],[139.5232888,35.3040088]]},"properties":{"edge_u":"3046589088","edge_v":"6651974993","avg_max_density":0.1655,"run_count":50,"level":"low"}},{"type":"Feature","geometry":{"type":"LineString","coordinates":[[139.522786,35.3036176],[139.5227479,35.303577]]},"properties":{"edge_u":"3046589088","edge_v":"723776544","avg_max_density":0.2902,"run_count":50,"level":"low"}},{"type":"Feature","geometry":{"type":"LineString","coordinates":[[139.5215097,35.3041042],[139.5218412,35.304112]]},"properties":{"edge_u":"3046589089","edge_v":"3046589090","avg_max_density":0.0676,"run_count":50,"level":"low"}},{"type":"Feature","geometry":{"type":"LineString","coordinates":[[139.5218412,35.304112],[139.5218983,35.3037382]]},"properties":{"edge_u":"3046589090","edge_v":"723776913","avg_max_density":0.1672,"run_count":50,"level":"low"}},{"type":"Feature","geometry":{"type":"LineString","coordinates":[[139.5218412,35.304112],[139.5218158,35.3043935]]},"properties":{"edge_u":"3046589090","edge_v":"759648672","avg_max_density":0.183,"run_count":50,"level":"low"}},{"type":"Feature","geometry":{"type":"LineString","coordinates":[[139.5248185,35.3045569],[139.5252138,35.3047776]]},"properties":{"edge_u":"3046589094","edge_v":"3046589100","avg_max_density":0.1141,"run_count":50,"level":"low"}},{"type":"Feature","geometry":{"type":"LineString","coordinates":[[139.5248185,35.3045569],[139.5250017,35.3044462]]},"properties":{"edge_u":"3046589094","edge_v":"7241512956","avg_max_density":0.0922,"run_count":50,"level":"low"}},{"type":"Feature","geometry":{"type":"LineString","coordinates":[[139.5248185,35.3045569],[139.5244184,35.3040809]]},"properties":{"edge_u":"3046589094","edge_v":"7241512960","avg_max_density":0.0848,"run_count":50,"level":"low"}},{"type":"Feature","geometry":{"type":"LineString","coordinates":[[139.5257602,35.3047251],[139.5259918,35.3050472]]},"properties":{"edge_u":"3046589096","edge_v":"6612700362","avg_max_density":0.2076,"run_count":50,"level":"low"}},{"type":"Feature","geometry":{"type":"LineString","coordinates":[[139.5257602,35.3047251],[139.5250789,35.303741]]},"properties":{"edge_u":"3046589096","edge_v":"6612700371","avg_max_density":0.1128,"run_count":50,"level":"low"}},{"type":"Feature","geometry":{"type":"LineString","coordinates":[[139.5257602,35.3047251],[139.5253206,35.3047208]]},"properties":{"edge_u":"3046589096","edge_v":"6635019044","avg_max_density":0.1185,"run_count":50,"level":"low"}},{"type":"Feature","geometry":{"type":"LineString","coordinates":[[139.5250071,35.3048348],[139.5252014,35.3049938]]},"properties":{"edge_u":"3046589098","edge_v":"3046589103","avg_max_density":0.0611,"run_count":50,"level":"low"}},{"type":"Feature","geometry":{"type":"LineString","coordinates":[[139.5252138,35.3047776],[139.5252014,35.3049938]]},"properties":{"edge_u":"3046589100","edge_v":"3046589103","avg_max_density":0.1321,"run_count":50,"level":"low"}},{"type":"Feature","geometry":{"type":"LineString","coordinates":[[139.5252138,35.3047776],[139.5253206,35.3047208]]},"properties":{"edge_u":"3046589100","edge_v":"6635019044","avg_max_density":0.0882,"run_count":50,"level":"low"}},{"type":"Feature","geometry":{"type":"LineString","coordinates":[[139.5252014,35.3049938],[139.5251609,35.3050288]]},"properties":{"edge_u":"3046589103","edge_v":"6635019043","avg_max_density":0.122,"run_count":50,"level":"low"}},{"type":"Feature","geometry":{"type":"LineString","coordinates":[[139.5246773,35.3053391],[139.5242767,35.3059825]]},"properties":{"edge_u":"3046589113","edge_v":"3046589130","avg_max_density":0.0845,"run_count":50,"level":"low"}},{"type":"Feature","geometry":{"type":"LineString","coordinates":[[139.5246773,35.3053391],[139.5249322,35.3054825]]},"properties":{"edge_u":"3046589113","edge_v":"723776449","avg_max_density":0.1038,"run_count":50,"level":"low"}},{"type":"Feature","geometry":{"type":"LineString","coordinates":[[139.5246773,35.3053391],[139.523821,35.3044795]]},"properties":{"edge_u":"3046589113","edge_v":"723776510","avg_max_density":0.0694,"run_count":50,"level":"low"}},{"type":"Feature","geometry":{"type":"LineString","coordinates":[[139.5110235,35.3064374],[139.51288,35.3064679]]},"properties":{"edge_u":"3046589243","edge_v":"3046589245","avg_max_density":0.024,"run_count":50,"level":"low"}},{"type":"Feature","geometry":{"type":"LineString","coordinates":[[139.5110235,35.3064374],[139.5109249,35.3064662]]},"properties":{"edge_u":"3046589243","edge_v":"3046589247","avg_max_density":0.3495,"run_count":50,"level":"low"}},{"type":"Feature","geometry":{"type":"LineString","coordinates":[[139.5110235,35.3064374],[139.5118045,35.3066793]]},"properties":{"edge_u":"3046589243","edge_v":"6634972019","avg_max_density":0.1143,"run_count":50,"level":"low"}},{"type":"Feature","geometry":{"type":"LineString","coordinates":[[139.5109249,35.3064662],[139.5111376,35.3067875]]},"properties":{"edge_u":"3046589247","edge_v":"3046589250","avg_max_density":0.1068,"run_count":50,"level":"low"}},{"type":"Feature","geometry":{"type":"LineString","coordinates":[[139.5111376,35.3067875],[139.5108963,35.3070262]]},"properties":{"edge_u":"3046589250","edge_v":"3046589256","avg_max_density":0.0514,"run_count":50,"level":"low"}},{"type":"Feature","geometry":{"type":"LineString","coordinates":[[139.5341791,35.3119728],[139.5347121,35.3115404]]},"properties":{"edge_u":"3046589299","edge_v":"5735676609","avg_max_density":0.1266,"run_count":50,"level":"low"}},{"type":"Feature","geometry":{"type":"LineString","coordinates":[[139.5344548,35.3099739],[139.5343576,35.3104051]]},"properties":{"edge_u":"3046697355","edge_v":"3046697368","avg_max_density":0.1457,"run_count":50,"level":"low"}},{"type":"Feature","geometry":{"type":"LineString","coordinates":[[139.5344548,35.3099739],[139.5341777,35.3099422]]},"properties":{"edge_u":"3046697355","edge_v":"4210089961","avg_max_density":0.0288,"run_count":50,"level":"low"}},{"type":"Feature","geometry":{"type":"LineString","coordinates":[[139.534939,35.3100296],[139.5347505,35.3105031]]},"properties":{"edge_u":"3046697356","edge_v":"3046697374","avg_max_density":0.0681,"run_count":50,"level":"low"}},{"type":"Feature","geometry":{"type":"LineString","coordinates":[[139.5328109,35.310162],[139.533541,35.3103816]]},"properties":{"edge_u":"3046697357","edge_v":"3046697371","avg_max_density":0.0877,"run_count":50,"level":"low"}},{"type":"Feature","geometry":{"type":"LineString","coordinates":[[139.5343576,35.3104051],[139.53391,35.3104301]]},"properties":{"edge_u":"3046697368","edge_v":"3046697370","avg_max_density":0.0589,"run_count":50,"level":"low"}},{"type":"Feature","geometry":{"type":"LineString","coordinates":[[139.5343576,35.3104051],[139.5347505,35.3105031]]},"properties":{"edge_u":"3046697368","edge_v":"3046697374","avg_max_density":0.062,"run_count":50,"level":"low"}},{"type":"Feature","geometry":{"type":"LineString","coordinates":[[139.53391,35.3104301],[139.5341777,35.3099422]]},"properties":{"edge_u":"3046697370","edge_v":"4210089961","avg_max_density":0.1588,"run_count":50,"level":"low"}},{"type":"Feature","geometry":{"type":"LineString","coordinates":[[139.533541,35.3103816],[139.5328672,35.3110452]]},"properties":{"edge_u":"3046697371","edge_v":"3937261799","avg_max_density":0.1,"run_count":50,"level":"low"}},{"type":"Feature","geometry":{"type":"LineString","coordinates":[[139.5347505,35.3105031],[139.5350301,35.310669]]},"properties":{"edge_u":"3046697374","edge_v":"3046697377","avg_max_density":0.1772,"run_count":50,"level":"low"}},{"type":"Feature","geometry":{"type":"LineString","coordinates":[[139.5357891,35.3111395],[139.5357574,35.311131]]},"properties":{"edge_u":"3046697382","edge_v":"6622547962","avg_max_density":0.3237,"run_count":50,"level":"low"}},{"type":"Feature","geometry":{"type":"LineString","coordinates":[[139.5357891,35.3111395],[139.5358357,35.3111418]]},"properties":{"edge_u":"3046697382","edge_v":"9976832481","avg_max_density":0.3934,"run_count":50,"level":"low"}},{"type":"Feature","geometry":{"type":"LineString","coordinates":[[139.5357891,35.3111395],[139.5357212,35.3113512]]},"properties":{"edge_u":"3046697382","edge_v":"9976832485","avg_max_density":0.0356,"run_count":50,"level":"low"}},{"type":"Feature","geometry":{"type":"LineString","coordinates":[[139.4991642,35.3143252],[139.499531,35.3138957]]},"properties":{"edge_u":"3046697392","edge_v":"6726521989","avg_max_density":0.0177,"run_count":50,"level":"low"}},{"type":"Feature","geometry":{"type":"LineString","coordinates":[[139.5522723,35.2999552],[139.5531144,35.3013252]]},"properties":{"edge_u":"316058166","edge_v":"316058198","avg_max_density":0.1032,"run_count":50,"level":"low"}},{"type":"Feature","geometry":{"type":"LineString","coordinates":[[139.5522723,35.2999552],[139.5525755,35.2996604]]},"properties":{"edge_u":"316058166","edge_v":"3294779443","avg_max_density":0.1137,"run_count":50,"level":"low"}},{"type":"Feature","geometry":{"type":"LineString","coordinates":[[139.5531144,35.3013252],[139.553058,35.3016168]]},"properties":{"edge_u":"316058198","edge_v":"6171775874","avg_max_density":0.3818,"run_count":50,"level":"low"}},{"type":"Feature","geometry":{"type":"LineString","coordinates":[[139.5527081,35.299523],[139.5525755,35.2996604]]},"properties":{"edge_u":"316058199","edge_v":"3294779443","avg_max_density":0.0638,"run_count":50,"level":"low"}},{"type":"Feature","geometry":{"type":"LineString","coordinates":[[139.5573743,35.2961452],[139.5572778,35.2962289]]},"properties":{"edge_u":"3292731183","edge_v":"3806626057","avg_max_density":0.0207,"run_count":35,"level":"low"}},{"type":"Feature","geometry":{"type":"LineString","coordinates":[[139.5571071,35.2963936],[139.5569832,35.2965157]]},"properties":{"edge_u":"3292731191","edge_v":"3292731204","avg_max_density":0.082,"run_count":50,"level":"low"}},{"type":"Feature","geometry":{"type":"LineString","coordinates":[[139.5571071,35.2963936],[139.5572778,35.2962289]]},"properties":{"edge_u":"3292731191","edge_v":"3806626057","avg_max_density":0.0217,"run_count":50,"level":"low"}},{"type":"Feature","geometry":{"type":"LineString","coordinates":[[139.5569832,35.2965157],[139.5575862,35.2966283]]},"properties":{"edge_u":"3292731204","edge_v":"3292731214","avg_max_density":0.0929,"run_count":50,"level":"low"}},{"type":"Feature","geometry":{"type":"LineString","coordinates":[[139.5569832,35.2965157],[139.5568391,35.2966549]]},"properties":{"edge_u":"3292731204","edge_v":"3292731219","avg_max_density":0.1355,"run_count":50,"level":"low"}},{"type":"Feature","geometry":{"type":"LineString","coordinates":[[139.5575942,35.2965606],[139.5575862,35.2966283]]},"properties":{"edge_u":"3292731207","edge_v":"3292731214","avg_max_density":0.1152,"run_count":49,"level":"low"}},{"type":"Feature","geometry":{"type":"LineString","coordinates":[[139.5575942,35.2965606],[139.5576593,35.2963477]]},"properties":{"edge_u":"3292731207","edge_v":"3806626063","avg_max_density":0.036,"run_count":50,"level":"low"}},{"type":"Feature","geometry":{"type":"LineString","coordinates":[[139.5575862,35.2966283],[139.5576958,35.2966406]]},"properties":{"edge_u":"3292731214","edge_v":"3292731217","avg_max_density":0.1313,"run_count":50,"level":"low"}},{"type":"Feature","geometry":{"type":"LineString","coordinates":[[139.5575862,35.2966283],[139.5575847,35.2968387]]},"properties":{"edge_u":"3292731214","edge_v":"6642890234","avg_max_density":0.0718,"run_count":50,"level":"low"}},{"type":"Feature","geometry":{"type":"LineString","coordinates":[[139.5576958,35.2966406],[139.5578408,35.2966694]]},"properties":{"edge_u":"3292731217","edge_v":"3292731220","avg_max_density":0.0901,"run_count":50,"level":"low"}},{"type":"Feature","geometry":{"type":"LineString","coordinates":[[139.5576958,35.2966406],[139.5577178,35.2967776]]},"properties":{"edge_u":"3292731217","edge_v":"3806626075","avg_max_density":0.171,"run_count":50,"level":"low"}},{"type":"Feature","geometry":{"type":"LineString","coordinates":[[139.5578408,35.2966694],[139.5580747,35.2967069]]},"properties":{"edge_u":"3292731220","edge_v":"3292731221","avg_max_density":0.0266,"run_count":48,"level":"low"}},{"type":"Feature","geometry":{"type":"LineString","coordinates":[[139.5570146,35.2971775],[139.5569995,35.2973153]]},"properties":{"edge_u":"3292731234","edge_v":"3292731237","avg_max_density":0.3068,"run_count":50,"level":"low"}},{"type":"Feature","geometry":{"type":"LineString","coordinates":[[139.5569995,35.2973153],[139.5566652,35.2974983]]},"properties":{"edge_u":"3292731237","edge_v":"3292731243","avg_max_density":0.2523,"run_count":50,"level":"low"}},{"type":"Feature","geometry":{"type":"LineString","coordinates":[[139.5569995,35.2973153],[139.5571763,35.2973776]]},"properties":{"edge_u":"3292731237","edge_v":"3806626145","avg_max_density":0.111,"run_count":50,"level":"low"}},{"type":"Feature","geometry":{"type":"LineString","coordinates":[[139.5574541,35.2974808],[139.5573897,35.2972998]]},"properties":{"edge_u":"3292731242","edge_v":"3806626140","avg_max_density":0.2806,"run_count":50,"level":"low"}},{"type":"Feature","geometry":{"type":"LineString","coordinates":[[139.5574541,35.2974808],[139.5573746,35.2974575]]},"properties":{"edge_u":"3292731242","edge_v":"3806626147","avg_max_density":0.1896,"run_count":50,"level":"low"}},{"type":"Feature","geometry":{"type":"LineString","coordinates":[[139.5566652,35.2974983],[139.5567333,35.2975329]]},"properties":{"edge_u":"3292731243","edge_v":"3292731244","avg_max_density":0.1003,"run_count":50,"level":"low"}},{"type":"Feature","geometry":{"type":"LineString","coordinates":[[139.5567333,35.2975329],[139.556613,35.2978164]]},"properties":{"edge_u":"3292731244","edge_v":"3292731250","avg_max_density":0.1545,"run_count":50,"level":"low"}},{"type":"Feature","geometry":{"type":"LineString","coordinates":[[139.5567333,35.2975329],[139.5568572,35.2975959]]},"properties":{"edge_u":"3292731244","edge_v":"6602471711","avg_max_density":0.0315,"run_count":50,"level":"low"}},{"type":"Feature","geometry":{"type":"LineString","coordinates":[[139.5555167,35.2977626],[139.5552452,35.2978635]]},"properties":{"edge_u":"3292731247","edge_v":"3292731254","avg_max_density":0.2222,"run_count":50,"level":"low"}},{"type":"Feature","geometry":{"type":"LineString","coordinates":[[139.5555167,35.2977626],[139.5554289,35.2975835]]},"properties":{"edge_u":"3292731247","edge_v":"6602471751","avg_max_density":0.0829,"run_count":50,"level":"low"}},{"type":"Feature","geometry":{"type":"LineString","coordinates":[[139.5555167,35.2977626],[139.55619,35.2978571]]},"properties":{"edge_u":"3292731247","edge_v":"6602471809","avg_max_density":0.3009,"run_count":50,"level":"low"}},{"type":"Feature","geometry":{"type":"LineString","coordinates":[[139.556613,35.2978164],[139.5568518,35.2979371]]},"properties":{"edge_u":"3292731250","edge_v":"3292731258","avg_max_density":0.1653,"run_count":50,"level":"low"}},{"type":"Feature","geometry":{"type":"LineString","coordinates":[[139.556613,35.2978164],[139.5564211,35.2974472]]},"properties":{"edge_u":"3292731250","edge_v":"6602471718","avg_max_density":0.0502,"run_count":50,"level":"low"}},{"type":"Feature","geometry":{"type":"LineString","coordinates":[[139.5552452,35.2978635],[139.5550607,35.2980459]]},"properties":{"edge_u":"3292731254","edge_v":"3292732063","avg_max_density":0.0551,"run_count":50,"level":"low"}},{"type":"Feature","geometry":{"type":"LineString","coordinates":[[139.5552452,35.2978635],[139.5553659,35.2981023]]},"properties":{"edge_u":"3292731254","edge_v":"6602471764","avg_max_density":0.0731,"run_count":50,"level":"low"}},{"type":"Feature","geometry":{"type":"LineString","coordinates":[[139.5568518,35.2979371],[139.5568836,35.2980523]]},"properties":{"edge_u":"3292731258","edge_v":"3292732065","avg_max_density":0.6016,"run_count":50,"level":"medium"}},{"type":"Feature","geometry":{"type":"LineString","coordinates":[[139.5568518,35.2979371],[139.5570344,35.2979149]]},"properties":{"edge_u":"3292731258","edge_v":"6602471707","avg_max_density":0.1876,"run_count":50,"level":"low"}},{"type":"Feature","geometry":{"type":"LineString","coordinates":[[139.5550607,35.2980459],[139.5548156,35.2981936]]},"properties":{"edge_u":"3292732063","edge_v":"3292732075","avg_max_density":0.0594,"run_count":50,"level":"low"}},{"type":"Feature","geometry":{"type":"LineString","coordinates":[[139.5550607,35.2980459],[139.5551426,35.2981735]]},"properties":{"edge_u":"3292732063","edge_v":"6602471785","avg_max_density":0.0743,"run_count":50,"level":"low"}},{"type":"Feature","geometry":{"type":"LineString","coordinates":[[139.5568836,35.2980523],[139.5569591,35.2986682]]},"properties":{"edge_u":"3292732065","edge_v":"6170211746","avg_max_density":0.1049,"run_count":50,"level":"low"}},{"type":"Feature","geometry":{"type":"LineString","coordinates":[[139.5568836,35.2980523],[139.55619,35.2978571]]},"properties":{"edge_u":"3292732065","edge_v":"6602471809","avg_max_density":0.1471,"run_count":50,"level":"low"}},{"type":"Feature","geometry":{"type":"LineString","coordinates":[[139.5544264,35.2981327],[139.5547069,35.2982454]]},"properties":{"edge_u":"3292732067","edge_v":"3292732076","avg_max_density":0.2747,"run_count":50,"level":"low"}},{"type":"Feature","geometry":{"type":"LineString","coordinates":[[139.5587767,35.2981678],[139.5583469,35.2985657]]},"properties":{"edge_u":"3292732069","edge_v":"3292732095","avg_max_density":0.0444,"run_count":50,"level":"low"}},{"type":"Feature","geometry":{"type":"LineString","coordinates":[[139.5548156,35.2981936],[139.5547069,35.2982454]]},"properties":{"edge_u":"3292732075","edge_v":"3292732076","avg_max_density":0.1506,"run_count":50,"level":"low"}},{"type":"Feature","geometry":{"type":"LineString","coordinates":[[139.5548156,35.2981936],[139.5548999,35.2982857]]},"properties":{"edge_u":"3292732075","edge_v":"6602471784","avg_max_density":0.1501,"run_count":50,"level":"low"}},{"type":"Feature","geometry":{"type":"LineString","coordinates":[[139.5547069,35.2982454],[139.5545609,35.2983077]]},"properties":{"edge_u":"3292732076","edge_v":"6602471778","avg_max_density":0.1284,"run_count":50,"level":"low"}},{"type":"Feature","geometry":{"type":"LineString","coordinates":[[139.5583469,35.2985657],[139.5583693,35.2987484]]},"properties":{"edge_u":"3292732095","edge_v":"6642889793","avg_max_density":0.1168,"run_count":50,"level":"low"}},{"type":"Feature","geometry":{"type":"LineString","coordinates":[[139.5583469,35.2985657],[139.5585604,35.2984531]]},"properties":{"edge_u":"3292732095","edge_v":"6642889796","avg_max_density":0.1242,"run_count":50,"level":"low"}},{"type":"Feature","geometry":{"type":"LineString","coordinates":[[139.5575509,35.298595],[139.5571724,35.3000053]]},"properties":{"edge_u":"3292732096","edge_v":"3292732138","avg_max_density":0.0303,"run_count":50,"level":"low"}},{"type":"Feature","geometry":{"type":"LineString","coordinates":[[139.5575509,35.298595],[139.5564571,35.3000422]]},"properties":{"edge_u":"3292732096","edge_v":"3292732139","avg_max_density":0.1101,"run_count":50,"level":"low"}},{"type":"Feature","geometry":{"type":"LineString","coordinates":[[139.5575509,35.298595],[139.5574259,35.2991659]]},"properties":{"edge_u":"3292732096","edge_v":"4585432454","avg_max_density":0.0201,"run_count":50,"level":"low"}},{"type":"Feature","geometry":{"type":"LineString","coordinates":[[139.5526679,35.3080914],[139.5521498,35.3082514]]},"properties":{"edge_u":"3292732334","edge_v":"3292732336","avg_max_density":0.0853,"run_count":50,"level":"low"}},{"type":"Feature","geometry":{"type":"LineString","coordinates":[[139.5526679,35.3080914],[139.5527146,35.3082809]]},"properties":{"edge_u":"3292732334","edge_v":"3292732337","avg_max_density":0.0909,"run_count":50,"level":"low"}},{"type":"Feature","geometry":{"type":"LineString","coordinates":[[139.5526679,35.3080914],[139.5525482,35.3077676]]},"properties":{"edge_u":"3292732334","edge_v":"6615294996","avg_max_density":0.0924,"run_count":50,"level":"low"}},{"type":"Feature","geometry":{"type":"LineString","coordinates":[[139.5527146,35.3082809],[139.5523263,35.3083938]]},"properties":{"edge_u":"3292732337","edge_v":"3292732339","avg_max_density":0.1075,"run_count":50,"level":"low"}},{"type":"Feature","geometry":{"type":"LineString","coordinates":[[139.5546002,35.3098925],[139.5544777,35.3099475]]},"properties":{"edge_u":"3292732343","edge_v":"3292732345","avg_max_density":0.0808,"run_count":50,"level":"low"}},{"type":"Feature","geometry":{"type":"LineString","coordinates":[[139.5546002,35.3098925],[139.5547364,35.3100637]]},"properties":{"edge_u":"3292732343","edge_v":"6630214433","avg_max_density":0.0694,"run_count":50,"level":"low"}},{"type":"Feature","geometry":{"type":"LineString","coordinates":[[139.5544777,35.3099475],[139.5542925,35.3100386]]},"properties":{"edge_u":"3292732345","edge_v":"3292732346","avg_max_density":0.054,"run_count":50,"level":"low"}},{"type":"Feature","geometry":{"type":"LineString","coordinates":[[139.5544777,35.3099475],[139.5547637,35.3103046]]},"properties":{"edge_u":"3292732345","edge_v":"6630214442","avg_max_density":0.0565,"run_count":50,"level":"low"}},{"type":"Feature","geometry":{"type":"LineString","coordinates":[[139.5568349,35.3109737],[139.5570592,35.3114502]]},"properties":{"edge_u":"3292732368","edge_v":"3292732382","avg_max_density":0.1305,"run_count":50,"level":"low"}},{"type":"Feature","geometry":{"type":"LineString","coordinates":[[139.5570592,35.3114502],[139.5566595,35.3115775]]},"properties":{"edge_u":"3292732382","edge_v":"6609242894","avg_max_density":0.0736,"run_count":50,"level":"low"}},{"type":"Feature","geometry":{"type":"LineString","coordinates":[[139.5511494,35.3130222],[139.5507183,35.3133396]]},"properties":{"edge_u":"3292732395","edge_v":"3292732397","avg_max_density":0.0585,"run_count":50,"level":"low"}},{"type":"Feature","geometry":{"type":"LineString","coordinates":[[139.5597645,35.2989129],[139.5594072,35.2990929]]},"properties":{"edge_u":"3292746297","edge_v":"3292746312","avg_max_density":0.0396,"run_count":50,"level":"low"}},{"type":"Feature","geometry":{"type":"LineString","coordinates":[[139.5590571,35.2988799],[139.5587067,35.298998]]},"properties":{"edge_u":"3292746302","edge_v":"3292746306","avg_max_density":0.0672,"run_count":50,"level":"low"}},{"type":"Feature","geometry":{"type":"LineString","coordinates":[[139.5590571,35.2988799],[139.5594072,35.2990929]]},"properties":{"edge_u":"3292746302","edge_v":"3292746312","avg_max_density":0.0577,"run_count":50,"level":"low"}},{"type":"Feature","geometry":{"type":"LineString","coordinates":[[139.5590571,35.2988799],[139.5588849,35.2986463]]},"properties":{"edge_u":"3292746302","edge_v":"6643783569","avg_max_density":0.0381,"run_count":50,"level":"low"}},{"type":"Feature","geometry":{"type":"LineString","coordinates":[[139.5587067,35.298998],[139.5588011,35.2992417]]},"properties":{"edge_u":"3292746306","edge_v":"6643783573","avg_max_density":0.0385,"run_count":50,"level":"low"}},{"type":"Feature","geometry":{"type":"LineString","coordinates":[[139.5594072,35.2990929],[139.5595726,35.2992585]]},"properties":{"edge_u":"3292746312","edge_v":"3292746316","avg_max_density":0.0402,"run_count":50,"level":"low"}},{"type":"Feature","geometry":{"type":"LineString","coordinates":[[139.5595726,35.2992585],[139.5602905,35.2994395]]},"properties":{"edge_u":"3292746316","edge_v":"3292746325","avg_max_density":0.0124,"run_count":50,"level":"low"}},{"type":"Feature","geometry":{"type":"LineString","coordinates":[[139.5593035,35.3023147],[139.559225,35.3024887]]},"properties":{"edge_u":"3292746338","edge_v":"3292746339","avg_max_density":0.0265,"run_count":47,"level":"low"}},{"type":"Feature","geometry":{"type":"LineString","coordinates":[[139.559864,35.3005866],[139.5603779,35.3011806]]},"properties":{"edge_u":"3294281398","edge_v":"3294281411","avg_max_density":0.0398,"run_count":50,"level":"low"}},{"type":"Feature","geometry":{"type":"LineString","coordinates":[[139.559864,35.3005866],[139.5601554,35.3005006]]},"properties":{"edge_u":"3294281398","edge_v":"6645196454","avg_max_density":0.1259,"run_count":50,"level":"low"}},{"type":"Feature","geometry":{"type":"LineString","coordinates":[[139.5525755,35.2996604],[139.5526222,35.2997013]]},"properties":{"edge_u":"3294779443","edge_v":"6170211710","avg_max_density":0.148,"run_count":50,"level":"low"}},{"type":"Feature","geometry":{"type":"LineString","coordinates":[[139.5530884,35.3001045],[139.5526222,35.2997013]]},"properties":{"edge_u":"3294780171","edge_v":"6170211710","avg_max_density":0.0726,"run_count":50,"level":"low"}},{"type":"Feature","geometry":{"type":"LineString","coordinates":[[139.5473521,35.3084042],[139.5470785,35.3086435]]},"properties":{"edge_u":"3381151300","edge_v":"3381151304","avg_max_density":8.2783,"run_count":50,"level":"high"}},{"type":"Feature","geometry":{"type":"LineString","coordinates":[[139.5470785,35.3086435],[139.5467924,35.3089028]]},"properties":{"edge_u":"3381151304","edge_v":"3381151308","avg_max_density":0.1504,"run_count":50,"level":"low"}},{"type":"Feature","geometry":{"type":"LineString","coordinates":[[139.5481395,35.3088546],[139.548865,35.3095535]]},"properties":{"edge_u":"3381151306","edge_v":"3381151318","avg_max_density":0.6348,"run_count":50,"level":"medium"}},{"type":"Feature","geometry":{"type":"LineString","coordinates":[[139.5467924,35.3089028],[139.5471089,35.3091443]]},"properties":{"edge_u":"3381151308","edge_v":"3381151312","avg_max_density":0.1648,"run_count":50,"level":"low"}},{"type":"Feature","geometry":{"type":"LineString","coordinates":[[139.5467924,35.3089028],[139.5464885,35.3093668]]},"properties":{"edge_u":"3381151308","edge_v":"3381151314","avg_max_density":0.0631,"run_count":50,"level":"low"}},{"type":"Feature","geometry":{"type":"LineString","coordinates":[[139.5471089,35.3091443],[139.5467688,35.309431]]},"properties":{"edge_u":"3381151312","edge_v":"3381151315","avg_max_density":0.0509,"run_count":50,"level":"low"}},{"type":"Feature","geometry":{"type":"LineString","coordinates":[[139.5471089,35.3091443],[139.5471306,35.3091594]]},"properties":{"edge_u":"3381151312","edge_v":"6620482133","avg_max_density":0.322,"run_count":50,"level":"low"}},{"type":"Feature","geometry":{"type":"LineString","coordinates":[[139.5456814,35.309502],[139.5456127,35.3095683]]},"properties":{"edge_u":"3381151317","edge_v":"3381151319","avg_max_density":0.0901,"run_count":50,"level":"low"}},{"type":"Feature","geometry":{"type":"LineString","coordinates":[[139.5456814,35.309502],[139.5455445,35.3093876]]},"properties":{"edge_u":"3381151317","edge_v":"3937261544","avg_max_density":0.0847,"run_count":50,"level":"low"}},{"type":"Feature","geometry":{"type":"LineString","coordinates":[[139.5456814,35.309502],[139.5465387,35.3102765]]},"properties":{"edge_u":"3381151317","edge_v":"6654496114","avg_max_density":0.0682,"run_count":50,"level":"low"}},{"type":"Feature","geometry":{"type":"LineString","coordinates":[[139.548865,35.3095535],[139.5486597,35.3096975]]},"properties":{"edge_u":"3381151318","edge_v":"796606959","avg_max_density":0.6243,"run_count":50,"level":"medium"}},{"type":"Feature","geometry":{"type":"LineString","coordinates":[[139.5456127,35.3095683],[139.545612,35.3097629]]},"properties":{"edge_u":"3381151319","edge_v":"4504260950","avg_max_density":0.0954,"run_count":50,"level":"low"}},{"type":"Feature","geometry":{"type":"LineString","coordinates":[[139.5456127,35.3095683],[139.5464588,35.3103156]]},"properties":{"edge_u":"3381151319","edge_v":"6654496115","avg_max_density":0.307,"run_count":50,"level":"low"}},{"type":"Feature","geometry":{"type":"LineString","coordinates":[[139.5474116,35.3096111],[139.5474978,35.3097415]]},"properties":{"edge_u":"3381151320","edge_v":"6620482134","avg_max_density":0.0692,"run_count":50,"level":"low"}},{"type":"Feature","geometry":{"type":"LineString","coordinates":[[139.547566,35.3098447],[139.547944,35.3101962]]},"properties":{"edge_u":"3381151323","edge_v":"3381151329","avg_max_density":0.0877,"run_count":50,"level":"low"}},{"type":"Feature","geometry":{"type":"LineString","coordinates":[[139.547566,35.3098447],[139.5474978,35.3097415]]},"properties":{"edge_u":"3381151323","edge_v":"6620482134","avg_max_density":0.0759,"run_count":50,"level":"low"}},{"type":"Feature","geometry":{"type":"LineString","coordinates":[[139.5467114,35.3105084],[139.5466491,35.3105612]]},"properties":{"edge_u":"3381151333","edge_v":"3381151334","avg_max_density":0.1055,"run_count":50,"level":"low"}},{"type":"Feature","geometry":{"type":"LineString","coordinates":[[139.5467114,35.3105084],[139.546974,35.3108446]]},"properties":{"edge_u":"3381151333","edge_v":"3899305525","avg_max_density":0.0948,"run_count":50,"level":"low"}},{"type":"Feature","geometry":{"type":"LineString","coordinates":[[139.5467114,35.3105084],[139.5465387,35.3102765]]},"properties":{"edge_u":"3381151333","edge_v":"6654496114","avg_max_density":0.0899,"run_count":50,"level":"low"}},{"type":"Feature","geometry":{"type":"LineString","coordinates":[[139.5466491,35.3105612],[139.5454672,35.310054]]},"properties":{"edge_u":"3381151334","edge_v":"4504260938","avg_max_density":0.0519,"run_count":50,"level":"low"}},{"type":"Feature","geometry":{"type":"LineString","coordinates":[[139.5466491,35.3105612],[139.5464588,35.3103156]]},"properties":{"edge_u":"3381151334","edge_v":"6654496115","avg_max_density":0.1689,"run_count":50,"level":"low"}},{"type":"Feature","geometry":{"type":"LineString","coordinates":[[139.5454427,35.3118836],[139.544907,35.3120242]]},"properties":{"edge_u":"3381151340","edge_v":"3381151342","avg_max_density":0.083,"run_count":50,"level":"low"}},{"type":"Feature","geometry":{"type":"LineString","coordinates":[[139.5451206,35.3124803],[139.545181,35.3126047]]},"properties":{"edge_u":"3381151359","edge_v":"3381151362","avg_max_density":0.0776,"run_count":50,"level":"low"}},{"type":"Feature","geometry":{"type":"LineString","coordinates":[[139.5451206,35.3124803],[139.5454849,35.3123549]]},"properties":{"edge_u":"3381151359","edge_v":"6681668283","avg_max_density":0.0233,"run_count":50,"level":"low"}},{"type":"Feature","geometry":{"type":"LineString","coordinates":[[139.5456048,35.3125941],[139.5454072,35.312696]]},"properties":{"edge_u":"3381151361","edge_v":"3381151365","avg_max_density":0.2093,"run_count":50,"level":"low"}},{"type":"Feature","geometry":{"type":"LineString","coordinates":[[139.5456048,35.3125941],[139.5454849,35.3123549]]},"properties":{"edge_u":"3381151361","edge_v":"6681668283","avg_max_density":0.1528,"run_count":50,"level":"low"}},{"type":"Feature","geometry":{"type":"LineString","coordinates":[[139.545181,35.3126047],[139.5454072,35.312696]]},"properties":{"edge_u":"3381151362","edge_v":"3381151365","avg_max_density":0.0582,"run_count":50,"level":"low"}},{"type":"Feature","geometry":{"type":"LineString","coordinates":[[139.545181,35.3126047],[139.5454595,35.3132159]]},"properties":{"edge_u":"3381151362","edge_v":"6654360095","avg_max_density":0.01,"run_count":50,"level":"low"}},{"type":"Feature","geometry":{"type":"LineString","coordinates":[[139.5454072,35.312696],[139.5456056,35.3128637]]},"properties":{"edge_u":"3381151365","edge_v":"3381151372","avg_max_density":0.0428,"run_count":48,"level":"low"}},{"type":"Feature","geometry":{"type":"LineString","coordinates":[[139.5438015,35.31279],[139.5435026,35.3128288]]},"properties":{"edge_u":"3381151366","edge_v":"3381151371","avg_max_density":0.0725,"run_count":50,"level":"low"}},{"type":"Feature","geometry":{"type":"LineString","coordinates":[[139.5482637,35.3128244],[139.5483438,35.3127986]]},"properties":{"edge_u":"3381151367","edge_v":"4679974919","avg_max_density":0.0864,"run_count":50,"level":"low"}},{"type":"Feature","geometry":{"type":"LineString","coordinates":[[139.5435026,35.3128288],[139.5431636,35.3131765]]},"properties":{"edge_u":"3381151371","edge_v":"6620539202","avg_max_density":0.0243,"run_count":50,"level":"low"}},{"type":"Feature","geometry":{"type":"LineString","coordinates":[[139.5449454,35.3136458],[139.5447336,35.313837]]},"properties":{"edge_u":"3381151374","edge_v":"3381151377","avg_max_density":0.0422,"run_count":48,"level":"low"}},{"type":"Feature","geometry":{"type":"LineString","coordinates":[[139.5449454,35.3136458],[139.5452033,35.3138616]]},"properties":{"edge_u":"3381151374","edge_v":"3381151378","avg_max_density":0.0255,"run_count":47,"level":"low"}},{"type":"Feature","geometry":{"type":"LineString","coordinates":[[139.5449454,35.3136458],[139.544192,35.313482]]},"properties":{"edge_u":"3381151374","edge_v":"3974639074","avg_max_density":0.1005,"run_count":50,"level":"low"}},{"type":"Feature","geometry":{"type":"LineString","coordinates":[[139.5446008,35.3137887],[139.5447336,35.313837]]},"properties":{"edge_u":"3381151376","edge_v":"3381151377","avg_max_density":0.1082,"run_count":50,"level":"low"}},{"type":"Feature","geometry":{"type":"LineString","coordinates":[[139.5447336,35.313837],[139.5447071,35.3142102]]},"properties":{"edge_u":"3381151377","edge_v":"5692279154","avg_max_density":0.113,"run_count":50,"level":"low"}},{"type":"Feature","geometry":{"type":"LineString","coordinates":[[139.5452033,35.3138616],[139.545317,35.3144439]]},"properties":{"edge_u":"3381151378","edge_v":"3381151383","avg_max_density":0.0731,"run_count":50,"level":"low"}},{"type":"Feature","geometry":{"type":"LineString","coordinates":[[139.545317,35.3144439],[139.5447071,35.3142102]]},"properties":{"edge_u":"3381151383","edge_v":"5692279154","avg_max_density":0.0192,"run_count":50,"level":"low"}},{"type":"Feature","geometry":{"type":"LineString","coordinates":[[139.5450337,35.3156645],[139.5459243,35.3163281]]},"properties":{"edge_u":"3381151392","edge_v":"3381151405","avg_max_density":0.0945,"run_count":50,"level":"low"}},{"type":"Feature","geometry":{"type":"LineString","coordinates":[[139.5467947,35.3160427],[139.5462712,35.3162144]]},"properties":{"edge_u":"3381151395","edge_v":"6601518017","avg_max_density":0.075,"run_count":50,"level":"low"}},{"type":"Feature","geometry":{"type":"LineString","coordinates":[[139.5459243,35.3163281],[139.5456032,35.3164891]]},"properties":{"edge_u":"3381151405","edge_v":"3381151408","avg_max_density":0.1937,"run_count":50,"level":"low"}},{"type":"Feature","geometry":{"type":"LineString","coordinates":[[139.5459243,35.3163281],[139.5460951,35.3162721]]},"properties":{"edge_u":"3381151405","edge_v":"6601518020","avg_max_density":0.1297,"run_count":50,"level":"low"}},{"type":"Feature","geometry":{"type":"LineString","coordinates":[[139.5504635,35.3167218],[139.5500241,35.317073]]},"properties":{"edge_u":"3381151411","edge_v":"3381151425","avg_max_density":0.0202,"run_count":50,"level":"low"}},{"type":"Feature","geometry":{"type":"LineString","coordinates":[[139.5504635,35.3167218],[139.5499765,35.3158667]]},"properties":{"edge_u":"3381151411","edge_v":"6654531546","avg_max_density":0.1194,"run_count":50,"level":"low"}},{"type":"Feature","geometry":{"type":"LineString","coordinates":[[139.5466573,35.3167736],[139.5467718,35.3172214]]},"properties":{"edge_u":"3381151415","edge_v":"6600299067","avg_max_density":0.1704,"run_count":50,"level":"low"}},{"type":"Feature","geometry":{"type":"LineString","coordinates":[[139.5466573,35.3167736],[139.5464501,35.3168066]]},"properties":{"edge_u":"3381151415","edge_v":"6600299093","avg_max_density":0.0846,"run_count":50,"level":"low"}},{"type":"Feature","geometry":{"type":"LineString","coordinates":[[139.5466573,35.3167736],[139.5468005,35.3167608]]},"properties":{"edge_u":"3381151415","edge_v":"6600299095","avg_max_density":0.1767,"run_count":50,"level":"low"}},{"type":"Feature","geometry":{"type":"LineString","coordinates":[[139.5480406,35.3169128],[139.5477522,35.3170049]]},"properties":{"edge_u":"3381151419","edge_v":"3381151424","avg_max_density":0.0463,"run_count":50,"level":"low"}},{"type":"Feature","geometry":{"type":"LineString","coordinates":[[139.5488512,35.3169597],[139.548889,35.3170725]]},"properties":{"edge_u":"3381151423","edge_v":"6600299698","avg_max_density":0.0977,"run_count":50,"level":"low"}},{"type":"Feature","geometry":{"type":"LineString","coordinates":[[139.5488512,35.3169597],[139.5486917,35.3170033]]},"properties":{"edge_u":"3381151423","edge_v":"6600299700","avg_max_density":0.2472,"run_count":50,"level":"low"}},{"type":"Feature","geometry":{"type":"LineString","coordinates":[[139.5477522,35.3170049],[139.5474361,35.3171198]]},"properties":{"edge_u":"3381151424","edge_v":"3381151427","avg_max_density":0.0715,"run_count":50,"level":"low"}},{"type":"Feature","geometry":{"type":"LineString","coordinates":[[139.5477522,35.3170049],[139.547886,35.3172595]]},"properties":{"edge_u":"3381151424","edge_v":"3381151428","avg_max_density":0.0466,"run_count":50,"level":"low"}},{"type":"Feature","geometry":{"type":"LineString","coordinates":[[139.5500241,35.317073],[139.5495685,35.3162132]]},"properties":{"edge_u":"3381151425","edge_v":"4558120945","avg_max_density":0.0321,"run_count":50,"level":"low"}},{"type":"Feature","geometry":{"type":"LineString","coordinates":[[139.5553827,35.3199713],[139.5550322,35.3202503]]},"properties":{"edge_u":"3381151430","edge_v":"3381151433","avg_max_density":0.0132,"run_count":49,"level":"low"}},{"type":"Feature","geometry":{"type":"LineString","coordinates":[[139.5550322,35.3202503],[139.5550038,35.3202236]]},"properties":{"edge_u":"3381151433","edge_v":"6597761582","avg_max_density":0.0496,"run_count":41,"level":"low"}},{"type":"Feature","geometry":{"type":"LineString","coordinates":[[139.5550322,35.3202503],[139.5552373,35.320453]]},"properties":{"edge_u":"3381151433","edge_v":"677283629","avg_max_density":0.0423,"run_count":50,"level":"low"}},{"type":"Feature","geometry":{"type":"LineString","coordinates":[[139.5384969,35.311726],[139.5386603,35.3118662]]},"properties":{"edge_u":"3381153774","edge_v":"3381153775","avg_max_density":0.0688,"run_count":50,"level":"low"}},{"type":"Feature","geometry":{"type":"LineString","coordinates":[[139.5384969,35.311726],[139.5387832,35.3117569]]},"properties":{"edge_u":"3381153774","edge_v":"4503360965","avg_max_density":0.0754,"run_count":50,"level":"low"}},{"type":"Feature","geometry":{"type":"LineString","coordinates":[[139.5278871,35.306806],[139.5271969,35.3070946]]},"properties":{"edge_u":"3381388820","edge_v":"723776345","avg_max_density":0.0049,"run_count":44,"level":"low"}},{"type":"Feature","geometry":{"type":"LineString","coordinates":[[139.5345901,35.3096145],[139.5353081,35.3097473]]},"properties":{"edge_u":"3381388857","edge_v":"3381388860","avg_max_density":0.0907,"run_count":50,"level":"low"}},{"type":"Feature","geometry":{"type":"LineString","coordinates":[[139.5345901,35.3096145],[139.5347394,35.3092048]]},"properties":{"edge_u":"3381388857","edge_v":"3937309257","avg_max_density":0.1375,"run_count":50,"level":"low"}},{"type":"Feature","geometry":{"type":"LineString","coordinates":[[139.5353081,35.3097473],[139.535422,35.3094023]]},"properties":{"edge_u":"3381388860","edge_v":"3937309261","avg_max_density":0.1769,"run_count":50,"level":"low"}},{"type":"Feature","geometry":{"type":"LineString","coordinates":[[139.5120181,35.3102512],[139.5118724,35.3099184]]},"properties":{"edge_u":"3381388868","edge_v":"677435593","avg_max_density":0.0145,"run_count":50,"level":"low"}},{"type":"Feature","geometry":{"type":"LineString","coordinates":[[139.5115749,35.3102628],[139.5118724,35.3099184]]},"properties":{"edge_u":"3381388869","edge_v":"677435593","avg_max_density":0.0217,"run_count":50,"level":"low"}},{"type":"Feature","geometry":{"type":"LineString","coordinates":[[139.5099167,35.3063473],[139.5099997,35.3062487]]},"properties":{"edge_u":"3382120027","edge_v":"6717839123","avg_max_density":0.6766,"run_count":50,"level":"medium"}},{"type":"Feature","geometry":{"type":"LineString","coordinates":[[139.5104812,35.3065192],[139.5105408,35.3066843]]},"properties":{"edge_u":"3382120030","edge_v":"6636663109","avg_max_density":0.0334,"run_count":50,"level":"low"}},{"type":"Feature","geometry":{"type":"LineString","coordinates":[[139.5104812,35.3065192],[139.5103348,35.3064275]]},"properties":{"edge_u":"3382120030","edge_v":"9976832488","avg_max_density":0.0715,"run_count":50,"level":"low"}},{"type":"Feature","geometry":{"type":"LineString","coordinates":[[139.4977032,35.3099046],[139.4970249,35.3103931]]},"properties":{"edge_u":"3382127874","edge_v":"3382127888","avg_max_density":0.0988,"run_count":50,"level":"low"}},{"type":"Feature","geometry":{"type":"LineString","coordinates":[[139.4970249,35.3103931],[139.4967874,35.3107275]]},"properties":{"edge_u":"3382127888","edge_v":"3382127891","avg_max_density":0.1661,"run_count":50,"level":"low"}},{"type":"Feature","geometry":{"type":"LineString","coordinates":[[139.4970249,35.3103931],[139.4974889,35.3105309]]},"properties":{"edge_u":"3382127888","edge_v":"6741508583","avg_max_density":0.1871,"run_count":50,"level":"low"}},{"type":"Feature","geometry":{"type":"LineString","coordinates":[[139.4978389,35.3110272],[139.4976271,35.3113183]]},"properties":{"edge_u":"3382128093","edge_v":"3382128095","avg_max_density":0.1052,"run_count":50,"level":"low"}},{"type":"Feature","geometry":{"type":"LineString","coordinates":[[139.5511717,35.3189413],[139.5508898,35.3189455]]},"properties":{"edge_u":"3426156461","edge_v":"3426156463","avg_max_density":0.0282,"run_count":50,"level":"low"}},{"type":"Feature","geometry":{"type":"LineString","coordinates":[[139.5511717,35.3189413],[139.5511695,35.318889]]},"properties":{"edge_u":"3426156461","edge_v":"392648878","avg_max_density":0.0902,"run_count":50,"level":"low"}},{"type":"Feature","geometry":{"type":"LineString","coordinates":[[139.5508898,35.3189455],[139.5511618,35.3186838]]},"properties":{"edge_u":"3426156463","edge_v":"392648880","avg_max_density":0.0442,"run_count":50,"level":"low"}},{"type":"Feature","geometry":{"type":"LineString","coordinates":[[139.551176,35.3190299],[139.5508962,35.3190356]]},"properties":{"edge_u":"3426156464","edge_v":"3426156466","avg_max_density":0.0172,"run_count":45,"level":"low"}},{"type":"Feature","geometry":{"type":"LineString","coordinates":[[139.551176,35.3190299],[139.5511917,35.319306]]},"properties":{"edge_u":"3426156464","edge_v":"392648885","avg_max_density":0.0241,"run_count":50,"level":"low"}},{"type":"Feature","geometry":{"type":"LineString","coordinates":[[139.5508962,35.3190356],[139.5511917,35.319306]]},"properties":{"edge_u":"3426156466","edge_v":"392648885","avg_max_density":0.0437,"run_count":50,"level":"low"}},{"type":"Feature","geometry":{"type":"LineString","coordinates":[[139.5259355,35.3032407],[139.5251157,35.3031685]]},"properties":{"edge_u":"3620800882","edge_v":"759647605","avg_max_density":0.0283,"run_count":50,"level":"low"}},{"type":"Feature","geometry":{"type":"LineString","coordinates":[[139.5232987,35.3043908],[139.5232907,35.3044964]]},"properties":{"edge_u":"3620835331","edge_v":"6637051480","avg_max_density":0.1405,"run_count":50,"level":"low"}},{"type":"Feature","geometry":{"type":"LineString","coordinates":[[139.5232987,35.3043908],[139.5237312,35.3044636]]},"properties":{"edge_u":"3620835331","edge_v":"6637051483","avg_max_density":0.0659,"run_count":50,"level":"low"}},{"type":"Feature","geometry":{"type":"LineString","coordinates":[[139.5232987,35.3043908],[139.5225932,35.3043419]]},"properties":{"edge_u":"3620835331","edge_v":"759649686","avg_max_density":0.0282,"run_count":50,"level":"low"}},{"type":"Feature","geometry":{"type":"LineString","coordinates":[[139.5204856,35.3041676],[139.5204342,35.3040323]]},"properties":{"edge_u":"3620835334","edge_v":"723776869","avg_max_density":0.5323,"run_count":50,"level":"medium"}},{"type":"Feature","geometry":{"type":"LineString","coordinates":[[139.5511999,35.3061183],[139.5502045,35.3063561]]},"properties":{"edge_u":"3620996901","edge_v":"3620996903","avg_max_density":0.2564,"run_count":50,"level":"low"}},{"type":"Feature","geometry":{"type":"LineString","coordinates":[[139.5511999,35.3061183],[139.5515918,35.305903]]},"properties":{"edge_u":"3620996901","edge_v":"3620996905","avg_max_density":0.1675,"run_count":50,"level":"low"}},{"type":"Feature","geometry":{"type":"LineString","coordinates":[[139.5511999,35.3061183],[139.5510556,35.3064239]]},"properties":{"edge_u":"3620996901","edge_v":"6606806672","avg_max_density":0.2826,"run_count":50,"level":"low"}},{"type":"Feature","geometry":{"type":"LineString","coordinates":[[139.5502045,35.3063561],[139.5503718,35.3065007]]},"properties":{"edge_u":"3620996903","edge_v":"6606806884","avg_max_density":0.1144,"run_count":50,"level":"low"}},{"type":"Feature","geometry":{"type":"LineString","coordinates":[[139.5513735,35.3055663],[139.5504955,35.3055206]]},"properties":{"edge_u":"3620996910","edge_v":"5692253004","avg_max_density":0.063,"run_count":50,"level":"low"}},{"type":"Feature","geometry":{"type":"LineString","coordinates":[[139.5297253,35.3037369],[139.5310507,35.3039416]]},"properties":{"edge_u":"3634687068","edge_v":"3937309124","avg_max_density":0.1415,"run_count":50,"level":"low"}},{"type":"Feature","geometry":{"type":"LineString","coordinates":[[139.5524399,35.3197264],[139.5526337,35.3200394]]},"properties":{"edge_u":"3801766598","edge_v":"606299777","avg_max_density":0.0052,"run_count":50,"level":"low"}},{"type":"Feature","geometry":{"type":"LineString","coordinates":[[139.5524399,35.3197264],[139.5523717,35.3197577]]},"properties":{"edge_u":"3801766598","edge_v":"6654573003","avg_max_density":0.1282,"run_count":50,"level":"low"}},{"type":"Feature","geometry":{"type":"LineString","coordinates":[[139.5452249,35.3093118],[139.5451999,35.3092377]]},"properties":{"edge_u":"3804729083","edge_v":"3937261538","avg_max_density":1.1256,"run_count":50,"level":"medium"}},{"type":"Feature","geometry":{"type":"LineString","coordinates":[[139.5452249,35.3093118],[139.5452627,35.3094238]]},"properties":{"edge_u":"3804729083","edge_v":"3937261547","avg_max_density":0.963,"run_count":50,"level":"medium"}},{"type":"Feature","geometry":{"type":"LineString","coordinates":[[139.5572492,35.2969843],[139.5574299,35.2970195]]},"properties":{"edge_u":"3806626099","edge_v":"3806626103","avg_max_density":0.0569,"run_count":50,"level":"low"}},{"type":"Feature","geometry":{"type":"LineString","coordinates":[[139.5574299,35.2970195],[139.5576106,35.2970468]]},"properties":{"edge_u":"3806626103","edge_v":"3806626112","avg_max_density":0.0468,"run_count":50,"level":"low"}},{"type":"Feature","geometry":{"type":"LineString","coordinates":[[139.5574299,35.2970195],[139.5574998,35.297155]]},"properties":{"edge_u":"3806626103","edge_v":"3806626128","avg_max_density":0.1992,"run_count":50,"level":"low"}},{"type":"Feature","geometry":{"type":"LineString","coordinates":[[139.5576106,35.2970468],[139.5578094,35.2970842]]},"properties":{"edge_u":"3806626112","edge_v":"3806626117","avg_max_density":0.1381,"run_count":50,"level":"low"}},{"type":"Feature","geometry":{"type":"LineString","coordinates":[[139.5576106,35.2970468],[139.5574998,35.297155]]},"properties":{"edge_u":"3806626112","edge_v":"3806626128","avg_max_density":0.2598,"run_count":50,"level":"low"}},{"type":"Feature","geometry":{"type":"LineString","coordinates":[[139.5578094,35.2970842],[139.5578999,35.2972852]]},"properties":{"edge_u":"3806626117","edge_v":"3806626139","avg_max_density":0.0299,"run_count":50,"level":"low"}},{"type":"Feature","geometry":{"type":"LineString","coordinates":[[139.5574998,35.297155],[139.5573897,35.2972998]]},"properties":{"edge_u":"3806626128","edge_v":"3806626140","avg_max_density":0.3116,"run_count":50,"level":"low"}},{"type":"Feature","geometry":{"type":"LineString","coordinates":[[139.5573897,35.2972998],[139.5572915,35.2973179]]},"properties":{"edge_u":"3806626140","edge_v":"3806626141","avg_max_density":0.1663,"run_count":50,"level":"low"}},{"type":"Feature","geometry":{"type":"LineString","coordinates":[[139.5572915,35.2973179],[139.5571763,35.2973776]]},"properties":{"edge_u":"3806626141","edge_v":"3806626145","avg_max_density":0.107,"run_count":50,"level":"low"}},{"type":"Feature","geometry":{"type":"LineString","coordinates":[[139.5572915,35.2973179],[139.5573746,35.2974575]]},"properties":{"edge_u":"3806626141","edge_v":"3806626147","avg_max_density":0.0966,"run_count":50,"level":"low"}},{"type":"Feature","geometry":{"type":"LineString","coordinates":[[139.5571763,35.2973776],[139.5572382,35.2974736]]},"properties":{"edge_u":"3806626145","edge_v":"3806626149","avg_max_density":0.084,"run_count":50,"level":"low"}},{"type":"Feature","geometry":{"type":"LineString","coordinates":[[139.5573746,35.2974575],[139.5572382,35.2974736]]},"properties":{"edge_u":"3806626147","edge_v":"3806626149","avg_max_density":0.1237,"run_count":50,"level":"low"}},{"type":"Feature","geometry":{"type":"LineString","coordinates":[[139.5572382,35.2974736],[139.5572371,35.2976093]]},"properties":{"edge_u":"3806626149","edge_v":"3806626153","avg_max_density":0.0963,"run_count":50,"level":"low"}},{"type":"Feature","geometry":{"type":"LineString","coordinates":[[139.5573614,35.297606],[139.5572371,35.2976093]]},"properties":{"edge_u":"3806626152","edge_v":"3806626153","avg_max_density":0.1063,"run_count":50,"level":"low"}},{"type":"Feature","geometry":{"type":"LineString","coordinates":[[139.5572371,35.2976093],[139.557078,35.2977048]]},"properties":{"edge_u":"3806626153","edge_v":"3806626155","avg_max_density":0.0995,"run_count":50,"level":"low"}},{"type":"Feature","geometry":{"type":"LineString","coordinates":[[139.557078,35.2977048],[139.5571682,35.2977412]]},"properties":{"edge_u":"3806626155","edge_v":"6602471714","avg_max_density":0.0475,"run_count":50,"level":"low"}},{"type":"Feature","geometry":{"type":"LineString","coordinates":[[139.5579996,35.2985527],[139.5579547,35.2986802]]},"properties":{"edge_u":"3806626158","edge_v":"3806626164","avg_max_density":0.3592,"run_count":50,"level":"low"}},{"type":"Feature","geometry":{"type":"LineString","coordinates":[[139.554244,35.3186598],[139.5537772,35.3187747]]},"properties":{"edge_u":"3806676555","edge_v":"3806676561","avg_max_density":0.0794,"run_count":50,"level":"low"}},{"type":"Feature","geometry":{"type":"LineString","coordinates":[[139.5537772,35.3187747],[139.5536484,35.3184707]]},"properties":{"edge_u":"3806676561","edge_v":"6597761575","avg_max_density":0.0295,"run_count":50,"level":"low"}},{"type":"Feature","geometry":{"type":"LineString","coordinates":[[139.5454148,35.3092771],[139.5455445,35.3093876]]},"properties":{"edge_u":"3833316372","edge_v":"3937261544","avg_max_density":0.0597,"run_count":50,"level":"low"}},{"type":"Feature","geometry":{"type":"LineString","coordinates":[[139.5186452,35.3033774],[139.5186546,35.303422]]},"properties":{"edge_u":"3833359741","edge_v":"3937309116","avg_max_density":0.1093,"run_count":50,"level":"low"}},{"type":"Feature","geometry":{"type":"LineString","coordinates":[[139.532449,35.3053316],[139.5325171,35.3053115]]},"properties":{"edge_u":"3833365678","edge_v":"3937260651","avg_max_density":0.7776,"run_count":50,"level":"medium"}},{"type":"Feature","geometry":{"type":"LineString","coordinates":[[139.532449,35.3053316],[139.5323859,35.3053519]]},"properties":{"edge_u":"3833365678","edge_v":"3937261457","avg_max_density":0.8562,"run_count":50,"level":"medium"}},{"type":"Feature","geometry":{"type":"LineString","coordinates":[[139.5097647,35.3054016],[139.5097801,35.3054338]]},"properties":{"edge_u":"3833365683","edge_v":"9896186209","avg_max_density":0.0962,"run_count":50,"level":"low"}},{"type":"Feature","geometry":{"type":"LineString","coordinates":[[139.5097028,35.3054081],[139.5097046,35.3054415]]},"properties":{"edge_u":"3833365685","edge_v":"3937309133","avg_max_density":0.1632,"run_count":50,"level":"low"}},{"type":"Feature","geometry":{"type":"LineString","coordinates":[[139.5331707,35.3066087],[139.5331005,35.3066318]]},"properties":{"edge_u":"3833365705","edge_v":"3937309160","avg_max_density":0.5365,"run_count":50,"level":"medium"}},{"type":"Feature","geometry":{"type":"LineString","coordinates":[[139.5020825,35.3065003],[139.5020868,35.3065566]]},"properties":{"edge_u":"3833365708","edge_v":"3937309158","avg_max_density":0.059,"run_count":50,"level":"low"}},{"type":"Feature","geometry":{"type":"LineString","coordinates":[[139.4964711,35.3066807],[139.4964701,35.3067175]]},"properties":{"edge_u":"3833365727","edge_v":"3937309178","avg_max_density":0.1551,"run_count":50,"level":"low"}},{"type":"Feature","geometry":{"type":"LineString","coordinates":[[139.5342458,35.3089985],[139.5342188,35.3090409]]},"properties":{"edge_u":"3833366183","edge_v":"3937309255","avg_max_density":0.3212,"run_count":50,"level":"low"}},{"type":"Feature","geometry":{"type":"LineString","coordinates":[[139.5346427,35.3091251],[139.5346187,35.3091688]]},"properties":{"edge_u":"3833366184","edge_v":"3937309256","avg_max_density":0.1114,"run_count":50,"level":"low"}},{"type":"Feature","geometry":{"type":"LineString","coordinates":[[139.534764,35.3091567],[139.5347394,35.3092048]]},"properties":{"edge_u":"3833366185","edge_v":"3937309257","avg_max_density":0.1461,"run_count":50,"level":"low"}},{"type":"Feature","geometry":{"type":"LineString","coordinates":[[139.5353913,35.3093239],[139.5354095,35.3092731]]},"properties":{"edge_u":"3833366186","edge_v":"3937309258","avg_max_density":0.6519,"run_count":50,"level":"medium"}},{"type":"Feature","geometry":{"type":"LineString","coordinates":[[139.5353913,35.3093239],[139.5353708,35.3093749]]},"properties":{"edge_u":"3833366186","edge_v":"3937309260","avg_max_density":0.7624,"run_count":50,"level":"medium"}},{"type":"Feature","geometry":{"type":"LineString","coordinates":[[139.5427713,35.3096421],[139.5427817,35.3097019]]},"properties":{"edge_u":"3833366196","edge_v":"3937261757","avg_max_density":0.5658,"run_count":50,"level":"medium"}},{"type":"Feature","geometry":{"type":"LineString","coordinates":[[139.542656,35.3096562],[139.542675,35.309742]]},"properties":{"edge_u":"3833366197","edge_v":"6654360004","avg_max_density":0.1571,"run_count":50,"level":"low"}},{"type":"Feature","geometry":{"type":"LineString","coordinates":[[139.546974,35.3108446],[139.5470537,35.3107937]]},"properties":{"edge_u":"3899305525","edge_v":"4679974890","avg_max_density":0.2624,"run_count":50,"level":"low"}},{"type":"Feature","geometry":{"type":"LineString","coordinates":[[139.5470898,35.3109965],[139.5471741,35.3109536]]},"properties":{"edge_u":"3899305527","edge_v":"6654531566","avg_max_density":0.1653,"run_count":50,"level":"low"}},{"type":"Feature","geometry":{"type":"LineString","coordinates":[[139.5470898,35.3109965],[139.546997,35.3110437]]},"properties":{"edge_u":"3899305527","edge_v":"6654531567","avg_max_density":0.1109,"run_count":50,"level":"low"}},{"type":"Feature","geometry":{"type":"LineString","coordinates":[[139.5556834,35.306376],[139.5554917,35.3063118]]},"properties":{"edge_u":"3901448572","edge_v":"6670527469","avg_max_density":0.0436,"run_count":50,"level":"low"}},{"type":"Feature","geometry":{"type":"LineString","coordinates":[[139.5556834,35.306376],[139.5556475,35.3067105]]},"properties":{"edge_u":"3901448572","edge_v":"6670527470","avg_max_density":0.021,"run_count":50,"level":"low"}},{"type":"Feature","geometry":{"type":"LineString","coordinates":[[139.5511695,35.318889],[139.5511618,35.3186838]]},"properties":{"edge_u":"392648878","edge_v":"392648880","avg_max_density":0.062,"run_count":50,"level":"low"}},{"type":"Feature","geometry":{"type":"LineString","coordinates":[[139.5511695,35.318889],[139.5518073,35.3188673]]},"properties":{"edge_u":"392648878","edge_v":"3937261821","avg_max_density":0.0157,"run_count":50,"level":"low"}},{"type":"Feature","geometry":{"type":"LineString","coordinates":[[139.5511917,35.319306],[139.5512679,35.3193627]]},"properties":{"edge_u":"392648885","edge_v":"4558184994","avg_max_density":0.1769,"run_count":50,"level":"low"}},{"type":"Feature","geometry":{"type":"LineString","coordinates":[[139.5021706,35.3063897],[139.5019733,35.3065125]]},"properties":{"edge_u":"3937163047","edge_v":"3937262097","avg_max_density":0.5149,"run_count":50,"level":"medium"}},{"type":"Feature","geometry":{"type":"LineString","coordinates":[[139.5267325,35.3027973],[139.5266917,35.3028488]]},"properties":{"edge_u":"3937260591","edge_v":"3937309093","avg_max_density":0.0367,"run_count":44,"level":"low"}},{"type":"Feature","geometry":{"type":"LineString","coordinates":[[139.524475,35.3028643],[139.5244975,35.3029154]]},"properties":{"edge_u":"3937260592","edge_v":"3937262062","avg_max_density":1.378,"run_count":50,"level":"medium"}},{"type":"Feature","geometry":{"type":"LineString","coordinates":[[139.524475,35.3028643],[139.5226026,35.3032373]]},"properties":{"edge_u":"3937260592","edge_v":"3937309100","avg_max_density":0.1973,"run_count":50,"level":"low"}},{"type":"Feature","geometry":{"type":"LineString","coordinates":[[139.524475,35.3028643],[139.5252044,35.3027711]]},"properties":{"edge_u":"3937260592","edge_v":"6635018428","avg_max_density":11.4639,"run_count":50,"level":"high"}},{"type":"Feature","geometry":{"type":"LineString","coordinates":[[139.524475,35.3028643],[139.5244782,35.3026491]]},"properties":{"edge_u":"3937260592","edge_v":"6637051467","avg_max_density":0.2284,"run_count":50,"level":"low"}},{"type":"Feature","geometry":{"type":"LineString","coordinates":[[139.5245419,35.30291],[139.5245495,35.3029448]]},"properties":{"edge_u":"3937260594","edge_v":"3937309097","avg_max_density":0.2052,"run_count":50,"level":"low"}},{"type":"Feature","geometry":{"type":"LineString","coordinates":[[139.5245092,35.3029528],[139.5244975,35.3029154]]},"properties":{"edge_u":"3937260595","edge_v":"3937262062","avg_max_density":1.3303,"run_count":50,"level":"medium"}},{"type":"Feature","geometry":{"type":"LineString","coordinates":[[139.5245092,35.3029528],[139.5245495,35.3029448]]},"properties":{"edge_u":"3937260595","edge_v":"3937309097","avg_max_density":0.8608,"run_count":50,"level":"medium"}},{"type":"Feature","geometry":{"type":"LineString","coordinates":[[139.5245092,35.3029528],[139.5232156,35.3032077]]},"properties":{"edge_u":"3937260595","edge_v":"3937309099","avg_max_density":0.7229,"run_count":50,"level":"medium"}},{"type":"Feature","geometry":{"type":"LineString","coordinates":[[139.5232052,35.3031742],[139.5232156,35.3032077]]},"properties":{"edge_u":"3937260598","edge_v":"3937309099","avg_max_density":1.315,"run_count":50,"level":"medium"}},{"type":"Feature","geometry":{"type":"LineString","coordinates":[[139.5188091,35.3033015],[139.5215329,35.3033354]]},"properties":{"edge_u":"3937260604","edge_v":"3937260609","avg_max_density":0.0407,"run_count":50,"level":"low"}},{"type":"Feature","geometry":{"type":"LineString","coordinates":[[139.5225361,35.303299],[139.5225465,35.3033411]]},"properties":{"edge_u":"3937260606","edge_v":"3937309110","avg_max_density":0.0932,"run_count":50,"level":"low"}},{"type":"Feature","geometry":{"type":"LineString","coordinates":[[139.5215329,35.3033354],[139.5215337,35.3033793]]},"properties":{"edge_u":"3937260609","edge_v":"3937260615","avg_max_density":0.2437,"run_count":50,"level":"low"}},{"type":"Feature","geometry":{"type":"LineString","coordinates":[[139.5215329,35.3033354],[139.5224751,35.303259]]},"properties":{"edge_u":"3937260609","edge_v":"3937309101","avg_max_density":0.0967,"run_count":50,"level":"low"}},{"type":"Feature","geometry":{"type":"LineString","coordinates":[[139.5188289,35.3033968],[139.5186546,35.303422]]},"properties":{"edge_u":"3937260614","edge_v":"3937309116","avg_max_density":0.4364,"run_count":50,"level":"low"}},{"type":"Feature","geometry":{"type":"LineString","coordinates":[[139.5188289,35.3033968],[139.5189446,35.3039236]]},"properties":{"edge_u":"3937260614","edge_v":"6637051416","avg_max_density":0.2592,"run_count":50,"level":"low"}},{"type":"Feature","geometry":{"type":"LineString","coordinates":[[139.5188289,35.3033968],[139.5199681,35.3033276]]},"properties":{"edge_u":"3937260614","edge_v":"6637051425","avg_max_density":0.2023,"run_count":50,"level":"low"}},{"type":"Feature","geometry":{"type":"LineString","coordinates":[[139.5215337,35.3033793],[139.5215351,35.303419]]},"properties":{"edge_u":"3937260615","edge_v":"3937260618","avg_max_density":0.1925,"run_count":50,"level":"low"}},{"type":"Feature","geometry":{"type":"LineString","coordinates":[[139.5215144,35.3033792],[139.5215154,35.3034204]]},"properties":{"edge_u":"3937260616","edge_v":"3937309115","avg_max_density":0.1513,"run_count":50,"level":"low"}},{"type":"Feature","geometry":{"type":"LineString","coordinates":[[139.5215351,35.303419],[139.5225012,35.3033522]]},"properties":{"edge_u":"3937260618","edge_v":"3937309111","avg_max_density":0.101,"run_count":50,"level":"low"}},{"type":"Feature","geometry":{"type":"LineString","coordinates":[[139.5215351,35.303419],[139.5215154,35.3034204]]},"properties":{"edge_u":"3937260618","edge_v":"3937309115","avg_max_density":0.5183,"run_count":50,"level":"medium"}},{"type":"Feature","geometry":{"type":"LineString","coordinates":[[139.5310858,35.3039111],[139.5310507,35.3039416]]},"properties":{"edge_u":"3937260627","edge_v":"3937309124","avg_max_density":0.7147,"run_count":50,"level":"medium"}},{"type":"Feature","geometry":{"type":"LineString","coordinates":[[139.5140594,35.3044311],[139.5140392,35.3044864]]},"properties":{"edge_u":"3937260637","edge_v":"3937309128","avg_max_density":0.2327,"run_count":50,"level":"low"}},{"type":"Feature","geometry":{"type":"LineString","coordinates":[[139.510664,35.3052426],[139.510676,35.3052925]]},"properties":{"edge_u":"3937260647","edge_v":"3937260648","avg_max_density":5.9334,"run_count":50,"level":"high"}},{"type":"Feature","geometry":{"type":"LineString","coordinates":[[139.510664,35.3052426],[139.5103175,35.3052063]]},"properties":{"edge_u":"3937260647","edge_v":"678554555","avg_max_density":0.2947,"run_count":50,"level":"low"}},{"type":"Feature","geometry":{"type":"LineString","coordinates":[[139.510676,35.3052925],[139.510683,35.3053306]]},"properties":{"edge_u":"3937260648","edge_v":"3937260654","avg_max_density":8.3569,"run_count":50,"level":"high"}},{"type":"Feature","geometry":{"type":"LineString","coordinates":[[139.510683,35.3053306],[139.5105672,35.3053771]]},"properties":{"edge_u":"3937260654","edge_v":"3937261460","avg_max_density":0.2906,"run_count":50,"level":"low"}},{"type":"Feature","geometry":{"type":"LineString","coordinates":[[139.5323859,35.3053519],[139.5310507,35.3039416]]},"properties":{"edge_u":"3937261457","edge_v":"3937309124","avg_max_density":0.2845,"run_count":50,"level":"low"}},{"type":"Feature","geometry":{"type":"LineString","coordinates":[[139.5323859,35.3053519],[139.5331005,35.3066318]]},"properties":{"edge_u":"3937261457","edge_v":"3937309160","avg_max_density":0.0392,"run_count":50,"level":"low"}},{"type":"Feature","geometry":{"type":"LineString","coordinates":[[139.5105672,35.3053771],[139.5097801,35.3054338]]},"properties":{"edge_u":"3937261460","edge_v":"9896186209","avg_max_density":0.064,"run_count":50,"level":"low"}},{"type":"Feature","geometry":{"type":"LineString","coordinates":[[139.5019855,35.3065662],[139.5019733,35.3065125]]},"properties":{"edge_u":"3937261501","edge_v":"3937262097","avg_max_density":5.7583,"run_count":50,"level":"high"}},{"type":"Feature","geometry":{"type":"LineString","coordinates":[[139.5019855,35.3065662],[139.5020868,35.3065566]]},"properties":{"edge_u":"3937261501","edge_v":"3937309158","avg_max_density":0.3264,"run_count":50,"level":"low"}},{"type":"Feature","geometry":{"type":"LineString","coordinates":[[139.5019855,35.3065662],[139.4991575,35.3066683]]},"properties":{"edge_u":"3937261501","edge_v":"6612810738","avg_max_density":0.7814,"run_count":50,"level":"medium"}},{"type":"Feature","geometry":{"type":"LineString","coordinates":[[139.4977962,35.3066599],[139.4978005,35.3067161]]},"properties":{"edge_u":"3937261505","edge_v":"3937261510","avg_max_density":57.0342,"run_count":50,"level":"high"}},{"type":"Feature","geometry":{"type":"LineString","coordinates":[[139.4978005,35.3067161],[139.4978057,35.3067674]]},"properties":{"edge_u":"3937261510","edge_v":"3937261513","avg_max_density":23.3045,"run_count":50,"level":"high"}},{"type":"Feature","geometry":{"type":"LineString","coordinates":[[139.4978057,35.3067674],[139.4964701,35.3067175]]},"properties":{"edge_u":"3937261513","edge_v":"3937309178","avg_max_density":4.6004,"run_count":50,"level":"high"}},{"type":"Feature","geometry":{"type":"LineString","coordinates":[[139.4978057,35.3067674],[139.4991575,35.3066683]]},"properties":{"edge_u":"3937261513","edge_v":"6612810738","avg_max_density":0.9498,"run_count":50,"level":"medium"}},{"type":"Feature","geometry":{"type":"LineString","coordinates":[[139.5334378,35.3071579],[139.5333688,35.3071839]]},"properties":{"edge_u":"3937261519","edge_v":"3937261520","avg_max_density":1.0657,"run_count":50,"level":"medium"}},{"type":"Feature","geometry":{"type":"LineString","coordinates":[[139.5333688,35.3071839],[139.5331005,35.3066318]]},"properties":{"edge_u":"3937261520","edge_v":"3937309160","avg_max_density":0.3335,"run_count":50,"level":"low"}},{"type":"Feature","geometry":{"type":"LineString","coordinates":[[139.5333688,35.3071839],[139.5335829,35.308029]]},"properties":{"edge_u":"3937261520","edge_v":"3937309212","avg_max_density":0.2541,"run_count":50,"level":"low"}},{"type":"Feature","geometry":{"type":"LineString","coordinates":[[139.5336393,35.3080268],[139.5335829,35.308029]]},"properties":{"edge_u":"3937261528","edge_v":"3937309212","avg_max_density":0.7387,"run_count":50,"level":"medium"}},{"type":"Feature","geometry":{"type":"LineString","coordinates":[[139.5339264,35.3087677],[139.5338513,35.3088263]]},"properties":{"edge_u":"3937261530","edge_v":"3937309252","avg_max_density":0.0795,"run_count":50,"level":"low"}},{"type":"Feature","geometry":{"type":"LineString","coordinates":[[139.5454908,35.3091424],[139.5455493,35.309193]]},"properties":{"edge_u":"3937261533","edge_v":"3937261537","avg_max_density":18.3548,"run_count":50,"level":"high"}},{"type":"Feature","geometry":{"type":"LineString","coordinates":[[139.5454908,35.3091424],[139.5451999,35.3092377]]},"properties":{"edge_u":"3937261533","edge_v":"3937261538","avg_max_density":10.628,"run_count":50,"level":"high"}},{"type":"Feature","geometry":{"type":"LineString","coordinates":[[139.5455493,35.309193],[139.5456023,35.3092389]]},"properties":{"edge_u":"3937261537","edge_v":"3937261539","avg_max_density":17.5567,"run_count":50,"level":"high"}},{"type":"Feature","geometry":{"type":"LineString","coordinates":[[139.5456023,35.3092389],[139.5456071,35.3093387]]},"properties":{"edge_u":"3937261539","edge_v":"3937261542","avg_max_density":15.2677,"run_count":50,"level":"high"}},{"type":"Feature","geometry":{"type":"LineString","coordinates":[[139.5456071,35.3093387],[139.5455445,35.3093876]]},"properties":{"edge_u":"3937261542","edge_v":"3937261544","avg_max_density":0.4654,"run_count":50,"level":"low"}},{"type":"Feature","geometry":{"type":"LineString","coordinates":[[139.5456071,35.3093387],[139.5470537,35.3107937]]},"properties":{"edge_u":"3937261542","edge_v":"4679974890","avg_max_density":3.9935,"run_count":50,"level":"high"}},{"type":"Feature","geometry":{"type":"LineString","coordinates":[[139.5450084,35.309438],[139.5452627,35.3094238]]},"properties":{"edge_u":"3937261545","edge_v":"3937261547","avg_max_density":0.7891,"run_count":50,"level":"medium"}},{"type":"Feature","geometry":{"type":"LineString","coordinates":[[139.5425416,35.309612],[139.5425488,35.3096711]]},"properties":{"edge_u":"3937261549","edge_v":"3937261555","avg_max_density":18.0678,"run_count":50,"level":"high"}},{"type":"Feature","geometry":{"type":"LineString","coordinates":[[139.5432649,35.3096384],[139.5427817,35.3097019]]},"properties":{"edge_u":"3937261551","edge_v":"3937261757","avg_max_density":0.3031,"run_count":50,"level":"low"}},{"type":"Feature","geometry":{"type":"LineString","coordinates":[[139.5432649,35.3096384],[139.5440269,35.309643]]},"properties":{"edge_u":"3937261551","edge_v":"6654353360","avg_max_density":0.024,"run_count":50,"level":"low"}},{"type":"Feature","geometry":{"type":"LineString","coordinates":[[139.5432649,35.3096384],[139.5428071,35.3097472]]},"properties":{"edge_u":"3937261551","edge_v":"6654353370","avg_max_density":0.0267,"run_count":50,"level":"low"}},{"type":"Feature","geometry":{"type":"LineString","coordinates":[[139.5425488,35.3096711],[139.5425546,35.3097294]]},"properties":{"edge_u":"3937261555","edge_v":"3937261759","avg_max_density":18.301,"run_count":50,"level":"high"}},{"type":"Feature","geometry":{"type":"LineString","coordinates":[[139.5365329,35.3096787],[139.5365028,35.3097283]]},"properties":{"edge_u":"3937261556","edge_v":"3937309263","avg_max_density":0.4029,"run_count":50,"level":"low"}},{"type":"Feature","geometry":{"type":"LineString","coordinates":[[139.5427817,35.3097019],[139.5427683,35.309727]]},"properties":{"edge_u":"3937261757","edge_v":"3937261758","avg_max_density":0.6964,"run_count":50,"level":"medium"}},{"type":"Feature","geometry":{"type":"LineString","coordinates":[[139.5427683,35.309727],[139.5428071,35.3097472]]},"properties":{"edge_u":"3937261758","edge_v":"6654353370","avg_max_density":0.534,"run_count":50,"level":"medium"}},{"type":"Feature","geometry":{"type":"LineString","coordinates":[[139.5427683,35.309727],[139.542675,35.309742]]},"properties":{"edge_u":"3937261758","edge_v":"6654360004","avg_max_density":0.6224,"run_count":50,"level":"medium"}},{"type":"Feature","geometry":{"type":"LineString","coordinates":[[139.5425546,35.3097294],[139.542675,35.309742]]},"properties":{"edge_u":"3937261759","edge_v":"6654360004","avg_max_density":17.093,"run_count":50,"level":"high"}},{"type":"Feature","geometry":{"type":"LineString","coordinates":[[139.5413158,35.3098368],[139.5413185,35.3098786]]},"properties":{"edge_u":"3937261763","edge_v":"3937309264","avg_max_density":0.174,"run_count":50,"level":"low"}},{"type":"Feature","geometry":{"type":"LineString","coordinates":[[139.5373921,35.3100108],[139.5373163,35.3100873]]},"properties":{"edge_u":"3937261765","edge_v":"3937309271","avg_max_density":0.0375,"run_count":50,"level":"low"}},{"type":"Feature","geometry":{"type":"LineString","coordinates":[[139.5371403,35.3101114],[139.5371494,35.3102357]]},"properties":{"edge_u":"3937261767","edge_v":"3937261770","avg_max_density":19.7034,"run_count":50,"level":"high"}},{"type":"Feature","geometry":{"type":"LineString","coordinates":[[139.5371403,35.3101114],[139.5373163,35.3100873]]},"properties":{"edge_u":"3937261767","edge_v":"3937309271","avg_max_density":0.1363,"run_count":50,"level":"low"}},{"type":"Feature","geometry":{"type":"LineString","coordinates":[[139.5371403,35.3101114],[139.5367637,35.3101273]]},"properties":{"edge_u":"3937261767","edge_v":"4504260942","avg_max_density":0.2426,"run_count":50,"level":"low"}},{"type":"Feature","geometry":{"type":"LineString","coordinates":[[139.5378733,35.3101721],[139.5378558,35.3102137]]},"properties":{"edge_u":"3937261768","edge_v":"3937309274","avg_max_density":0.2566,"run_count":50,"level":"low"}},{"type":"Feature","geometry":{"type":"LineString","coordinates":[[139.5371494,35.3102357],[139.5371568,35.3103193]]},"properties":{"edge_u":"3937261770","edge_v":"3937261773","avg_max_density":11.5692,"run_count":50,"level":"high"}},{"type":"Feature","geometry":{"type":"LineString","coordinates":[[139.5371494,35.3102357],[139.5371093,35.3103238]]},"properties":{"edge_u":"3937261770","edge_v":"3937261774","avg_max_density":9.9402,"run_count":50,"level":"high"}},{"type":"Feature","geometry":{"type":"LineString","coordinates":[[139.5384157,35.3102699],[139.5384026,35.3103308]]},"properties":{"edge_u":"3937261772","edge_v":"3937309280","avg_max_density":1.301,"run_count":50,"level":"medium"}},{"type":"Feature","geometry":{"type":"LineString","coordinates":[[139.5371568,35.3103193],[139.5371093,35.3103238]]},"properties":{"edge_u":"3937261773","edge_v":"3937261774","avg_max_density":11.554,"run_count":50,"level":"high"}},{"type":"Feature","geometry":{"type":"LineString","coordinates":[[139.5371568,35.3103193],[139.537162,35.3103787]]},"properties":{"edge_u":"3937261773","edge_v":"3937261776","avg_max_density":5.946,"run_count":50,"level":"high"}},{"type":"Feature","geometry":{"type":"LineString","coordinates":[[139.5371093,35.3103238],[139.5371105,35.3103732]]},"properties":{"edge_u":"3937261774","edge_v":"3937261775","avg_max_density":18.5799,"run_count":50,"level":"high"}},{"type":"Feature","geometry":{"type":"LineString","coordinates":[[139.5328672,35.3110452],[139.5327388,35.3110463]]},"properties":{"edge_u":"3937261799","edge_v":"3937261800","avg_max_density":0.0704,"run_count":50,"level":"low"}},{"type":"Feature","geometry":{"type":"LineString","coordinates":[[139.5491871,35.3144751],[139.5492263,35.3145681]]},"properties":{"edge_u":"3937261817","edge_v":"3937261819","avg_max_density":0.1885,"run_count":50,"level":"low"}},{"type":"Feature","geometry":{"type":"LineString","coordinates":[[139.5518073,35.3188673],[139.5518539,35.3189453]]},"properties":{"edge_u":"3937261821","edge_v":"6615779041","avg_max_density":0.5316,"run_count":50,"level":"medium"}},{"type":"Feature","geometry":{"type":"LineString","coordinates":[[139.5518073,35.3188673],[139.5517627,35.3187887]]},"properties":{"edge_u":"3937261821","edge_v":"6652594198","avg_max_density":0.4848,"run_count":50,"level":"low"}},{"type":"Feature","geometry":{"type":"LineString","coordinates":[[139.5354432,35.3093382],[139.535422,35.3094023]]},"properties":{"edge_u":"3937261828","edge_v":"3937309261","avg_max_density":0.0962,"run_count":50,"level":"low"}},{"type":"Feature","geometry":{"type":"LineString","coordinates":[[139.5389723,35.3103145],[139.5389802,35.3103657]]},"properties":{"edge_u":"3937261855","edge_v":"3937309284","avg_max_density":0.0958,"run_count":50,"level":"low"}},{"type":"Feature","geometry":{"type":"LineString","coordinates":[[139.5020987,35.3066614],[139.5008577,35.30678]]},"properties":{"edge_u":"3937277730","edge_v":"3937277732","avg_max_density":0.0232,"run_count":50,"level":"low"}},{"type":"Feature","geometry":{"type":"LineString","coordinates":[[139.5020987,35.3066614],[139.5020868,35.3065566]]},"properties":{"edge_u":"3937277730","edge_v":"3937309158","avg_max_density":0.0766,"run_count":50,"level":"low"}},{"type":"Feature","geometry":{"type":"LineString","coordinates":[[139.5020987,35.3066614],[139.5021094,35.3067529]]},"properties":{"edge_u":"3937277730","edge_v":"4347526786","avg_max_density":0.0675,"run_count":50,"level":"low"}},{"type":"Feature","geometry":{"type":"LineString","coordinates":[[139.5008577,35.30678],[139.500842,35.3066985]]},"properties":{"edge_u":"3937277732","edge_v":"5746228805","avg_max_density":0.0764,"run_count":50,"level":"low"}},{"type":"Feature","geometry":{"type":"LineString","coordinates":[[139.5266917,35.3028488],[139.5245495,35.3029448]]},"properties":{"edge_u":"3937309093","edge_v":"3937309097","avg_max_density":0.1007,"run_count":50,"level":"low"}},{"type":"Feature","geometry":{"type":"LineString","coordinates":[[139.5245495,35.3029448],[139.5248567,35.3033045]]},"properties":{"edge_u":"3937309097","edge_v":"759646297","avg_max_density":0.167,"run_count":50,"level":"low"}},{"type":"Feature","geometry":{"type":"LineString","coordinates":[[139.5232156,35.3032077],[139.5226279,35.3033274]]},"properties":{"edge_u":"3937309099","edge_v":"3937309107","avg_max_density":0.1863,"run_count":50,"level":"low"}},{"type":"Feature","geometry":{"type":"LineString","coordinates":[[139.5226026,35.3032373],[139.5224751,35.303259]]},"properties":{"edge_u":"3937309100","edge_v":"3937309101","avg_max_density":0.3993,"run_count":50,"level":"low"}},{"type":"Feature","geometry":{"type":"LineString","coordinates":[[139.5226026,35.3032373],[139.5226164,35.3032853]]},"properties":{"edge_u":"3937309100","edge_v":"3937309104","avg_max_density":0.4068,"run_count":50,"level":"low"}},{"type":"Feature","geometry":{"type":"LineString","coordinates":[[139.5224751,35.303259],[139.5224882,35.3033056]]},"properties":{"edge_u":"3937309101","edge_v":"3937309106","avg_max_density":0.3518,"run_count":50,"level":"low"}},{"type":"Feature","geometry":{"type":"LineString","coordinates":[[139.5224751,35.303259],[139.5224538,35.3031979]]},"properties":{"edge_u":"3937309101","edge_v":"6637051447","avg_max_density":0.4681,"run_count":50,"level":"low"}},{"type":"Feature","geometry":{"type":"LineString","coordinates":[[139.5226164,35.3032853],[139.5226279,35.3033274]]},"properties":{"edge_u":"3937309104","edge_v":"3937309107","avg_max_density":0.7985,"run_count":50,"level":"medium"}},{"type":"Feature","geometry":{"type":"LineString","coordinates":[[139.5224882,35.3033056],[139.5225012,35.3033522]]},"properties":{"edge_u":"3937309106","edge_v":"3937309111","avg_max_density":0.3105,"run_count":50,"level":"low"}},{"type":"Feature","geometry":{"type":"LineString","coordinates":[[139.5226279,35.3033274],[139.5225465,35.3033411]]},"properties":{"edge_u":"3937309107","edge_v":"3937309110","avg_max_density":0.4124,"run_count":50,"level":"low"}},{"type":"Feature","geometry":{"type":"LineString","coordinates":[[139.5225465,35.3033411],[139.5225012,35.3033522]]},"properties":{"edge_u":"3937309110","edge_v":"3937309111","avg_max_density":0.2843,"run_count":50,"level":"low"}},{"type":"Feature","geometry":{"type":"LineString","coordinates":[[139.5225465,35.3033411],[139.5227479,35.303577]]},"properties":{"edge_u":"3937309110","edge_v":"723776544","avg_max_density":0.0566,"run_count":50,"level":"low"}},{"type":"Feature","geometry":{"type":"LineString","coordinates":[[139.5215154,35.3034204],[139.5210086,35.3033971]]},"properties":{"edge_u":"3937309115","edge_v":"6637051444","avg_max_density":0.0523,"run_count":50,"level":"low"}},{"type":"Feature","geometry":{"type":"LineString","coordinates":[[139.5215154,35.3034204],[139.521681,35.3037766]]},"properties":{"edge_u":"3937309115","edge_v":"759648529","avg_max_density":0.047,"run_count":50,"level":"low"}},{"type":"Feature","geometry":{"type":"LineString","coordinates":[[139.5186546,35.303422],[139.5149855,35.304207]]},"properties":{"edge_u":"3937309116","edge_v":"723776685","avg_max_density":0.2127,"run_count":50,"level":"low"}},{"type":"Feature","geometry":{"type":"LineString","coordinates":[[139.5186546,35.303422],[139.5187569,35.3039167]]},"properties":{"edge_u":"3937309116","edge_v":"723776807","avg_max_density":0.0401,"run_count":50,"level":"low"}},{"type":"Feature","geometry":{"type":"LineString","coordinates":[[139.5140392,35.3044864],[139.5149855,35.304207]]},"properties":{"edge_u":"3937309128","edge_v":"723776685","avg_max_density":0.6765,"run_count":50,"level":"medium"}},{"type":"Feature","geometry":{"type":"LineString","coordinates":[[139.5097046,35.3054415],[139.5066101,35.3060274]]},"properties":{"edge_u":"3937309133","edge_v":"3937309142","avg_max_density":0.5631,"run_count":50,"level":"medium"}},{"type":"Feature","geometry":{"type":"LineString","coordinates":[[139.5097046,35.3054415],[139.5097801,35.3054338]]},"properties":{"edge_u":"3937309133","edge_v":"9896186209","avg_max_density":0.5084,"run_count":50,"level":"medium"}},{"type":"Feature","geometry":{"type":"LineString","coordinates":[[139.506553,35.3059729],[139.5066101,35.3060274]]},"properties":{"edge_u":"3937309140","edge_v":"3937309142","avg_max_density":0.5089,"run_count":50,"level":"medium"}},{"type":"Feature","geometry":{"type":"LineString","coordinates":[[139.4950749,35.3066568],[139.4964701,35.3067175]]},"properties":{"edge_u":"3937309169","edge_v":"3937309178","avg_max_density":0.8099,"run_count":50,"level":"medium"}},{"type":"Feature","geometry":{"type":"LineString","coordinates":[[139.4964701,35.3067175],[139.4965483,35.3071159]]},"properties":{"edge_u":"3937309178","edge_v":"6738037936","avg_max_density":0.4176,"run_count":50,"level":"low"}},{"type":"Feature","geometry":{"type":"LineString","coordinates":[[139.5335829,35.308029],[139.5338513,35.3088263]]},"properties":{"edge_u":"3937309212","edge_v":"3937309252","avg_max_density":0.072,"run_count":50,"level":"low"}},{"type":"Feature","geometry":{"type":"LineString","coordinates":[[139.5338513,35.3088263],[139.5342188,35.3090409]]},"properties":{"edge_u":"3937309252","edge_v":"3937309255","avg_max_density":0.2479,"run_count":50,"level":"low"}},{"type":"Feature","geometry":{"type":"LineString","coordinates":[[139.5342188,35.3090409],[139.5346187,35.3091688]]},"properties":{"edge_u":"3937309255","edge_v":"3937309256","avg_max_density":0.2638,"run_count":50,"level":"low"}},{"type":"Feature","geometry":{"type":"LineString","coordinates":[[139.5347394,35.3092048],[139.5353708,35.3093749]]},"properties":{"edge_u":"3937309257","edge_v":"3937309260","avg_max_density":0.1841,"run_count":50,"level":"low"}},{"type":"Feature","geometry":{"type":"LineString","coordinates":[[139.5354095,35.3092731],[139.5372833,35.3099137]]},"properties":{"edge_u":"3937309258","edge_v":"3937309265","avg_max_density":0.3495,"run_count":50,"level":"low"}},{"type":"Feature","geometry":{"type":"LineString","coordinates":[[139.5353708,35.3093749],[139.535422,35.3094023]]},"properties":{"edge_u":"3937309260","edge_v":"3937309261","avg_max_density":0.5334,"run_count":50,"level":"medium"}},{"type":"Feature","geometry":{"type":"LineString","coordinates":[[139.535422,35.3094023],[139.5365028,35.3097283]]},"properties":{"edge_u":"3937309261","edge_v":"3937309263","avg_max_density":0.1756,"run_count":50,"level":"low"}},{"type":"Feature","geometry":{"type":"LineString","coordinates":[[139.5365028,35.3097283],[139.5372379,35.3100059]]},"properties":{"edge_u":"3937309263","edge_v":"3937309269","avg_max_density":12.8113,"run_count":50,"level":"high"}},{"type":"Feature","geometry":{"type":"LineString","coordinates":[[139.5365028,35.3097283],[139.5363827,35.3101323]]},"properties":{"edge_u":"3937309263","edge_v":"4503373713","avg_max_density":7.0433,"run_count":50,"level":"high"}},{"type":"Feature","geometry":{"type":"LineString","coordinates":[[139.5372833,35.3099137],[139.537262,35.3099603]]},"properties":{"edge_u":"3937309265","edge_v":"3937309268","avg_max_density":26.9438,"run_count":50,"level":"high"}},{"type":"Feature","geometry":{"type":"LineString","coordinates":[[139.5372833,35.3099137],[139.5388689,35.3102636]]},"properties":{"edge_u":"3937309265","edge_v":"3937309277","avg_max_density":0.6415,"run_count":50,"level":"medium"}},{"type":"Feature","geometry":{"type":"LineString","coordinates":[[139.537262,35.3099603],[139.5372379,35.3100059]]},"properties":{"edge_u":"3937309268","edge_v":"3937309269","avg_max_density":26.9035,"run_count":50,"level":"high"}},{"type":"Feature","geometry":{"type":"LineString","coordinates":[[139.5372379,35.3100059],[139.5373163,35.3100873]]},"properties":{"edge_u":"3937309269","edge_v":"3937309271","avg_max_density":0.7852,"run_count":50,"level":"medium"}},{"type":"Feature","geometry":{"type":"LineString","coordinates":[[139.5373163,35.3100873],[139.5378558,35.3102137]]},"properties":{"edge_u":"3937309271","edge_v":"3937309274","avg_max_density":0.3247,"run_count":50,"level":"low"}},{"type":"Feature","geometry":{"type":"LineString","coordinates":[[139.5378558,35.3102137],[139.5384026,35.3103308]]},"properties":{"edge_u":"3937309274","edge_v":"3937309280","avg_max_density":7.0857,"run_count":50,"level":"high"}},{"type":"Feature","geometry":{"type":"LineString","coordinates":[[139.5390369,35.3102445],[139.5388689,35.3102636]]},"properties":{"edge_u":"3937309276","edge_v":"3937309277","avg_max_density":0.384,"run_count":50,"level":"low"}},{"type":"Feature","geometry":{"type":"LineString","coordinates":[[139.5390369,35.3102445],[139.5390582,35.3103008]]},"properties":{"edge_u":"3937309276","edge_v":"3937309279","avg_max_density":0.3541,"run_count":50,"level":"low"}},{"type":"Feature","geometry":{"type":"LineString","coordinates":[[139.5388689,35.3102636],[139.5388717,35.3103222]]},"properties":{"edge_u":"3937309277","edge_v":"3937309281","avg_max_density":0.3174,"run_count":50,"level":"low"}},{"type":"Feature","geometry":{"type":"LineString","coordinates":[[139.5390582,35.3103008],[139.539076,35.3103469]]},"properties":{"edge_u":"3937309279","edge_v":"3937309282","avg_max_density":0.387,"run_count":50,"level":"low"}},{"type":"Feature","geometry":{"type":"LineString","coordinates":[[139.5384026,35.3103308],[139.5388692,35.3103649]]},"properties":{"edge_u":"3937309280","edge_v":"3937309285","avg_max_density":0.2296,"run_count":50,"level":"low"}},{"type":"Feature","geometry":{"type":"LineString","coordinates":[[139.5388717,35.3103222],[139.5388692,35.3103649]]},"properties":{"edge_u":"3937309281","edge_v":"3937309285","avg_max_density":0.3619,"run_count":50,"level":"low"}},{"type":"Feature","geometry":{"type":"LineString","coordinates":[[139.539076,35.3103469],[139.5389802,35.3103657]]},"properties":{"edge_u":"3937309282","edge_v":"3937309284","avg_max_density":0.2474,"run_count":50,"level":"low"}},{"type":"Feature","geometry":{"type":"LineString","coordinates":[[139.5389802,35.3103657],[139.5388692,35.3103649]]},"properties":{"edge_u":"3937309284","edge_v":"3937309285","avg_max_density":0.3109,"run_count":50,"level":"low"}},{"type":"Feature","geometry":{"type":"LineString","coordinates":[[139.544192,35.313482],[139.544029,35.313636]]},"properties":{"edge_u":"3974639074","edge_v":"5692291764","avg_max_density":0.0362,"run_count":50,"level":"low"}},{"type":"Feature","geometry":{"type":"LineString","coordinates":[[139.544192,35.313482],[139.5442738,35.3132267]]},"properties":{"edge_u":"3974639074","edge_v":"6620539200","avg_max_density":0.0528,"run_count":50,"level":"low"}},{"type":"Feature","geometry":{"type":"LineString","coordinates":[[139.5496084,35.3071384],[139.5495945,35.3068004]]},"properties":{"edge_u":"4027310728","edge_v":"4027310729","avg_max_density":0.0678,"run_count":50,"level":"low"}},{"type":"Feature","geometry":{"type":"LineString","coordinates":[[139.5495945,35.3068004],[139.5495337,35.3067967]]},"properties":{"edge_u":"4027310729","edge_v":"5692253015","avg_max_density":0.1338,"run_count":50,"level":"low"}},{"type":"Feature","geometry":{"type":"LineString","coordinates":[[139.5370969,35.3134191],[139.5366148,35.3133735]]},"properties":{"edge_u":"4035803504","edge_v":"4035803514","avg_max_density":0.149,"run_count":50,"level":"low"}},{"type":"Feature","geometry":{"type":"LineString","coordinates":[[139.5370969,35.3134191],[139.537098,35.3133638]]},"properties":{"edge_u":"4035803504","edge_v":"4035803518","avg_max_density":0.1748,"run_count":50,"level":"low"}},{"type":"Feature","geometry":{"type":"LineString","coordinates":[[139.5366148,35.3133735],[139.5365365,35.3133325]]},"properties":{"edge_u":"4035803514","edge_v":"4910492106","avg_max_density":0.0472,"run_count":50,"level":"low"}},{"type":"Feature","geometry":{"type":"LineString","coordinates":[[139.5366148,35.3133735],[139.5365663,35.3134848]]},"properties":{"edge_u":"4035803514","edge_v":"6632502112","avg_max_density":0.0685,"run_count":50,"level":"low"}},{"type":"Feature","geometry":{"type":"LineString","coordinates":[[139.5401438,35.3136419],[139.5402638,35.3136618]]},"properties":{"edge_u":"4035803519","edge_v":"6631051688","avg_max_density":0.05,"run_count":50,"level":"low"}},{"type":"Feature","geometry":{"type":"LineString","coordinates":[[139.5344059,35.3138598],[139.5344743,35.3138583]]},"properties":{"edge_u":"4035816516","edge_v":"6632502108","avg_max_density":0.1546,"run_count":50,"level":"low"}},{"type":"Feature","geometry":{"type":"LineString","coordinates":[[139.5343818,35.3131388],[139.5342871,35.3135696]]},"properties":{"edge_u":"4035816517","edge_v":"4035816519","avg_max_density":0.0563,"run_count":50,"level":"low"}},{"type":"Feature","geometry":{"type":"LineString","coordinates":[[139.547626,35.3165242],[139.5480192,35.3166936]]},"properties":{"edge_u":"4120581080","edge_v":"4120581082","avg_max_density":0.0503,"run_count":50,"level":"low"}},{"type":"Feature","geometry":{"type":"LineString","coordinates":[[139.5478148,35.3152795],[139.5477471,35.3151673]]},"properties":{"edge_u":"4120581085","edge_v":"6601496678","avg_max_density":0.2754,"run_count":50,"level":"low"}},{"type":"Feature","geometry":{"type":"LineString","coordinates":[[139.548114,35.3151457],[139.5493607,35.3147838]]},"properties":{"edge_u":"4120581189","edge_v":"4120581193","avg_max_density":0.0605,"run_count":50,"level":"low"}},{"type":"Feature","geometry":{"type":"LineString","coordinates":[[139.5493607,35.3147838],[139.5494639,35.3147482]]},"properties":{"edge_u":"4120581193","edge_v":"4120581194","avg_max_density":0.0886,"run_count":50,"level":"low"}},{"type":"Feature","geometry":{"type":"LineString","coordinates":[[139.5493607,35.3147838],[139.5496058,35.315174]]},"properties":{"edge_u":"4120581193","edge_v":"6616256326","avg_max_density":0.1536,"run_count":50,"level":"low"}},{"type":"Feature","geometry":{"type":"LineString","coordinates":[[139.5493607,35.3147838],[139.5492956,35.3146756]]},"properties":{"edge_u":"4120581193","edge_v":"6654531555","avg_max_density":0.4499,"run_count":50,"level":"low"}},{"type":"Feature","geometry":{"type":"LineString","coordinates":[[139.5494639,35.3147482],[139.5497003,35.3151408]]},"properties":{"edge_u":"4120581194","edge_v":"6616256327","avg_max_density":0.0563,"run_count":50,"level":"low"}},{"type":"Feature","geometry":{"type":"LineString","coordinates":[[139.5494639,35.3147482],[139.5494167,35.3146686]]},"properties":{"edge_u":"4120581194","edge_v":"6654531557","avg_max_density":0.0877,"run_count":50,"level":"low"}},{"type":"Feature","geometry":{"type":"LineString","coordinates":[[139.5248225,35.30571],[139.5249322,35.3054825]]},"properties":{"edge_u":"4210077905","edge_v":"723776449","avg_max_density":0.0265,"run_count":50,"level":"low"}},{"type":"Feature","geometry":{"type":"LineString","coordinates":[[139.5338808,35.3094659],[139.5336423,35.3098587]]},"properties":{"edge_u":"4210089952","edge_v":"4210089956","avg_max_density":0.2351,"run_count":50,"level":"low"}},{"type":"Feature","geometry":{"type":"LineString","coordinates":[[139.5336423,35.3098587],[139.5334232,35.309816]]},"properties":{"edge_u":"4210089956","edge_v":"6707996874","avg_max_density":0.0714,"run_count":50,"level":"low"}},{"type":"Feature","geometry":{"type":"LineString","coordinates":[[139.5020798,35.3070168],[139.5021094,35.3067529]]},"properties":{"edge_u":"4347526780","edge_v":"4347526786","avg_max_density":0.0413,"run_count":50,"level":"low"}},{"type":"Feature","geometry":{"type":"LineString","coordinates":[[139.5023736,35.3068167],[139.5021094,35.3067529]]},"properties":{"edge_u":"4347526783","edge_v":"4347526786","avg_max_density":0.0187,"run_count":50,"level":"low"}},{"type":"Feature","geometry":{"type":"LineString","coordinates":[[139.5363827,35.3101323],[139.5367637,35.3101273]]},"properties":{"edge_u":"4503373713","edge_v":"4504260942","avg_max_density":0.2466,"run_count":50,"level":"low"}},{"type":"Feature","geometry":{"type":"LineString","coordinates":[[139.5495624,35.3131639],[139.5493902,35.3128465]]},"properties":{"edge_u":"4504260936","edge_v":"4504260957","avg_max_density":0.0623,"run_count":50,"level":"low"}},{"type":"Feature","geometry":{"type":"LineString","coordinates":[[139.5367637,35.3101273],[139.5368188,35.3104304]]},"properties":{"edge_u":"4504260942","edge_v":"4504260964","avg_max_density":0.2225,"run_count":50,"level":"low"}},{"type":"Feature","geometry":{"type":"LineString","coordinates":[[139.5493902,35.3128465],[139.5485906,35.3131466]]},"properties":{"edge_u":"4504260957","edge_v":"4679974893","avg_max_density":0.0938,"run_count":50,"level":"low"}},{"type":"Feature","geometry":{"type":"LineString","coordinates":[[139.552558,35.3200687],[139.5523374,35.3201662]]},"properties":{"edge_u":"4504329140","edge_v":"606299767","avg_max_density":0.2425,"run_count":50,"level":"low"}},{"type":"Feature","geometry":{"type":"LineString","coordinates":[[139.552558,35.3200687],[139.5526337,35.3200394]]},"properties":{"edge_u":"4504329140","edge_v":"606299777","avg_max_density":0.7538,"run_count":50,"level":"medium"}},{"type":"Feature","geometry":{"type":"LineString","coordinates":[[139.552558,35.3200687],[139.5523717,35.3197577]]},"properties":{"edge_u":"4504329140","edge_v":"6654573003","avg_max_density":0.4629,"run_count":50,"level":"low"}},{"type":"Feature","geometry":{"type":"LineString","coordinates":[[139.552558,35.3200687],[139.552856,35.3205333]]},"properties":{"edge_u":"4504329140","edge_v":"682659559","avg_max_density":0.2581,"run_count":50,"level":"low"}},{"type":"Feature","geometry":{"type":"LineString","coordinates":[[139.5523556,35.3197316],[139.5522036,35.3194936]]},"properties":{"edge_u":"4504329143","edge_v":"4504329149","avg_max_density":0.4888,"run_count":50,"level":"low"}},{"type":"Feature","geometry":{"type":"LineString","coordinates":[[139.5523556,35.3197316],[139.5523717,35.3197577]]},"properties":{"edge_u":"4504329143","edge_v":"6654573003","avg_max_density":0.7202,"run_count":50,"level":"medium"}},{"type":"Feature","geometry":{"type":"LineString","coordinates":[[139.5536852,35.3217436],[139.5537471,35.3217118]]},"properties":{"edge_u":"4504329144","edge_v":"4504329150","avg_max_density":0.2079,"run_count":50,"level":"low"}},{"type":"Feature","geometry":{"type":"LineString","coordinates":[[139.5536852,35.3217436],[139.5530148,35.3206715]]},"properties":{"edge_u":"4504329144","edge_v":"606299781","avg_max_density":0.0101,"run_count":50,"level":"low"}},{"type":"Feature","geometry":{"type":"LineString","coordinates":[[139.5536852,35.3217436],[139.553704,35.3217737]]},"properties":{"edge_u":"4504329144","edge_v":"6654573000","avg_max_density":0.0303,"run_count":43,"level":"low"}},{"type":"Feature","geometry":{"type":"LineString","coordinates":[[139.5538111,35.3216884],[139.5537471,35.3217118]]},"properties":{"edge_u":"4504329145","edge_v":"4504329150","avg_max_density":0.121,"run_count":50,"level":"low"}},{"type":"Feature","geometry":{"type":"LineString","coordinates":[[139.5538111,35.3216884],[139.5531226,35.3205568]]},"properties":{"edge_u":"4504329145","edge_v":"4909921309","avg_max_density":0.0106,"run_count":50,"level":"low"}},{"type":"Feature","geometry":{"type":"LineString","coordinates":[[139.5522036,35.3194936],[139.5514676,35.319775]]},"properties":{"edge_u":"4504329149","edge_v":"606299769","avg_max_density":0.0692,"run_count":50,"level":"low"}},{"type":"Feature","geometry":{"type":"LineString","coordinates":[[139.5522036,35.3194936],[139.5518715,35.3189729]]},"properties":{"edge_u":"4504329149","edge_v":"6652594200","avg_max_density":0.4118,"run_count":50,"level":"low"}},{"type":"Feature","geometry":{"type":"LineString","coordinates":[[139.5537471,35.3217118],[139.5537676,35.3217454]]},"properties":{"edge_u":"4504329150","edge_v":"6654572998","avg_max_density":0.1672,"run_count":48,"level":"low"}},{"type":"Feature","geometry":{"type":"LineString","coordinates":[[139.5529537,35.3206992],[139.5530148,35.3206715]]},"properties":{"edge_u":"4504329151","edge_v":"606299781","avg_max_density":0.0528,"run_count":50,"level":"low"}},{"type":"Feature","geometry":{"type":"LineString","coordinates":[[139.5529537,35.3206992],[139.5524628,35.3209048]]},"properties":{"edge_u":"4504329151","edge_v":"606299782","avg_max_density":0.0215,"run_count":50,"level":"low"}},{"type":"Feature","geometry":{"type":"LineString","coordinates":[[139.5529537,35.3206992],[139.552856,35.3205333]]},"properties":{"edge_u":"4504329151","edge_v":"682659559","avg_max_density":0.1764,"run_count":50,"level":"low"}},{"type":"Feature","geometry":{"type":"LineString","coordinates":[[139.5510558,35.3091847],[139.5512013,35.3092451]]},"properties":{"edge_u":"4519778562","edge_v":"6618030414","avg_max_density":0.1229,"run_count":50,"level":"low"}},{"type":"Feature","geometry":{"type":"LineString","coordinates":[[139.541651,35.3125927],[139.5415657,35.3123766]]},"properties":{"edge_u":"4550104764","edge_v":"6631051685","avg_max_density":0.2874,"run_count":50,"level":"low"}},{"type":"Feature","geometry":{"type":"LineString","coordinates":[[139.5510933,35.3181625],[139.5513701,35.3180664]]},"properties":{"edge_u":"4558179229","edge_v":"4558179238","avg_max_density":0.1543,"run_count":50,"level":"low"}},{"type":"Feature","geometry":{"type":"LineString","coordinates":[[139.5513701,35.3180664],[139.5513772,35.3180896]]},"properties":{"edge_u":"4558179238","edge_v":"6654360470","avg_max_density":1.0004,"run_count":50,"level":"medium"}},{"type":"Feature","geometry":{"type":"LineString","coordinates":[[139.5512679,35.3193627],[139.5512719,35.3189787]]},"properties":{"edge_u":"4558184994","edge_v":"6615779034","avg_max_density":0.0619,"run_count":50,"level":"low"}},{"type":"Feature","geometry":{"type":"LineString","coordinates":[[139.5512679,35.3193627],[139.5501363,35.3194144]]},"properties":{"edge_u":"4558184994","edge_v":"6615779038","avg_max_density":0.1153,"run_count":50,"level":"low"}},{"type":"Feature","geometry":{"type":"LineString","coordinates":[[139.5512679,35.3193627],[139.5514109,35.3196544]]},"properties":{"edge_u":"4558184994","edge_v":"6646343610","avg_max_density":0.0222,"run_count":50,"level":"low"}},{"type":"Feature","geometry":{"type":"LineString","coordinates":[[139.5388904,35.312246],[139.5385562,35.3120437]]},"properties":{"edge_u":"4572823677","edge_v":"5735676610","avg_max_density":0.104,"run_count":50,"level":"low"}},{"type":"Feature","geometry":{"type":"LineString","coordinates":[[139.555655,35.312224],[139.5559794,35.3119751]]},"properties":{"edge_u":"4585121307","edge_v":"6609243097","avg_max_density":0.0305,"run_count":50,"level":"low"}},{"type":"Feature","geometry":{"type":"LineString","coordinates":[[139.5537906,35.3141318],[139.5538684,35.3142916]]},"properties":{"edge_u":"4585278148","edge_v":"4585278149","avg_max_density":0.0696,"run_count":50,"level":"low"}},{"type":"Feature","geometry":{"type":"LineString","coordinates":[[139.5537906,35.3141318],[139.5536359,35.3141852]]},"properties":{"edge_u":"4585278148","edge_v":"6604098951","avg_max_density":0.0604,"run_count":50,"level":"low"}},{"type":"Feature","geometry":{"type":"LineString","coordinates":[[139.5538684,35.3142916],[139.5537579,35.3143296]]},"properties":{"edge_u":"4585278149","edge_v":"6604098952","avg_max_density":0.0685,"run_count":50,"level":"low"}},{"type":"Feature","geometry":{"type":"LineString","coordinates":[[139.5538684,35.3142916],[139.5539573,35.3144532]]},"properties":{"edge_u":"4585278149","edge_v":"6629390462","avg_max_density":0.0903,"run_count":50,"level":"low"}},{"type":"Feature","geometry":{"type":"LineString","coordinates":[[139.5249603,35.3053085],[139.5251609,35.3050288]]},"properties":{"edge_u":"4597660353","edge_v":"6635019043","avg_max_density":0.0477,"run_count":50,"level":"low"}},{"type":"Feature","geometry":{"type":"LineString","coordinates":[[139.5517958,35.3045687],[139.5520602,35.3043184]]},"properties":{"edge_u":"4651526875","edge_v":"4651526883","avg_max_density":0.2109,"run_count":50,"level":"low"}},{"type":"Feature","geometry":{"type":"LineString","coordinates":[[139.5517958,35.3045687],[139.5517113,35.3046376]]},"properties":{"edge_u":"4651526875","edge_v":"4651526885","avg_max_density":0.3524,"run_count":50,"level":"low"}},{"type":"Feature","geometry":{"type":"LineString","coordinates":[[139.5543667,35.3079899],[139.5538659,35.3081831]]},"properties":{"edge_u":"4651526880","edge_v":"6632598179","avg_max_density":0.049,"run_count":50,"level":"low"}},{"type":"Feature","geometry":{"type":"LineString","coordinates":[[139.5520602,35.3043184],[139.5523181,35.3039908]]},"properties":{"edge_u":"4651526883","edge_v":"8158059460","avg_max_density":0.2436,"run_count":50,"level":"low"}},{"type":"Feature","geometry":{"type":"LineString","coordinates":[[139.5540255,35.3074385],[139.5537051,35.3074839]]},"properties":{"edge_u":"4651527290","edge_v":"6636848199","avg_max_density":0.088,"run_count":50,"level":"low"}},{"type":"Feature","geometry":{"type":"LineString","coordinates":[[139.5507314,35.312072],[139.5507798,35.3121843]]},"properties":{"edge_u":"4679946981","edge_v":"6625312746","avg_max_density":0.2425,"run_count":50,"level":"low"}},{"type":"Feature","geometry":{"type":"LineString","coordinates":[[139.5509007,35.3168789],[139.550897,35.3167345]]},"properties":{"edge_u":"4679974584","edge_v":"6652594210","avg_max_density":0.1438,"run_count":50,"level":"low"}},{"type":"Feature","geometry":{"type":"LineString","coordinates":[[139.5509007,35.3168789],[139.5507887,35.316765]]},"properties":{"edge_u":"4679974584","edge_v":"6652594219","avg_max_density":0.4445,"run_count":50,"level":"low"}},{"type":"Feature","geometry":{"type":"LineString","coordinates":[[139.5479254,35.3121289],[139.5476103,35.311608]]},"properties":{"edge_u":"4679974585","edge_v":"4679974914","avg_max_density":0.1128,"run_count":50,"level":"low"}},{"type":"Feature","geometry":{"type":"LineString","coordinates":[[139.5479254,35.3121289],[139.5483438,35.3127986]]},"properties":{"edge_u":"4679974585","edge_v":"4679974919","avg_max_density":0.0864,"run_count":50,"level":"low"}},{"type":"Feature","geometry":{"type":"LineString","coordinates":[[139.5470537,35.3107937],[139.5470953,35.3108463]]},"properties":{"edge_u":"4679974890","edge_v":"6654353353","avg_max_density":1.4107,"run_count":50,"level":"medium"}},{"type":"Feature","geometry":{"type":"LineString","coordinates":[[139.5485906,35.3131466],[139.5483438,35.3127986]]},"properties":{"edge_u":"4679974893","edge_v":"4679974919","avg_max_density":0.0885,"run_count":50,"level":"low"}},{"type":"Feature","geometry":{"type":"LineString","coordinates":[[139.549517,35.3175197],[139.5500832,35.3173422]]},"properties":{"edge_u":"4679974898","edge_v":"4679974908","avg_max_density":0.0663,"run_count":50,"level":"low"}},{"type":"Feature","geometry":{"type":"LineString","coordinates":[[139.5502186,35.3157948],[139.5507887,35.316765]]},"properties":{"edge_u":"4679974905","edge_v":"6652594219","avg_max_density":0.4332,"run_count":50,"level":"low"}},{"type":"Feature","geometry":{"type":"LineString","coordinates":[[139.5502186,35.3157948],[139.5501139,35.3158316]]},"properties":{"edge_u":"4679974905","edge_v":"6654531544","avg_max_density":0.195,"run_count":50,"level":"low"}},{"type":"Feature","geometry":{"type":"LineString","coordinates":[[139.5502186,35.3157948],[139.5501658,35.3157216]]},"properties":{"edge_u":"4679974905","edge_v":"6654531550","avg_max_density":0.4451,"run_count":50,"level":"low"}},{"type":"Feature","geometry":{"type":"LineString","coordinates":[[139.5476103,35.311608],[139.5473264,35.3111932]]},"properties":{"edge_u":"4679974914","edge_v":"4679974923","avg_max_density":0.1914,"run_count":50,"level":"low"}},{"type":"Feature","geometry":{"type":"LineString","coordinates":[[139.5483438,35.3127986],[139.5488763,35.3125426]]},"properties":{"edge_u":"4679974919","edge_v":"6542975057","avg_max_density":0.0468,"run_count":50,"level":"low"}},{"type":"Feature","geometry":{"type":"LineString","coordinates":[[139.5473264,35.3111932],[139.5471741,35.3109536]]},"properties":{"edge_u":"4679974923","edge_v":"6654531566","avg_max_density":0.3025,"run_count":50,"level":"low"}},{"type":"Feature","geometry":{"type":"LineString","coordinates":[[139.5490116,35.3184218],[139.5491256,35.3186111]]},"properties":{"edge_u":"4908753921","edge_v":"4908753924","avg_max_density":0.2209,"run_count":50,"level":"low"}},{"type":"Feature","geometry":{"type":"LineString","coordinates":[[139.5491779,35.3187697],[139.5491671,35.3187369]]},"properties":{"edge_u":"4908753922","edge_v":"4908753923","avg_max_density":0.2277,"run_count":50,"level":"low"}},{"type":"Feature","geometry":{"type":"LineString","coordinates":[[139.5491671,35.3187369],[139.5491256,35.3186111]]},"properties":{"edge_u":"4908753923","edge_v":"4908753924","avg_max_density":0.1374,"run_count":50,"level":"low"}},{"type":"Feature","geometry":{"type":"LineString","coordinates":[[139.5365945,35.3129956],[139.5365365,35.3133325]]},"properties":{"edge_u":"4909848785","edge_v":"4910492106","avg_max_density":0.0552,"run_count":50,"level":"low"}},{"type":"Feature","geometry":{"type":"LineString","coordinates":[[139.5365945,35.3129956],[139.5363752,35.3129687]]},"properties":{"edge_u":"4909848785","edge_v":"5735676606","avg_max_density":0.0606,"run_count":50,"level":"low"}},{"type":"Feature","geometry":{"type":"LineString","coordinates":[[139.5364004,35.311532],[139.5357655,35.3113614]]},"properties":{"edge_u":"4910492096","edge_v":"9976832483","avg_max_density":0.6562,"run_count":50,"level":"medium"}},{"type":"Feature","geometry":{"type":"LineString","coordinates":[[139.5361134,35.3132872],[139.5363041,35.3133076]]},"properties":{"edge_u":"4910492102","edge_v":"5735676605","avg_max_density":0.0685,"run_count":50,"level":"low"}},{"type":"Feature","geometry":{"type":"LineString","coordinates":[[139.5365365,35.3133325],[139.5363041,35.3133076]]},"properties":{"edge_u":"4910492106","edge_v":"5735676605","avg_max_density":0.0569,"run_count":50,"level":"low"}},{"type":"Feature","geometry":{"type":"LineString","coordinates":[[139.5402516,35.3146771],[139.5404509,35.3143019]]},"properties":{"edge_u":"4910506781","edge_v":"4910506782","avg_max_density":0.2431,"run_count":50,"level":"low"}},{"type":"Feature","geometry":{"type":"LineString","coordinates":[[139.5404509,35.3143019],[139.5403879,35.3142795]]},"properties":{"edge_u":"4910506782","edge_v":"4910507342","avg_max_density":0.1294,"run_count":50,"level":"low"}},{"type":"Feature","geometry":{"type":"LineString","coordinates":[[139.5406008,35.3137178],[139.5403879,35.3142795]]},"properties":{"edge_u":"4910507340","edge_v":"4910507342","avg_max_density":0.1597,"run_count":50,"level":"low"}},{"type":"Feature","geometry":{"type":"LineString","coordinates":[[139.5406008,35.3137178],[139.5402638,35.3136618]]},"properties":{"edge_u":"4910507340","edge_v":"6631051688","avg_max_density":0.0317,"run_count":50,"level":"low"}},{"type":"Feature","geometry":{"type":"LineString","coordinates":[[139.4960565,35.3114158],[139.4962416,35.3110832]]},"properties":{"edge_u":"5275322218","edge_v":"5275322219","avg_max_density":0.1277,"run_count":50,"level":"low"}},{"type":"Feature","geometry":{"type":"LineString","coordinates":[[139.4980715,35.3115147],[139.498088,35.3110631]]},"properties":{"edge_u":"5275322823","edge_v":"5275322827","avg_max_density":0.1484,"run_count":50,"level":"low"}},{"type":"Feature","geometry":{"type":"LineString","coordinates":[[139.522068,35.3057977],[139.522371,35.305795]]},"properties":{"edge_u":"5275322837","edge_v":"5275322838","avg_max_density":0.0324,"run_count":50,"level":"low"}},{"type":"Feature","geometry":{"type":"LineString","coordinates":[[139.522068,35.3057977],[139.5223653,35.3067149]]},"properties":{"edge_u":"5275322837","edge_v":"6590128309","avg_max_density":0.0436,"run_count":50,"level":"low"}},{"type":"Feature","geometry":{"type":"LineString","coordinates":[[139.522068,35.3057977],[139.5220308,35.3055846]]},"properties":{"edge_u":"5275322837","edge_v":"677437471","avg_max_density":0.1184,"run_count":50,"level":"low"}},{"type":"Feature","geometry":{"type":"LineString","coordinates":[[139.5006965,35.3149317],[139.4995783,35.3139435]]},"properties":{"edge_u":"5277818344","edge_v":"5698036341","avg_max_density":0.0268,"run_count":50,"level":"low"}},{"type":"Feature","geometry":{"type":"LineString","coordinates":[[139.5518031,35.3144746],[139.5515887,35.3152078]]},"properties":{"edge_u":"5351859443","edge_v":"6629390427","avg_max_density":0.2786,"run_count":50,"level":"low"}},{"type":"Feature","geometry":{"type":"LineString","coordinates":[[139.5516097,35.3152437],[139.5515887,35.3152078]]},"properties":{"edge_u":"5351859446","edge_v":"6629390427","avg_max_density":0.3104,"run_count":50,"level":"low"}},{"type":"Feature","geometry":{"type":"LineString","coordinates":[[139.5513798,35.3143434],[139.5515818,35.3142359]]},"properties":{"edge_u":"5351859448","edge_v":"5351859449","avg_max_density":0.2675,"run_count":50,"level":"low"}},{"type":"Feature","geometry":{"type":"LineString","coordinates":[[139.5513798,35.3143434],[139.5513362,35.3142688]]},"properties":{"edge_u":"5351859448","edge_v":"6604106625","avg_max_density":0.1567,"run_count":50,"level":"low"}},{"type":"Feature","geometry":{"type":"LineString","coordinates":[[139.5414963,35.3135397],[139.5414576,35.3138061]]},"properties":{"edge_u":"5468664492","edge_v":"5468664496","avg_max_density":0.0987,"run_count":50,"level":"low"}},{"type":"Feature","geometry":{"type":"LineString","coordinates":[[139.5352138,35.316472],[139.5353882,35.3163179]]},"properties":{"edge_u":"5627303149","edge_v":"5627303151","avg_max_density":0.0378,"run_count":46,"level":"low"}},{"type":"Feature","geometry":{"type":"LineString","coordinates":[[139.5353882,35.3163179],[139.5353584,35.3161908]]},"properties":{"edge_u":"5627303151","edge_v":"5627303152","avg_max_density":0.0461,"run_count":49,"level":"low"}},{"type":"Feature","geometry":{"type":"LineString","coordinates":[[139.5353882,35.3163179],[139.5355626,35.3166668]]},"properties":{"edge_u":"5627303151","edge_v":"8090655621","avg_max_density":0.1858,"run_count":50,"level":"low"}},{"type":"Feature","geometry":{"type":"LineString","coordinates":[[139.5353584,35.3161908],[139.5353375,35.3161123]]},"properties":{"edge_u":"5627303152","edge_v":"8499382579","avg_max_density":0.1074,"run_count":49,"level":"low"}},{"type":"Feature","geometry":{"type":"LineString","coordinates":[[139.5552467,35.3171656],[139.554615,35.3171779]]},"properties":{"edge_u":"5692252300","edge_v":"6597703086","avg_max_density":0.0128,"run_count":49,"level":"low"}},{"type":"Feature","geometry":{"type":"LineString","coordinates":[[139.5492121,35.3068029],[139.5495337,35.3067967]]},"properties":{"edge_u":"5692253012","edge_v":"5692253015","avg_max_density":0.0809,"run_count":50,"level":"low"}},{"type":"Feature","geometry":{"type":"LineString","coordinates":[[139.5547539,35.3057104],[139.5550178,35.3059389]]},"properties":{"edge_u":"5692253017","edge_v":"5692253019","avg_max_density":0.0366,"run_count":50,"level":"low"}},{"type":"Feature","geometry":{"type":"LineString","coordinates":[[139.5453542,35.3152829],[139.5461277,35.3149731]]},"properties":{"edge_u":"5692279148","edge_v":"5692279151","avg_max_density":0.0305,"run_count":50,"level":"low"}},{"type":"Feature","geometry":{"type":"LineString","coordinates":[[139.5447071,35.3142102],[139.5443825,35.314097]]},"properties":{"edge_u":"5692279154","edge_v":"6601518002","avg_max_density":0.0239,"run_count":50,"level":"low"}},{"type":"Feature","geometry":{"type":"LineString","coordinates":[[139.5470234,35.3155807],[139.5472666,35.3152543]]},"properties":{"edge_u":"5692291769","edge_v":"5692291772","avg_max_density":0.6419,"run_count":50,"level":"medium"}},{"type":"Feature","geometry":{"type":"LineString","coordinates":[[139.5470234,35.3155807],[139.5466232,35.3153265]]},"properties":{"edge_u":"5692291769","edge_v":"6654360101","avg_max_density":0.0578,"run_count":50,"level":"low"}},{"type":"Feature","geometry":{"type":"LineString","coordinates":[[139.510183,35.3063701],[139.5103348,35.3064275]]},"properties":{"edge_u":"5698004576","edge_v":"9976832488","avg_max_density":0.0705,"run_count":50,"level":"low"}},{"type":"Feature","geometry":{"type":"LineString","coordinates":[[139.4995783,35.3139435],[139.499531,35.3138957]]},"properties":{"edge_u":"5698036341","edge_v":"6726521989","avg_max_density":0.3755,"run_count":50,"level":"low"}},{"type":"Feature","geometry":{"type":"LineString","coordinates":[[139.5518798,35.3124336],[139.5521758,35.3127249]]},"properties":{"edge_u":"5698091559","edge_v":"6604115793","avg_max_density":0.0691,"run_count":50,"level":"low"}},{"type":"Feature","geometry":{"type":"LineString","coordinates":[[139.5522936,35.3128145],[139.5521758,35.3127249]]},"properties":{"edge_u":"5698091560","edge_v":"6604115793","avg_max_density":0.0579,"run_count":50,"level":"low"}},{"type":"Feature","geometry":{"type":"LineString","coordinates":[[139.5533529,35.3130115],[139.5527446,35.3132578]]},"properties":{"edge_u":"5698091561","edge_v":"5698091564","avg_max_density":0.0515,"run_count":50,"level":"low"}},{"type":"Feature","geometry":{"type":"LineString","coordinates":[[139.5533529,35.3130115],[139.5533463,35.3129405]]},"properties":{"edge_u":"5698091561","edge_v":"6604115809","avg_max_density":0.0648,"run_count":50,"level":"low"}},{"type":"Feature","geometry":{"type":"LineString","coordinates":[[139.5363041,35.3133076],[139.5363752,35.3129687]]},"properties":{"edge_u":"5735676605","edge_v":"5735676606","avg_max_density":0.2089,"run_count":50,"level":"low"}},{"type":"Feature","geometry":{"type":"LineString","coordinates":[[139.5363752,35.3129687],[139.5361357,35.3129393]]},"properties":{"edge_u":"5735676606","edge_v":"6695230600","avg_max_density":0.0347,"run_count":50,"level":"low"}},{"type":"Feature","geometry":{"type":"LineString","coordinates":[[139.5390074,35.3132436],[139.5391307,35.3125772]]},"properties":{"edge_u":"5735676612","edge_v":"5735676615","avg_max_density":0.0596,"run_count":50,"level":"low"}},{"type":"Feature","geometry":{"type":"LineString","coordinates":[[139.5501396,35.3107135],[139.5504246,35.3106509]]},"properties":{"edge_u":"5955290653","edge_v":"6611867162","avg_max_density":0.0662,"run_count":50,"level":"low"}},{"type":"Feature","geometry":{"type":"LineString","coordinates":[[139.550002,35.3103808],[139.550211,35.3103582]]},"properties":{"edge_u":"5955290657","edge_v":"5955290658","avg_max_density":0.138,"run_count":50,"level":"low"}},{"type":"Feature","geometry":{"type":"LineString","coordinates":[[139.5505633,35.3108033],[139.5507362,35.3108775]]},"properties":{"edge_u":"5955290659","edge_v":"5955290661","avg_max_density":0.1623,"run_count":50,"level":"low"}},{"type":"Feature","geometry":{"type":"LineString","coordinates":[[139.5507362,35.3108775],[139.5505543,35.3109402]]},"properties":{"edge_u":"5955290661","edge_v":"5955290662","avg_max_density":0.3183,"run_count":50,"level":"low"}},{"type":"Feature","geometry":{"type":"LineString","coordinates":[[139.5523374,35.3201662],[139.5521428,35.3202588]]},"properties":{"edge_u":"606299767","edge_v":"606299768","avg_max_density":0.0979,"run_count":50,"level":"low"}},{"type":"Feature","geometry":{"type":"LineString","coordinates":[[139.5523374,35.3201662],[139.5524018,35.3207665]]},"properties":{"edge_u":"606299767","edge_v":"606299774","avg_max_density":0.0751,"run_count":50,"level":"low"}},{"type":"Feature","geometry":{"type":"LineString","coordinates":[[139.5521428,35.3202588],[139.5518018,35.3204358]]},"properties":{"edge_u":"606299768","edge_v":"606299772","avg_max_density":0.1631,"run_count":50,"level":"low"}},{"type":"Feature","geometry":{"type":"LineString","coordinates":[[139.5521428,35.3202588],[139.5522987,35.3208009]]},"properties":{"edge_u":"606299768","edge_v":"606299776","avg_max_density":0.0332,"run_count":50,"level":"low"}},{"type":"Feature","geometry":{"type":"LineString","coordinates":[[139.5514676,35.319775],[139.5514109,35.3196544]]},"properties":{"edge_u":"606299769","edge_v":"6646343610","avg_max_density":0.0884,"run_count":50,"level":"low"}},{"type":"Feature","geometry":{"type":"LineString","coordinates":[[139.5514676,35.319775],[139.5514794,35.3197997]]},"properties":{"edge_u":"606299769","edge_v":"6646343615","avg_max_density":0.092,"run_count":47,"level":"low"}},{"type":"Feature","geometry":{"type":"LineString","coordinates":[[139.5511102,35.3203166],[139.5507004,35.3205423]]},"properties":{"edge_u":"606299770","edge_v":"606953675","avg_max_density":0.0182,"run_count":50,"level":"low"}},{"type":"Feature","geometry":{"type":"LineString","coordinates":[[139.5520938,35.3210519],[139.5520174,35.320898]]},"properties":{"edge_u":"606299771","edge_v":"606299775","avg_max_density":0.1806,"run_count":50,"level":"low"}},{"type":"Feature","geometry":{"type":"LineString","coordinates":[[139.5520938,35.3210519],[139.5524628,35.3209048]]},"properties":{"edge_u":"606299771","edge_v":"606299782","avg_max_density":0.021,"run_count":50,"level":"low"}},{"type":"Feature","geometry":{"type":"LineString","coordinates":[[139.5520938,35.3210519],[139.5516018,35.3212487]]},"properties":{"edge_u":"606299771","edge_v":"677291048","avg_max_density":0.0087,"run_count":49,"level":"low"}},{"type":"Feature","geometry":{"type":"LineString","coordinates":[[139.5518018,35.3204358],[139.5520174,35.320898]]},"properties":{"edge_u":"606299772","edge_v":"606299775","avg_max_density":0.1348,"run_count":50,"level":"low"}},{"type":"Feature","geometry":{"type":"LineString","coordinates":[[139.5518018,35.3204358],[139.5516878,35.32022]]},"properties":{"edge_u":"606299772","edge_v":"6646351844","avg_max_density":0.067,"run_count":50,"level":"low"}},{"type":"Feature","geometry":{"type":"LineString","coordinates":[[139.5524018,35.3207665],[139.5522987,35.3208009]]},"properties":{"edge_u":"606299774","edge_v":"606299776","avg_max_density":0.0561,"run_count":50,"level":"low"}},{"type":"Feature","geometry":{"type":"LineString","coordinates":[[139.5524018,35.3207665],[139.5524628,35.3209048]]},"properties":{"edge_u":"606299774","edge_v":"606299782","avg_max_density":0.1803,"run_count":50,"level":"low"}},{"type":"Feature","geometry":{"type":"LineString","coordinates":[[139.5520174,35.320898],[139.5522987,35.3208009]]},"properties":{"edge_u":"606299775","edge_v":"606299776","avg_max_density":0.0847,"run_count":50,"level":"low"}},{"type":"Feature","geometry":{"type":"LineString","coordinates":[[139.5526337,35.3200394],[139.5530148,35.3206715]]},"properties":{"edge_u":"606299777","edge_v":"606299781","avg_max_density":0.009,"run_count":50,"level":"low"}},{"type":"Feature","geometry":{"type":"LineString","coordinates":[[139.5524628,35.3209048],[139.552669,35.3214045]]},"properties":{"edge_u":"606299782","edge_v":"682730730","avg_max_density":0.0654,"run_count":50,"level":"low"}},{"type":"Feature","geometry":{"type":"LineString","coordinates":[[139.5541868,35.3225472],[139.5548657,35.3236746]]},"properties":{"edge_u":"606299798","edge_v":"6654572992","avg_max_density":0.0075,"run_count":50,"level":"low"}},{"type":"Feature","geometry":{"type":"LineString","coordinates":[[139.5541868,35.3225472],[139.553704,35.3217737]]},"properties":{"edge_u":"606299798","edge_v":"6654573000","avg_max_density":0.0024,"run_count":50,"level":"low"}},{"type":"Feature","geometry":{"type":"LineString","coordinates":[[139.5541868,35.3225472],[139.5541307,35.3225739]]},"properties":{"edge_u":"606299798","edge_v":"7967987906","avg_max_density":0.1019,"run_count":25,"level":"low"}},{"type":"Feature","geometry":{"type":"LineString","coordinates":[[139.5483646,35.3208489],[139.5482121,35.3203958]]},"properties":{"edge_u":"606953674","edge_v":"6600049175","avg_max_density":0.0224,"run_count":50,"level":"low"}},{"type":"Feature","geometry":{"type":"LineString","coordinates":[[139.5507004,35.3205423],[139.5507651,35.321502]]},"properties":{"edge_u":"606953675","edge_v":"677290850","avg_max_density":0.0048,"run_count":50,"level":"low"}},{"type":"Feature","geometry":{"type":"LineString","coordinates":[[139.5500642,35.3191808],[139.5502237,35.3194247]]},"properties":{"edge_u":"606972711","edge_v":"6615779023","avg_max_density":0.054,"run_count":50,"level":"low"}},{"type":"Feature","geometry":{"type":"LineString","coordinates":[[139.5500642,35.3191808],[139.550091,35.3190178]]},"properties":{"edge_u":"606972711","edge_v":"9974032192","avg_max_density":0.0943,"run_count":50,"level":"low"}},{"type":"Feature","geometry":{"type":"LineString","coordinates":[[139.5338889,35.3125238],[139.5338351,35.3124134]]},"properties":{"edge_u":"610371232","edge_v":"7913096120","avg_max_density":0.1907,"run_count":50,"level":"low"}},{"type":"Feature","geometry":{"type":"LineString","coordinates":[[139.5338889,35.3125238],[139.5338265,35.3125146]]},"properties":{"edge_u":"610371232","edge_v":"7965377508","avg_max_density":0.2451,"run_count":50,"level":"low"}},{"type":"Feature","geometry":{"type":"LineString","coordinates":[[139.5338889,35.3125238],[139.533964,35.3125404]]},"properties":{"edge_u":"610371232","edge_v":"7965377516","avg_max_density":0.1345,"run_count":50,"level":"low"}},{"type":"Feature","geometry":{"type":"LineString","coordinates":[[139.5338889,35.3125238],[139.5338182,35.3125679]]},"properties":{"edge_u":"610371232","edge_v":"7965377543","avg_max_density":0.2037,"run_count":50,"level":"low"}},{"type":"Feature","geometry":{"type":"LineString","coordinates":[[139.5526222,35.2997013],[139.5528956,35.2997792]]},"properties":{"edge_u":"6170211710","edge_v":"6170211711","avg_max_density":0.107,"run_count":50,"level":"low"}},{"type":"Feature","geometry":{"type":"LineString","coordinates":[[139.5525091,35.3025656],[139.5529586,35.3015846]]},"properties":{"edge_u":"6171775868","edge_v":"6171775875","avg_max_density":1.2643,"run_count":50,"level":"medium"}},{"type":"Feature","geometry":{"type":"LineString","coordinates":[[139.5525091,35.3025656],[139.55209,35.304033]]},"properties":{"edge_u":"6171775868","edge_v":"8158059456","avg_max_density":6.6511,"run_count":50,"level":"high"}},{"type":"Feature","geometry":{"type":"LineString","coordinates":[[139.553058,35.3016168],[139.5529586,35.3015846]]},"properties":{"edge_u":"6171775874","edge_v":"6171775875","avg_max_density":1.7407,"run_count":50,"level":"medium"}},{"type":"Feature","geometry":{"type":"LineString","coordinates":[[139.5529586,35.3015846],[139.552854,35.3014691]]},"properties":{"edge_u":"6171775875","edge_v":"6171775876","avg_max_density":0.2025,"run_count":50,"level":"low"}},{"type":"Feature","geometry":{"type":"LineString","coordinates":[[139.5334156,35.31262],[139.5335121,35.3126614]]},"properties":{"edge_u":"6197749166","edge_v":"7913096098","avg_max_density":0.0736,"run_count":48,"level":"low"}},{"type":"Feature","geometry":{"type":"LineString","coordinates":[[139.5334156,35.31262],[139.5335394,35.3124987]]},"properties":{"edge_u":"6197749166","edge_v":"7965614254","avg_max_density":0.0347,"run_count":27,"level":"low"}},{"type":"Feature","geometry":{"type":"LineString","coordinates":[[139.5337067,35.3125056],[139.5338265,35.3125146]]},"properties":{"edge_u":"6197749171","edge_v":"7965377508","avg_max_density":0.2563,"run_count":50,"level":"low"}},{"type":"Feature","geometry":{"type":"LineString","coordinates":[[139.5337067,35.3125056],[139.5335394,35.3124987]]},"properties":{"edge_u":"6197749171","edge_v":"7965614254","avg_max_density":0.1175,"run_count":50,"level":"low"}},{"type":"Feature","geometry":{"type":"LineString","coordinates":[[139.5337067,35.3125056],[139.533705,35.3125669]]},"properties":{"edge_u":"6197749171","edge_v":"7965628090","avg_max_density":0.0852,"run_count":43,"level":"low"}},{"type":"Feature","geometry":{"type":"LineString","coordinates":[[139.5336999,35.3128407],[139.5336656,35.3128736]]},"properties":{"edge_u":"6197749172","edge_v":"7965627888","avg_max_density":0.2832,"run_count":50,"level":"low"}},{"type":"Feature","geometry":{"type":"LineString","coordinates":[[139.5336999,35.3128407],[139.5337695,35.3130215]]},"properties":{"edge_u":"6197749172","edge_v":"7965628021","avg_max_density":0.144,"run_count":50,"level":"low"}},{"type":"Feature","geometry":{"type":"LineString","coordinates":[[139.5336999,35.3128407],[139.5337001,35.3128307]]},"properties":{"edge_u":"6197749172","edge_v":"7965628042","avg_max_density":0.5888,"run_count":42,"level":"medium"}},{"type":"Feature","geometry":{"type":"LineString","coordinates":[[139.5499797,35.3190234],[139.5498209,35.3190303]]},"properties":{"edge_u":"6276976771","edge_v":"9902113690","avg_max_density":0.026,"run_count":50,"level":"low"}},{"type":"Feature","geometry":{"type":"LineString","coordinates":[[139.5499797,35.3190234],[139.5499731,35.3189195]]},"properties":{"edge_u":"6276976771","edge_v":"9902113699","avg_max_density":0.0484,"run_count":50,"level":"low"}},{"type":"Feature","geometry":{"type":"LineString","coordinates":[[139.5487703,35.3124506],[139.5488763,35.3125426]]},"properties":{"edge_u":"6542975055","edge_v":"6542975057","avg_max_density":0.0399,"run_count":50,"level":"low"}},{"type":"Feature","geometry":{"type":"LineString","coordinates":[[139.5489675,35.3126213],[139.5488763,35.3125426]]},"properties":{"edge_u":"6542975056","edge_v":"6542975057","avg_max_density":0.0527,"run_count":50,"level":"low"}},{"type":"Feature","geometry":{"type":"LineString","coordinates":[[139.5402303,35.3127549],[139.539904,35.3126717]]},"properties":{"edge_u":"6542988457","edge_v":"6542988459","avg_max_density":0.0875,"run_count":50,"level":"low"}},{"type":"Feature","geometry":{"type":"LineString","coordinates":[[139.521576,35.3059572],[139.5220308,35.3055846]]},"properties":{"edge_u":"6590123375","edge_v":"677437471","avg_max_density":0.0232,"run_count":50,"level":"low"}},{"type":"Feature","geometry":{"type":"LineString","coordinates":[[139.5226746,35.3066573],[139.5225685,35.3066183]]},"properties":{"edge_u":"6590128291","edge_v":"6590128302","avg_max_density":0.043,"run_count":44,"level":"low"}},{"type":"Feature","geometry":{"type":"LineString","coordinates":[[139.5227462,35.3065696],[139.5225685,35.3066183]]},"properties":{"edge_u":"6590128293","edge_v":"6590128302","avg_max_density":0.0236,"run_count":50,"level":"low"}},{"type":"Feature","geometry":{"type":"LineString","coordinates":[[139.5225685,35.3066183],[139.5223653,35.3067149]]},"properties":{"edge_u":"6590128302","edge_v":"6590128309","avg_max_density":0.0746,"run_count":50,"level":"low"}},{"type":"Feature","geometry":{"type":"LineString","coordinates":[[139.554459,35.3226372],[139.5548328,35.322471]]},"properties":{"edge_u":"6595804689","edge_v":"6595804690","avg_max_density":0.0458,"run_count":49,"level":"low"}},{"type":"Feature","geometry":{"type":"LineString","coordinates":[[139.5547476,35.3176344],[139.5547014,35.3175053]]},"properties":{"edge_u":"6596147207","edge_v":"6597703088","avg_max_density":0.104,"run_count":50,"level":"low"}},{"type":"Feature","geometry":{"type":"LineString","coordinates":[[139.5547476,35.3176344],[139.5548741,35.3179303]]},"properties":{"edge_u":"6596147207","edge_v":"6597703179","avg_max_density":0.0614,"run_count":50,"level":"low"}},{"type":"Feature","geometry":{"type":"LineString","coordinates":[[139.5547476,35.3176344],[139.5543922,35.3177296]]},"properties":{"edge_u":"6596147207","edge_v":"6597730727","avg_max_density":0.0356,"run_count":50,"level":"low"}},{"type":"Feature","geometry":{"type":"LineString","coordinates":[[139.5499526,35.3185857],[139.549516,35.3186784]]},"properties":{"edge_u":"6596710972","edge_v":"6596710973","avg_max_density":0.0618,"run_count":50,"level":"low"}},{"type":"Feature","geometry":{"type":"LineString","coordinates":[[139.5499526,35.3185857],[139.5499828,35.3185754]]},"properties":{"edge_u":"6596710972","edge_v":"9974032191","avg_max_density":0.1987,"run_count":50,"level":"low"}},{"type":"Feature","geometry":{"type":"LineString","coordinates":[[139.5528547,35.3218408],[139.5530105,35.3217628]]},"properties":{"edge_u":"6596714310","edge_v":"6596714311","avg_max_density":0.0406,"run_count":49,"level":"low"}},{"type":"Feature","geometry":{"type":"LineString","coordinates":[[139.5530105,35.3217628],[139.5530808,35.3218673]]},"properties":{"edge_u":"6596714311","edge_v":"6596714316","avg_max_density":0.091,"run_count":50,"level":"low"}},{"type":"Feature","geometry":{"type":"LineString","coordinates":[[139.5530105,35.3217628],[139.552669,35.3214045]]},"properties":{"edge_u":"6596714311","edge_v":"682730730","avg_max_density":0.0841,"run_count":50,"level":"low"}},{"type":"Feature","geometry":{"type":"LineString","coordinates":[[139.5530808,35.3218673],[139.5531899,35.3220295]]},"properties":{"edge_u":"6596714316","edge_v":"682712176","avg_max_density":0.0225,"run_count":49,"level":"low"}},{"type":"Feature","geometry":{"type":"LineString","coordinates":[[139.5525409,35.3215103],[139.552669,35.3214045]]},"properties":{"edge_u":"6596714317","edge_v":"682730730","avg_max_density":0.0459,"run_count":50,"level":"low"}},{"type":"Feature","geometry":{"type":"LineString","coordinates":[[139.5516946,35.3213751],[139.5516018,35.3212487]]},"properties":{"edge_u":"6596714318","edge_v":"677291048","avg_max_density":0.0282,"run_count":49,"level":"low"}},{"type":"Feature","geometry":{"type":"LineString","coordinates":[[139.5545914,35.3137792],[139.5543815,35.3138591]]},"properties":{"edge_u":"6597703085","edge_v":"6604098646","avg_max_density":0.0806,"run_count":50,"level":"low"}},{"type":"Feature","geometry":{"type":"LineString","coordinates":[[139.5545914,35.3137792],[139.5547139,35.3140999]]},"properties":{"edge_u":"6597703085","edge_v":"6629390466","avg_max_density":0.123,"run_count":50,"level":"low"}},{"type":"Feature","geometry":{"type":"LineString","coordinates":[[139.5547014,35.3175053],[139.5548864,35.3174665]]},"properties":{"edge_u":"6597703088","edge_v":"6597730724","avg_max_density":0.0347,"run_count":50,"level":"low"}},{"type":"Feature","geometry":{"type":"LineString","coordinates":[[139.5538813,35.3174167],[139.5540188,35.3173871]]},"properties":{"edge_u":"6597703165","edge_v":"6597703168","avg_max_density":0.0902,"run_count":50,"level":"low"}},{"type":"Feature","geometry":{"type":"LineString","coordinates":[[139.5540838,35.3175249],[139.5540188,35.3173871]]},"properties":{"edge_u":"6597703167","edge_v":"6597703168","avg_max_density":0.0552,"run_count":50,"level":"low"}},{"type":"Feature","geometry":{"type":"LineString","coordinates":[[139.5540188,35.3173871],[139.5542125,35.3171793]]},"properties":{"edge_u":"6597703168","edge_v":"6597703170","avg_max_density":0.0808,"run_count":50,"level":"low"}},{"type":"Feature","geometry":{"type":"LineString","coordinates":[[139.5545525,35.3183129],[139.5545733,35.3181181]]},"properties":{"edge_u":"6597703171","edge_v":"6597703180","avg_max_density":0.0831,"run_count":50,"level":"low"}},{"type":"Feature","geometry":{"type":"LineString","coordinates":[[139.5548741,35.3179303],[139.5545733,35.3181181]]},"properties":{"edge_u":"6597703179","edge_v":"6597703180","avg_max_density":0.0775,"run_count":50,"level":"low"}},{"type":"Feature","geometry":{"type":"LineString","coordinates":[[139.5548741,35.3179303],[139.5551735,35.3188011]]},"properties":{"edge_u":"6597703179","edge_v":"6597761568","avg_max_density":0.0302,"run_count":50,"level":"low"}},{"type":"Feature","geometry":{"type":"LineString","coordinates":[[139.5545733,35.3181181],[139.5543842,35.3181849]]},"properties":{"edge_u":"6597703180","edge_v":"6597703182","avg_max_density":0.0681,"run_count":50,"level":"low"}},{"type":"Feature","geometry":{"type":"LineString","coordinates":[[139.5523452,35.3176457],[139.5524313,35.3178223]]},"properties":{"edge_u":"6597730711","edge_v":"6597760338","avg_max_density":0.106,"run_count":50,"level":"low"}},{"type":"Feature","geometry":{"type":"LineString","coordinates":[[139.5534602,35.316602],[139.5533281,35.3166272]]},"properties":{"edge_u":"6597760186","edge_v":"6597760187","avg_max_density":0.1333,"run_count":50,"level":"low"}},{"type":"Feature","geometry":{"type":"LineString","coordinates":[[139.5548013,35.3192222],[139.5545329,35.3189619]]},"properties":{"edge_u":"6597760934","edge_v":"6597760935","avg_max_density":0.1108,"run_count":50,"level":"low"}},{"type":"Feature","geometry":{"type":"LineString","coordinates":[[139.5534643,35.3180213],[139.5537076,35.3179507]]},"properties":{"edge_u":"6597761569","edge_v":"6597761571","avg_max_density":0.061,"run_count":50,"level":"low"}},{"type":"Feature","geometry":{"type":"LineString","coordinates":[[139.5535792,35.3183072],[139.5539725,35.3182046]]},"properties":{"edge_u":"6597761572","edge_v":"6597761573","avg_max_density":0.048,"run_count":50,"level":"low"}},{"type":"Feature","geometry":{"type":"LineString","coordinates":[[139.5535792,35.3183072],[139.5536484,35.3184707]]},"properties":{"edge_u":"6597761572","edge_v":"6597761575","avg_max_density":0.0544,"run_count":50,"level":"low"}},{"type":"Feature","geometry":{"type":"LineString","coordinates":[[139.5533824,35.318593],[139.5536484,35.3184707]]},"properties":{"edge_u":"6597761574","edge_v":"6597761575","avg_max_density":0.0498,"run_count":50,"level":"low"}},{"type":"Feature","geometry":{"type":"LineString","coordinates":[[139.5539038,35.3190187],[139.5541837,35.3189208]]},"properties":{"edge_u":"6597761576","edge_v":"6597761577","avg_max_density":0.0938,"run_count":50,"level":"low"}},{"type":"Feature","geometry":{"type":"LineString","coordinates":[[139.5537351,35.3195839],[139.5541276,35.3193675]]},"properties":{"edge_u":"6597761578","edge_v":"6597761581","avg_max_density":0.1535,"run_count":50,"level":"low"}},{"type":"Feature","geometry":{"type":"LineString","coordinates":[[139.5541276,35.3193675],[139.5543925,35.319641]]},"properties":{"edge_u":"6597761581","edge_v":"677283624","avg_max_density":0.0545,"run_count":50,"level":"low"}},{"type":"Feature","geometry":{"type":"LineString","coordinates":[[139.5550038,35.3202236],[139.5547318,35.3199676]]},"properties":{"edge_u":"6597761582","edge_v":"677283656","avg_max_density":0.0225,"run_count":50,"level":"low"}},{"type":"Feature","geometry":{"type":"LineString","coordinates":[[139.5549548,35.3206196],[139.5552373,35.320453]]},"properties":{"edge_u":"6597761664","edge_v":"677283629","avg_max_density":0.1351,"run_count":50,"level":"low"}},{"type":"Feature","geometry":{"type":"LineString","coordinates":[[139.5482121,35.3203958],[139.5485786,35.3203055]]},"properties":{"edge_u":"6600049175","edge_v":"6600049176","avg_max_density":0.0976,"run_count":50,"level":"low"}},{"type":"Feature","geometry":{"type":"LineString","coordinates":[[139.5502851,35.3212253],[139.550161,35.3208184]]},"properties":{"edge_u":"6600049613","edge_v":"6600049616","avg_max_density":0.059,"run_count":50,"level":"low"}},{"type":"Feature","geometry":{"type":"LineString","coordinates":[[139.5501195,35.3201802],[139.5501669,35.3202247]]},"properties":{"edge_u":"6600063881","edge_v":"6600063882","avg_max_density":0.0572,"run_count":50,"level":"low"}},{"type":"Feature","geometry":{"type":"LineString","coordinates":[[139.5501669,35.3202247],[139.5503215,35.320218]]},"properties":{"edge_u":"6600063882","edge_v":"6600063883","avg_max_density":0.0548,"run_count":50,"level":"low"}},{"type":"Feature","geometry":{"type":"LineString","coordinates":[[139.5501669,35.3202247],[139.5501155,35.3202574]]},"properties":{"edge_u":"6600063882","edge_v":"6600063885","avg_max_density":0.0584,"run_count":50,"level":"low"}},{"type":"Feature","geometry":{"type":"LineString","coordinates":[[139.5500685,35.3204544],[139.5496131,35.3208919]]},"properties":{"edge_u":"6600063910","edge_v":"6600063914","avg_max_density":0.0332,"run_count":50,"level":"low"}},{"type":"Feature","geometry":{"type":"LineString","coordinates":[[139.5478658,35.3166178],[139.5477837,35.316444]]},"properties":{"edge_u":"6600257725","edge_v":"6600257728","avg_max_density":0.1177,"run_count":50,"level":"low"}},{"type":"Feature","geometry":{"type":"LineString","coordinates":[[139.5477837,35.316444],[139.5480051,35.3163322]]},"properties":{"edge_u":"6600257728","edge_v":"6600257733","avg_max_density":0.0971,"run_count":50,"level":"low"}},{"type":"Feature","geometry":{"type":"LineString","coordinates":[[139.5482607,35.3165905],[139.5480051,35.3163322]]},"properties":{"edge_u":"6600257729","edge_v":"6600257733","avg_max_density":0.067,"run_count":50,"level":"low"}},{"type":"Feature","geometry":{"type":"LineString","coordinates":[[139.5487284,35.3160875],[139.5489584,35.3162634]]},"properties":{"edge_u":"6600257736","edge_v":"6681149468","avg_max_density":0.1068,"run_count":50,"level":"low"}},{"type":"Feature","geometry":{"type":"LineString","coordinates":[[139.5461661,35.3168701],[139.5460439,35.3165938]]},"properties":{"edge_u":"6600298880","edge_v":"6600298881","avg_max_density":0.0863,"run_count":50,"level":"low"}},{"type":"Feature","geometry":{"type":"LineString","coordinates":[[139.5461661,35.3168701],[139.5462995,35.3168348]]},"properties":{"edge_u":"6600298880","edge_v":"6600298882","avg_max_density":0.0774,"run_count":50,"level":"low"}},{"type":"Feature","geometry":{"type":"LineString","coordinates":[[139.5462995,35.3168348],[139.5462383,35.3167032]]},"properties":{"edge_u":"6600298882","edge_v":"6600298883","avg_max_density":0.0703,"run_count":50,"level":"low"}},{"type":"Feature","geometry":{"type":"LineString","coordinates":[[139.5462995,35.3168348],[139.5464501,35.3168066]]},"properties":{"edge_u":"6600298882","edge_v":"6600299093","avg_max_density":0.0773,"run_count":50,"level":"low"}},{"type":"Feature","geometry":{"type":"LineString","coordinates":[[139.546697,35.3173784],[139.5467718,35.3172214]]},"properties":{"edge_u":"6600299065","edge_v":"6600299067","avg_max_density":0.1996,"run_count":50,"level":"low"}},{"type":"Feature","geometry":{"type":"LineString","coordinates":[[139.5467718,35.3172214],[139.5470973,35.3172438]]},"properties":{"edge_u":"6600299067","edge_v":"6600299068","avg_max_density":0.1177,"run_count":50,"level":"low"}},{"type":"Feature","geometry":{"type":"LineString","coordinates":[[139.5470879,35.3170534],[139.5469684,35.3167457]]},"properties":{"edge_u":"6600299091","edge_v":"6600299092","avg_max_density":0.0828,"run_count":50,"level":"low"}},{"type":"Feature","geometry":{"type":"LineString","coordinates":[[139.5469684,35.3167457],[139.5468005,35.3167608]]},"properties":{"edge_u":"6600299092","edge_v":"6600299095","avg_max_density":0.1742,"run_count":50,"level":"low"}},{"type":"Feature","geometry":{"type":"LineString","coordinates":[[139.5464501,35.3168066],[139.5462994,35.3164964]]},"properties":{"edge_u":"6600299093","edge_v":"6600299094","avg_max_density":0.0616,"run_count":50,"level":"low"}},{"type":"Feature","geometry":{"type":"LineString","coordinates":[[139.5468005,35.3167608],[139.5466889,35.3165598]]},"properties":{"edge_u":"6600299095","edge_v":"6600299096","avg_max_density":0.0823,"run_count":50,"level":"low"}},{"type":"Feature","geometry":{"type":"LineString","coordinates":[[139.547851,35.3160608],[139.5477418,35.3157819]]},"properties":{"edge_u":"6600299211","edge_v":"6819147492","avg_max_density":0.1536,"run_count":50,"level":"low"}},{"type":"Feature","geometry":{"type":"LineString","coordinates":[[139.5487496,35.3171524],[139.5486917,35.3170033]]},"properties":{"edge_u":"6600299699","edge_v":"6600299700","avg_max_density":0.0931,"run_count":50,"level":"low"}},{"type":"Feature","geometry":{"type":"LineString","coordinates":[[139.5490339,35.3181072],[139.548954,35.3180262]]},"properties":{"edge_u":"6600300547","edge_v":"6600300548","avg_max_density":0.1946,"run_count":50,"level":"low"}},{"type":"Feature","geometry":{"type":"LineString","coordinates":[[139.548954,35.3180262],[139.5490339,35.3179622]]},"properties":{"edge_u":"6600300548","edge_v":"6600300550","avg_max_density":0.2737,"run_count":50,"level":"low"}},{"type":"Feature","geometry":{"type":"LineString","coordinates":[[139.5491264,35.3180738],[139.5490339,35.3179622]]},"properties":{"edge_u":"6600300549","edge_v":"6600300550","avg_max_density":0.1656,"run_count":50,"level":"low"}},{"type":"Feature","geometry":{"type":"LineString","coordinates":[[139.5484329,35.3175731],[139.5483358,35.3174637]]},"properties":{"edge_u":"6600300551","edge_v":"6600300552","avg_max_density":0.0486,"run_count":50,"level":"low"}},{"type":"Feature","geometry":{"type":"LineString","coordinates":[[139.5477605,35.320125],[139.5474476,35.3202372]]},"properties":{"edge_u":"6600301031","edge_v":"6600301034","avg_max_density":0.1016,"run_count":50,"level":"low"}},{"type":"Feature","geometry":{"type":"LineString","coordinates":[[139.5465012,35.3146864],[139.5462439,35.3145654]]},"properties":{"edge_u":"6601517992","edge_v":"6601517994","avg_max_density":0.0509,"run_count":50,"level":"low"}},{"type":"Feature","geometry":{"type":"LineString","coordinates":[[139.547381,35.3151241],[139.5472952,35.3148457]]},"properties":{"edge_u":"6601517995","edge_v":"6601517997","avg_max_density":0.0846,"run_count":50,"level":"low"}},{"type":"Feature","geometry":{"type":"LineString","coordinates":[[139.5469104,35.3148867],[139.5467768,35.3146957]]},"properties":{"edge_u":"6601517998","edge_v":"6601518000","avg_max_density":0.0995,"run_count":50,"level":"low"}},{"type":"Feature","geometry":{"type":"LineString","coordinates":[[139.5443825,35.314097],[139.5444929,35.3138963]]},"properties":{"edge_u":"6601518002","edge_v":"6601518003","avg_max_density":0.0417,"run_count":50,"level":"low"}},{"type":"Feature","geometry":{"type":"LineString","coordinates":[[139.5443825,35.314097],[139.5442409,35.3140512]]},"properties":{"edge_u":"6601518002","edge_v":"6601518005","avg_max_density":0.051,"run_count":50,"level":"low"}},{"type":"Feature","geometry":{"type":"LineString","coordinates":[[139.5443662,35.3138476],[139.5442409,35.3140512]]},"properties":{"edge_u":"6601518004","edge_v":"6601518005","avg_max_density":0.0592,"run_count":50,"level":"low"}},{"type":"Feature","geometry":{"type":"LineString","coordinates":[[139.5442409,35.3140512],[139.5440874,35.3140109]]},"properties":{"edge_u":"6601518005","edge_v":"6601518006","avg_max_density":0.0577,"run_count":50,"level":"low"}},{"type":"Feature","geometry":{"type":"LineString","coordinates":[[139.5461351,35.315935],[139.5462712,35.3162144]]},"properties":{"edge_u":"6601518016","edge_v":"6601518017","avg_max_density":0.0374,"run_count":50,"level":"low"}},{"type":"Feature","geometry":{"type":"LineString","coordinates":[[139.5462712,35.3162144],[139.5460951,35.3162721]]},"properties":{"edge_u":"6601518017","edge_v":"6601518020","avg_max_density":0.0511,"run_count":50,"level":"low"}},{"type":"Feature","geometry":{"type":"LineString","coordinates":[[139.5459245,35.3160521],[139.5460951,35.3162721]]},"properties":{"edge_u":"6601518018","edge_v":"6601518020","avg_max_density":0.0329,"run_count":50,"level":"low"}},{"type":"Feature","geometry":{"type":"LineString","coordinates":[[139.5567499,35.2977668],[139.5568404,35.2978057]]},"properties":{"edge_u":"6602471706","edge_v":"6602471708","avg_max_density":0.1088,"run_count":50,"level":"low"}},{"type":"Feature","geometry":{"type":"LineString","coordinates":[[139.5570344,35.2979149],[139.5568404,35.2978057]]},"properties":{"edge_u":"6602471707","edge_v":"6602471708","avg_max_density":0.1407,"run_count":50,"level":"low"}},{"type":"Feature","geometry":{"type":"LineString","coordinates":[[139.5570344,35.2979149],[139.5570953,35.2978483]]},"properties":{"edge_u":"6602471707","edge_v":"6602471713","avg_max_density":0.2374,"run_count":50,"level":"low"}},{"type":"Feature","geometry":{"type":"LineString","coordinates":[[139.5568404,35.2978057],[139.5568858,35.2977285]]},"properties":{"edge_u":"6602471708","edge_v":"6602471709","avg_max_density":0.104,"run_count":50,"level":"low"}},{"type":"Feature","geometry":{"type":"LineString","coordinates":[[139.5568858,35.2977285],[139.5568572,35.2975959]]},"properties":{"edge_u":"6602471709","edge_v":"6602471711","avg_max_density":0.0593,"run_count":50,"level":"low"}},{"type":"Feature","geometry":{"type":"LineString","coordinates":[[139.5568858,35.2977285],[139.5570953,35.2978483]]},"properties":{"edge_u":"6602471709","edge_v":"6602471713","avg_max_density":0.1783,"run_count":50,"level":"low"}},{"type":"Feature","geometry":{"type":"LineString","coordinates":[[139.5570953,35.2978483],[139.5571682,35.2977412]]},"properties":{"edge_u":"6602471713","edge_v":"6602471714","avg_max_density":0.0959,"run_count":50,"level":"low"}},{"type":"Feature","geometry":{"type":"LineString","coordinates":[[139.5564211,35.2974472],[139.5562671,35.2974549]]},"properties":{"edge_u":"6602471718","edge_v":"6602471805","avg_max_density":0.1483,"run_count":50,"level":"low"}},{"type":"Feature","geometry":{"type":"LineString","coordinates":[[139.5566761,35.2982534],[139.55619,35.2978571]]},"properties":{"edge_u":"6602471724","edge_v":"6602471809","avg_max_density":0.0351,"run_count":50,"level":"low"}},{"type":"Feature","geometry":{"type":"LineString","coordinates":[[139.5552804,35.2981302],[139.5553659,35.2981023]]},"properties":{"edge_u":"6602471761","edge_v":"6602471764","avg_max_density":0.0744,"run_count":49,"level":"low"}},{"type":"Feature","geometry":{"type":"LineString","coordinates":[[139.5553659,35.2981023],[139.5554852,35.2982764]]},"properties":{"edge_u":"6602471764","edge_v":"6602471765","avg_max_density":0.0992,"run_count":50,"level":"low"}},{"type":"Feature","geometry":{"type":"LineString","coordinates":[[139.5545673,35.2986545],[139.5546095,35.2984329]]},"properties":{"edge_u":"6602471772","edge_v":"6602471782","avg_max_density":0.0666,"run_count":50,"level":"low"}},{"type":"Feature","geometry":{"type":"LineString","coordinates":[[139.5545609,35.2983077],[139.5541824,35.2983579]]},"properties":{"edge_u":"6602471778","edge_v":"6602471779","avg_max_density":0.0919,"run_count":50,"level":"low"}},{"type":"Feature","geometry":{"type":"LineString","coordinates":[[139.5545609,35.2983077],[139.5546095,35.2984329]]},"properties":{"edge_u":"6602471778","edge_v":"6602471782","avg_max_density":0.2024,"run_count":50,"level":"low"}},{"type":"Feature","geometry":{"type":"LineString","coordinates":[[139.5546095,35.2984329],[139.5548999,35.2982857]]},"properties":{"edge_u":"6602471782","edge_v":"6602471784","avg_max_density":0.115,"run_count":50,"level":"low"}},{"type":"Feature","geometry":{"type":"LineString","coordinates":[[139.5548999,35.2982857],[139.5549272,35.2983244]]},"properties":{"edge_u":"6602471784","edge_v":"6602471792","avg_max_density":0.1017,"run_count":50,"level":"low"}},{"type":"Feature","geometry":{"type":"LineString","coordinates":[[139.5550997,35.2983869],[139.5550541,35.2983136]]},"properties":{"edge_u":"6602471786","edge_v":"6602471790","avg_max_density":0.0678,"run_count":50,"level":"low"}},{"type":"Feature","geometry":{"type":"LineString","coordinates":[[139.5551781,35.2982977],[139.5550541,35.2983136]]},"properties":{"edge_u":"6602471787","edge_v":"6602471790","avg_max_density":0.0404,"run_count":45,"level":"low"}},{"type":"Feature","geometry":{"type":"LineString","coordinates":[[139.5550541,35.2983136],[139.5549272,35.2983244]]},"properties":{"edge_u":"6602471790","edge_v":"6602471792","avg_max_density":0.0683,"run_count":50,"level":"low"}},{"type":"Feature","geometry":{"type":"LineString","coordinates":[[139.5549272,35.2983244],[139.5549904,35.2984159]]},"properties":{"edge_u":"6602471792","edge_v":"6602471793","avg_max_density":0.0501,"run_count":50,"level":"low"}},{"type":"Feature","geometry":{"type":"LineString","coordinates":[[139.5557132,35.2976749],[139.5555381,35.2975095]]},"properties":{"edge_u":"6602471795","edge_v":"6602471798","avg_max_density":0.1039,"run_count":50,"level":"low"}},{"type":"Feature","geometry":{"type":"LineString","coordinates":[[139.5555381,35.2975095],[139.5558729,35.2974496]]},"properties":{"edge_u":"6602471798","edge_v":"6602471800","avg_max_density":0.1242,"run_count":50,"level":"low"}},{"type":"Feature","geometry":{"type":"LineString","coordinates":[[139.5558903,35.297641],[139.5558729,35.2974496]]},"properties":{"edge_u":"6602471799","edge_v":"6602471800","avg_max_density":0.0401,"run_count":50,"level":"low"}},{"type":"Feature","geometry":{"type":"LineString","coordinates":[[139.5558729,35.2974496],[139.5560129,35.2974542]]},"properties":{"edge_u":"6602471800","edge_v":"6602471804","avg_max_density":0.1514,"run_count":50,"level":"low"}},{"type":"Feature","geometry":{"type":"LineString","coordinates":[[139.556125,35.2976278],[139.556131,35.2974558]]},"properties":{"edge_u":"6602471801","edge_v":"6602471802","avg_max_density":0.1422,"run_count":50,"level":"low"}},{"type":"Feature","geometry":{"type":"LineString","coordinates":[[139.556131,35.2974558],[139.5560129,35.2974542]]},"properties":{"edge_u":"6602471802","edge_v":"6602471804","avg_max_density":0.1292,"run_count":50,"level":"low"}},{"type":"Feature","geometry":{"type":"LineString","coordinates":[[139.556131,35.2974558],[139.5562671,35.2974549]]},"properties":{"edge_u":"6602471802","edge_v":"6602471805","avg_max_density":0.0745,"run_count":50,"level":"low"}},{"type":"Feature","geometry":{"type":"LineString","coordinates":[[139.556017,35.2977181],[139.5560129,35.2974542]]},"properties":{"edge_u":"6602471803","edge_v":"6602471804","avg_max_density":0.136,"run_count":50,"level":"low"}},{"type":"Feature","geometry":{"type":"LineString","coordinates":[[139.5562671,35.2974549],[139.55619,35.2978571]]},"properties":{"edge_u":"6602471805","edge_v":"6602471809","avg_max_density":0.136,"run_count":50,"level":"low"}},{"type":"Feature","geometry":{"type":"LineString","coordinates":[[139.5558692,35.3135252],[139.5558963,35.3135544]]},"properties":{"edge_u":"6604098488","edge_v":"6629385327","avg_max_density":0.1057,"run_count":48,"level":"low"}},{"type":"Feature","geometry":{"type":"LineString","coordinates":[[139.5559962,35.3136621],[139.5558963,35.3135544]]},"properties":{"edge_u":"6604098489","edge_v":"6629385327","avg_max_density":0.0376,"run_count":49,"level":"low"}},{"type":"Feature","geometry":{"type":"LineString","coordinates":[[139.5549094,35.313473],[139.5546967,35.3135209]]},"properties":{"edge_u":"6604098644","edge_v":"6604098645","avg_max_density":0.0904,"run_count":50,"level":"low"}},{"type":"Feature","geometry":{"type":"LineString","coordinates":[[139.5525248,35.3157123],[139.5525053,35.3156351]]},"properties":{"edge_u":"6604098944","edge_v":"6604098945","avg_max_density":0.146,"run_count":50,"level":"low"}},{"type":"Feature","geometry":{"type":"LineString","coordinates":[[139.5525053,35.3156351],[139.5524401,35.3154664]]},"properties":{"edge_u":"6604098945","edge_v":"6604098947","avg_max_density":0.1283,"run_count":50,"level":"low"}},{"type":"Feature","geometry":{"type":"LineString","coordinates":[[139.5525053,35.3156351],[139.552465,35.3157072]]},"properties":{"edge_u":"6604098945","edge_v":"8088240141","avg_max_density":0.1169,"run_count":50,"level":"low"}},{"type":"Feature","geometry":{"type":"LineString","coordinates":[[139.5533067,35.3156398],[139.5527407,35.3156877]]},"properties":{"edge_u":"6604098948","edge_v":"6604098949","avg_max_density":0.021,"run_count":50,"level":"low"}},{"type":"Feature","geometry":{"type":"LineString","coordinates":[[139.5513362,35.3142688],[139.5511454,35.3143515]]},"properties":{"edge_u":"6604106625","edge_v":"6604106626","avg_max_density":0.0935,"run_count":50,"level":"low"}},{"type":"Feature","geometry":{"type":"LineString","coordinates":[[139.5521758,35.3127249],[139.5520467,35.312901]]},"properties":{"edge_u":"6604115793","edge_v":"6604115797","avg_max_density":0.0441,"run_count":50,"level":"low"}},{"type":"Feature","geometry":{"type":"LineString","coordinates":[[139.5504092,35.315042],[139.5509958,35.3146798]]},"properties":{"edge_u":"6604115804","edge_v":"6604115807","avg_max_density":0.0949,"run_count":50,"level":"low"}},{"type":"Feature","geometry":{"type":"LineString","coordinates":[[139.5509958,35.3146798],[139.5507967,35.314444]]},"properties":{"edge_u":"6604115807","edge_v":"6604115808","avg_max_density":0.0953,"run_count":50,"level":"low"}},{"type":"Feature","geometry":{"type":"LineString","coordinates":[[139.5533463,35.3129405],[139.553896,35.3128129]]},"properties":{"edge_u":"6604115809","edge_v":"6604115810","avg_max_density":0.0581,"run_count":50,"level":"low"}},{"type":"Feature","geometry":{"type":"LineString","coordinates":[[139.5533463,35.3129405],[139.5533381,35.3128674]]},"properties":{"edge_u":"6604115809","edge_v":"6604115811","avg_max_density":0.0674,"run_count":50,"level":"low"}},{"type":"Feature","geometry":{"type":"LineString","coordinates":[[139.5533381,35.3128674],[139.5530625,35.3129092]]},"properties":{"edge_u":"6604115811","edge_v":"6604115812","avg_max_density":0.1292,"run_count":50,"level":"low"}},{"type":"Feature","geometry":{"type":"LineString","coordinates":[[139.5533054,35.3138016],[139.5530686,35.3137803]]},"properties":{"edge_u":"6604115815","edge_v":"6604115817","avg_max_density":0.1135,"run_count":50,"level":"low"}},{"type":"Feature","geometry":{"type":"LineString","coordinates":[[139.553241,35.3141723],[139.5530042,35.3141709]]},"properties":{"edge_u":"6604115818","edge_v":"6604115819","avg_max_density":0.1303,"run_count":50,"level":"low"}},{"type":"Feature","geometry":{"type":"LineString","coordinates":[[139.5542702,35.3132966],[139.5540992,35.3130633]]},"properties":{"edge_u":"6604116652","edge_v":"6604116653","avg_max_density":0.0644,"run_count":50,"level":"low"}},{"type":"Feature","geometry":{"type":"LineString","coordinates":[[139.5516913,35.306716],[139.5519567,35.306618]]},"properties":{"edge_u":"6604234490","edge_v":"6604234491","avg_max_density":0.0656,"run_count":50,"level":"low"}},{"type":"Feature","geometry":{"type":"LineString","coordinates":[[139.5519567,35.306618],[139.5521307,35.3069514]]},"properties":{"edge_u":"6604234491","edge_v":"6604234492","avg_max_density":0.1131,"run_count":50,"level":"low"}},{"type":"Feature","geometry":{"type":"LineString","coordinates":[[139.5519567,35.306618],[139.5519091,35.3065208]]},"properties":{"edge_u":"6604234491","edge_v":"6606806878","avg_max_density":0.1398,"run_count":50,"level":"low"}},{"type":"Feature","geometry":{"type":"LineString","coordinates":[[139.5521307,35.3069514],[139.5524691,35.3068342]]},"properties":{"edge_u":"6604234492","edge_v":"6604234493","avg_max_density":0.0801,"run_count":50,"level":"low"}},{"type":"Feature","geometry":{"type":"LineString","coordinates":[[139.5521307,35.3069514],[139.55218,35.3070383]]},"properties":{"edge_u":"6604234492","edge_v":"6612552049","avg_max_density":0.1534,"run_count":50,"level":"low"}},{"type":"Feature","geometry":{"type":"LineString","coordinates":[[139.5530364,35.3056495],[139.552988,35.3057725]]},"properties":{"edge_u":"6605818792","edge_v":"6605818793","avg_max_density":0.0919,"run_count":50,"level":"low"}},{"type":"Feature","geometry":{"type":"LineString","coordinates":[[139.552988,35.3057725],[139.5528013,35.3060833]]},"properties":{"edge_u":"6605818793","edge_v":"6605818893","avg_max_density":0.0596,"run_count":50,"level":"low"}},{"type":"Feature","geometry":{"type":"LineString","coordinates":[[139.5530756,35.3062173],[139.5531329,35.3060188]]},"properties":{"edge_u":"6605818889","edge_v":"6605818890","avg_max_density":0.1058,"run_count":50,"level":"low"}},{"type":"Feature","geometry":{"type":"LineString","coordinates":[[139.5528013,35.3060833],[139.5529498,35.3061821]]},"properties":{"edge_u":"6605818893","edge_v":"6606806868","avg_max_density":0.0805,"run_count":50,"level":"low"}},{"type":"Feature","geometry":{"type":"LineString","coordinates":[[139.5530632,35.305418],[139.5526638,35.3056789]]},"properties":{"edge_u":"6605818896","edge_v":"6605818899","avg_max_density":0.0681,"run_count":50,"level":"low"}},{"type":"Feature","geometry":{"type":"LineString","coordinates":[[139.5531544,35.3050382],[139.5529172,35.3049535]]},"properties":{"edge_u":"6605818900","edge_v":"6605818901","avg_max_density":0.1158,"run_count":50,"level":"low"}},{"type":"Feature","geometry":{"type":"LineString","coordinates":[[139.5528071,35.3047482],[139.5526252,35.3046447]]},"properties":{"edge_u":"6605818902","edge_v":"6605818903","avg_max_density":0.0979,"run_count":50,"level":"low"}},{"type":"Feature","geometry":{"type":"LineString","coordinates":[[139.5514363,35.3051426],[139.5515437,35.3050579]]},"properties":{"edge_u":"6605818907","edge_v":"6605818908","avg_max_density":0.1823,"run_count":50,"level":"low"}},{"type":"Feature","geometry":{"type":"LineString","coordinates":[[139.5520537,35.3051952],[139.5518106,35.3049671]]},"properties":{"edge_u":"6605818909","edge_v":"6605818912","avg_max_density":0.0741,"run_count":50,"level":"low"}},{"type":"Feature","geometry":{"type":"LineString","coordinates":[[139.5520537,35.3051952],[139.5521306,35.3051234]]},"properties":{"edge_u":"6605818909","edge_v":"6605818916","avg_max_density":0.0459,"run_count":50,"level":"low"}},{"type":"Feature","geometry":{"type":"LineString","coordinates":[[139.5523819,35.3051137],[139.5522526,35.3050092]]},"properties":{"edge_u":"6605818913","edge_v":"6605818914","avg_max_density":0.0497,"run_count":50,"level":"low"}},{"type":"Feature","geometry":{"type":"LineString","coordinates":[[139.5523196,35.3052544],[139.5521306,35.3051234]]},"properties":{"edge_u":"6605818915","edge_v":"6605818916","avg_max_density":0.1098,"run_count":50,"level":"low"}},{"type":"Feature","geometry":{"type":"LineString","coordinates":[[139.5523843,35.3054512],[139.5522988,35.3054141]]},"properties":{"edge_u":"6605818918","edge_v":"6605818919","avg_max_density":0.1684,"run_count":50,"level":"low"}},{"type":"Feature","geometry":{"type":"LineString","coordinates":[[139.5523843,35.3054512],[139.5525677,35.3054355]]},"properties":{"edge_u":"6605818918","edge_v":"6605818920","avg_max_density":0.1978,"run_count":50,"level":"low"}},{"type":"Feature","geometry":{"type":"LineString","coordinates":[[139.5523843,35.3054512],[139.5523766,35.3055816]]},"properties":{"edge_u":"6605818918","edge_v":"6605818925","avg_max_density":0.168,"run_count":50,"level":"low"}},{"type":"Feature","geometry":{"type":"LineString","coordinates":[[139.5524946,35.3056221],[139.5523766,35.3055816]]},"properties":{"edge_u":"6605818924","edge_v":"6605818925","avg_max_density":0.124,"run_count":50,"level":"low"}},{"type":"Feature","geometry":{"type":"LineString","coordinates":[[139.5530049,35.3031902],[139.5527516,35.3031278]]},"properties":{"edge_u":"6606806633","edge_v":"6606806634","avg_max_density":0.0941,"run_count":50,"level":"low"}},{"type":"Feature","geometry":{"type":"LineString","coordinates":[[139.5510556,35.3064239],[139.5514695,35.3065116]]},"properties":{"edge_u":"6606806672","edge_v":"6606806678","avg_max_density":0.4583,"run_count":50,"level":"low"}},{"type":"Feature","geometry":{"type":"LineString","coordinates":[[139.5530381,35.3063673],[139.5527997,35.3063693]]},"properties":{"edge_u":"6606806866","edge_v":"6606806867","avg_max_density":0.1205,"run_count":50,"level":"low"}},{"type":"Feature","geometry":{"type":"LineString","coordinates":[[139.5529498,35.3061821],[139.5519091,35.3065208]]},"properties":{"edge_u":"6606806868","edge_v":"6606806878","avg_max_density":0.29,"run_count":50,"level":"low"}},{"type":"Feature","geometry":{"type":"LineString","coordinates":[[139.5517807,35.3062666],[139.5522197,35.3062136]]},"properties":{"edge_u":"6606806879","edge_v":"6606806883","avg_max_density":0.0801,"run_count":50,"level":"low"}},{"type":"Feature","geometry":{"type":"LineString","coordinates":[[139.5503718,35.3065007],[139.5506452,35.3063647]]},"properties":{"edge_u":"6606806884","edge_v":"6606806885","avg_max_density":0.087,"run_count":50,"level":"low"}},{"type":"Feature","geometry":{"type":"LineString","coordinates":[[139.5553183,35.3116288],[139.5550656,35.3117916]]},"properties":{"edge_u":"6609196597","edge_v":"6609196598","avg_max_density":0.1134,"run_count":50,"level":"low"}},{"type":"Feature","geometry":{"type":"LineString","coordinates":[[139.5550125,35.312086],[139.5549515,35.3120249]]},"properties":{"edge_u":"6609196599","edge_v":"6609196600","avg_max_density":0.1271,"run_count":50,"level":"low"}},{"type":"Feature","geometry":{"type":"LineString","coordinates":[[139.5550125,35.312086],[139.5546054,35.3122196]]},"properties":{"edge_u":"6609196599","edge_v":"6609196602","avg_max_density":0.073,"run_count":50,"level":"low"}},{"type":"Feature","geometry":{"type":"LineString","coordinates":[[139.5545666,35.3121398],[139.5546054,35.3122196]]},"properties":{"edge_u":"6609196601","edge_v":"6609196602","avg_max_density":0.1781,"run_count":50,"level":"low"}},{"type":"Feature","geometry":{"type":"LineString","coordinates":[[139.5546054,35.3122196],[139.5542238,35.3125319]]},"properties":{"edge_u":"6609196602","edge_v":"6609196605","avg_max_density":0.1128,"run_count":50,"level":"low"}},{"type":"Feature","geometry":{"type":"LineString","coordinates":[[139.5542238,35.3125319],[139.5541267,35.3123182]]},"properties":{"edge_u":"6609196605","edge_v":"6609196606","avg_max_density":0.257,"run_count":50,"level":"low"}},{"type":"Feature","geometry":{"type":"LineString","coordinates":[[139.5563664,35.3111155],[139.5566595,35.3115775]]},"properties":{"edge_u":"6609242892","edge_v":"6609242894","avg_max_density":0.0734,"run_count":50,"level":"low"}},{"type":"Feature","geometry":{"type":"LineString","coordinates":[[139.5566595,35.3115775],[139.5566424,35.3115829]]},"properties":{"edge_u":"6609242894","edge_v":"6609242899","avg_max_density":0.1703,"run_count":45,"level":"low"}},{"type":"Feature","geometry":{"type":"LineString","coordinates":[[139.5567801,35.3117831],[139.5566424,35.3115829]]},"properties":{"edge_u":"6609242896","edge_v":"6609242899","avg_max_density":0.3253,"run_count":50,"level":"low"}},{"type":"Feature","geometry":{"type":"LineString","coordinates":[[139.5557629,35.3117579],[139.5559794,35.3119751]]},"properties":{"edge_u":"6609243095","edge_v":"6609243097","avg_max_density":0.0389,"run_count":50,"level":"low"}},{"type":"Feature","geometry":{"type":"LineString","coordinates":[[139.5556985,35.3113568],[139.5558363,35.3113968]]},"properties":{"edge_u":"6609270566","edge_v":"6609270568","avg_max_density":0.1033,"run_count":50,"level":"low"}},{"type":"Feature","geometry":{"type":"LineString","coordinates":[[139.5558363,35.3113968],[139.5553262,35.3113843]]},"properties":{"edge_u":"6609270568","edge_v":"6630214022","avg_max_density":0.2071,"run_count":50,"level":"low"}},{"type":"Feature","geometry":{"type":"LineString","coordinates":[[139.542253,35.3144189],[139.5419743,35.3143055]]},"properties":{"edge_u":"6611039656","edge_v":"6611039657","avg_max_density":0.0838,"run_count":50,"level":"low"}},{"type":"Feature","geometry":{"type":"LineString","coordinates":[[139.5415938,35.3147883],[139.5417352,35.3145928]]},"properties":{"edge_u":"6611039658","edge_v":"6611039659","avg_max_density":0.0678,"run_count":50,"level":"low"}},{"type":"Feature","geometry":{"type":"LineString","coordinates":[[139.541425,35.315025],[139.54135,35.3151558]]},"properties":{"edge_u":"6611039660","edge_v":"6611039661","avg_max_density":0.0444,"run_count":50,"level":"low"}},{"type":"Feature","geometry":{"type":"LineString","coordinates":[[139.541425,35.315025],[139.5416809,35.3150897]]},"properties":{"edge_u":"6611039660","edge_v":"6611039663","avg_max_density":0.0767,"run_count":50,"level":"low"}},{"type":"Feature","geometry":{"type":"LineString","coordinates":[[139.5416809,35.3150897],[139.5418556,35.3151898]]},"properties":{"edge_u":"6611039663","edge_v":"6611039664","avg_max_density":0.1133,"run_count":50,"level":"low"}},{"type":"Feature","geometry":{"type":"LineString","coordinates":[[139.5488381,35.308855],[139.5492769,35.308811]]},"properties":{"edge_u":"6611236656","edge_v":"6611236659","avg_max_density":0.0588,"run_count":50,"level":"low"}},{"type":"Feature","geometry":{"type":"LineString","coordinates":[[139.5492769,35.308811],[139.549083,35.3084506]]},"properties":{"edge_u":"6611236659","edge_v":"6612551472","avg_max_density":0.0682,"run_count":50,"level":"low"}},{"type":"Feature","geometry":{"type":"LineString","coordinates":[[139.5481113,35.3094953],[139.5479134,35.3096479]]},"properties":{"edge_u":"6611236660","edge_v":"6611236661","avg_max_density":0.1495,"run_count":50,"level":"low"}},{"type":"Feature","geometry":{"type":"LineString","coordinates":[[139.5513023,35.3074832],[139.5514368,35.3077233]]},"properties":{"edge_u":"6612544767","edge_v":"6612544768","avg_max_density":0.1953,"run_count":50,"level":"low"}},{"type":"Feature","geometry":{"type":"LineString","coordinates":[[139.5514368,35.3077233],[139.5515738,35.3076319]]},"properties":{"edge_u":"6612544768","edge_v":"6636848198","avg_max_density":0.1697,"run_count":50,"level":"low"}},{"type":"Feature","geometry":{"type":"LineString","coordinates":[[139.5497125,35.3073633],[139.5499311,35.307388]]},"properties":{"edge_u":"6612545170","edge_v":"6612552411","avg_max_density":0.2032,"run_count":50,"level":"low"}},{"type":"Feature","geometry":{"type":"LineString","coordinates":[[139.5506959,35.3082579],[139.5504867,35.3084041]]},"properties":{"edge_u":"6612551466","edge_v":"6612551470","avg_max_density":0.1426,"run_count":50,"level":"low"}},{"type":"Feature","geometry":{"type":"LineString","coordinates":[[139.5492712,35.3083434],[139.549083,35.3084506]]},"properties":{"edge_u":"6612551471","edge_v":"6612551472","avg_max_density":0.12,"run_count":50,"level":"low"}},{"type":"Feature","geometry":{"type":"LineString","coordinates":[[139.5498564,35.308173],[139.5501396,35.3080786]]},"properties":{"edge_u":"6612551688","edge_v":"6612551689","avg_max_density":0.1272,"run_count":50,"level":"low"}},{"type":"Feature","geometry":{"type":"LineString","coordinates":[[139.5517972,35.3072222],[139.5519092,35.3071702]]},"properties":{"edge_u":"6612552047","edge_v":"6612552050","avg_max_density":0.1345,"run_count":50,"level":"low"}},{"type":"Feature","geometry":{"type":"LineString","coordinates":[[139.55218,35.3070383],[139.5519092,35.3071702]]},"properties":{"edge_u":"6612552049","edge_v":"6612552050","avg_max_density":0.1836,"run_count":50,"level":"low"}},{"type":"Feature","geometry":{"type":"LineString","coordinates":[[139.5519092,35.3071702],[139.5515558,35.3067871]]},"properties":{"edge_u":"6612552050","edge_v":"6612552054","avg_max_density":0.1221,"run_count":50,"level":"low"}},{"type":"Feature","geometry":{"type":"LineString","coordinates":[[139.550782,35.306768],[139.5506211,35.3069858]]},"properties":{"edge_u":"6612552056","edge_v":"6612552058","avg_max_density":0.0533,"run_count":50,"level":"low"}},{"type":"Feature","geometry":{"type":"LineString","coordinates":[[139.5506211,35.3069858],[139.5508106,35.3075022]]},"properties":{"edge_u":"6612552058","edge_v":"6612552065","avg_max_density":0.1106,"run_count":50,"level":"low"}},{"type":"Feature","geometry":{"type":"LineString","coordinates":[[139.5505969,35.3076156],[139.5508106,35.3075022]]},"properties":{"edge_u":"6612552064","edge_v":"6612552065","avg_max_density":0.0845,"run_count":50,"level":"low"}},{"type":"Feature","geometry":{"type":"LineString","coordinates":[[139.5508106,35.3075022],[139.5509019,35.3076565]]},"properties":{"edge_u":"6612552065","edge_v":"6612552068","avg_max_density":0.1425,"run_count":50,"level":"low"}},{"type":"Feature","geometry":{"type":"LineString","coordinates":[[139.5506653,35.3078279],[139.5509019,35.3076565]]},"properties":{"edge_u":"6612552066","edge_v":"6612552068","avg_max_density":0.066,"run_count":50,"level":"low"}},{"type":"Feature","geometry":{"type":"LineString","coordinates":[[139.540957,35.3127597],[139.5410432,35.3129578]]},"properties":{"edge_u":"6612687777","edge_v":"6631051683","avg_max_density":0.1224,"run_count":50,"level":"low"}},{"type":"Feature","geometry":{"type":"LineString","coordinates":[[139.540957,35.3127597],[139.5412226,35.3126912]]},"properties":{"edge_u":"6612687777","edge_v":"6688269894","avg_max_density":0.1229,"run_count":50,"level":"low"}},{"type":"Feature","geometry":{"type":"LineString","coordinates":[[139.5409584,35.3131806],[139.5410432,35.3129578]]},"properties":{"edge_u":"6612687779","edge_v":"6631051683","avg_max_density":0.0826,"run_count":50,"level":"low"}},{"type":"Feature","geometry":{"type":"LineString","coordinates":[[139.5259918,35.3050472],[139.52581,35.3051126]]},"properties":{"edge_u":"6612700362","edge_v":"6612700365","avg_max_density":0.0845,"run_count":50,"level":"low"}},{"type":"Feature","geometry":{"type":"LineString","coordinates":[[139.5259918,35.3050472],[139.5260941,35.3052024]]},"properties":{"edge_u":"6612700362","edge_v":"759646985","avg_max_density":0.2083,"run_count":50,"level":"low"}},{"type":"Feature","geometry":{"type":"LineString","coordinates":[[139.5250462,35.3041988],[139.5250789,35.303741]]},"properties":{"edge_u":"6612700366","edge_v":"6612700371","avg_max_density":0.0646,"run_count":50,"level":"low"}},{"type":"Feature","geometry":{"type":"LineString","coordinates":[[139.5250789,35.303741],[139.5248827,35.3033388]]},"properties":{"edge_u":"6612700371","edge_v":"759646337","avg_max_density":0.1061,"run_count":50,"level":"low"}},{"type":"Feature","geometry":{"type":"LineString","coordinates":[[139.5212576,35.3041221],[139.5212264,35.3038522]]},"properties":{"edge_u":"6612700373","edge_v":"723776906","avg_max_density":0.0644,"run_count":50,"level":"low"}},{"type":"Feature","geometry":{"type":"LineString","coordinates":[[139.5219073,35.3042962],[139.5218736,35.3043928]]},"properties":{"edge_u":"6612700381","edge_v":"6637052842","avg_max_density":0.1266,"run_count":50,"level":"low"}},{"type":"Feature","geometry":{"type":"LineString","coordinates":[[139.5192084,35.3040214],[139.5187806,35.3040138]]},"properties":{"edge_u":"6612705205","edge_v":"6612705206","avg_max_density":0.0694,"run_count":50,"level":"low"}},{"type":"Feature","geometry":{"type":"LineString","coordinates":[[139.5187806,35.3040138],[139.5187851,35.3039189]]},"properties":{"edge_u":"6612705206","edge_v":"6612705208","avg_max_density":0.1215,"run_count":50,"level":"low"}},{"type":"Feature","geometry":{"type":"LineString","coordinates":[[139.5187851,35.3039189],[139.5189446,35.3039236]]},"properties":{"edge_u":"6612705208","edge_v":"6637051416","avg_max_density":0.0583,"run_count":50,"level":"low"}},{"type":"Feature","geometry":{"type":"LineString","coordinates":[[139.5187851,35.3039189],[139.5187569,35.3039167]]},"properties":{"edge_u":"6612705208","edge_v":"723776807","avg_max_density":0.2062,"run_count":50,"level":"low"}},{"type":"Feature","geometry":{"type":"LineString","coordinates":[[139.499584,35.306768],[139.4991613,35.3067488]]},"properties":{"edge_u":"6612810735","edge_v":"6612810736","avg_max_density":0.0838,"run_count":50,"level":"low"}},{"type":"Feature","geometry":{"type":"LineString","coordinates":[[139.4991613,35.3067488],[139.4991575,35.3066683]]},"properties":{"edge_u":"6612810736","edge_v":"6612810738","avg_max_density":0.2024,"run_count":50,"level":"low"}},{"type":"Feature","geometry":{"type":"LineString","coordinates":[[139.4991613,35.3067488],[139.4992045,35.3069469]]},"properties":{"edge_u":"6612810736","edge_v":"6612810741","avg_max_density":0.1831,"run_count":50,"level":"low"}},{"type":"Feature","geometry":{"type":"LineString","coordinates":[[139.4991608,35.306621],[139.4991575,35.3066683]]},"properties":{"edge_u":"6612810737","edge_v":"6612810738","avg_max_density":0.1923,"run_count":50,"level":"low"}},{"type":"Feature","geometry":{"type":"LineString","coordinates":[[139.5094474,35.3060032],[139.5095135,35.3057069]]},"properties":{"edge_u":"6612810767","edge_v":"6612810768","avg_max_density":0.083,"run_count":50,"level":"low"}},{"type":"Feature","geometry":{"type":"LineString","coordinates":[[139.5525482,35.3077676],[139.5522297,35.3078848]]},"properties":{"edge_u":"6615294996","edge_v":"6615294997","avg_max_density":0.0509,"run_count":50,"level":"low"}},{"type":"Feature","geometry":{"type":"LineString","coordinates":[[139.5502237,35.3194247],[139.5501363,35.3194144]]},"properties":{"edge_u":"6615779023","edge_v":"6615779038","avg_max_density":0.4491,"run_count":50,"level":"low"}},{"type":"Feature","geometry":{"type":"LineString","coordinates":[[139.5512719,35.3189787],[139.5518539,35.3189453]]},"properties":{"edge_u":"6615779034","edge_v":"6615779041","avg_max_density":0.1215,"run_count":50,"level":"low"}},{"type":"Feature","geometry":{"type":"LineString","coordinates":[[139.5501363,35.3194144],[139.5497759,35.3191303]]},"properties":{"edge_u":"6615779038","edge_v":"6655365656","avg_max_density":0.1876,"run_count":50,"level":"low"}},{"type":"Feature","geometry":{"type":"LineString","coordinates":[[139.5518539,35.3189453],[139.5518715,35.3189729]]},"properties":{"edge_u":"6615779041","edge_v":"6652594200","avg_max_density":0.5636,"run_count":50,"level":"medium"}},{"type":"Feature","geometry":{"type":"LineString","coordinates":[[139.5492417,35.3153282],[139.5496058,35.315174]]},"properties":{"edge_u":"6616256325","edge_v":"6616256326","avg_max_density":0.1123,"run_count":50,"level":"low"}},{"type":"Feature","geometry":{"type":"LineString","coordinates":[[139.5496058,35.315174],[139.5497003,35.3151408]]},"properties":{"edge_u":"6616256326","edge_v":"6616256327","avg_max_density":0.1207,"run_count":50,"level":"low"}},{"type":"Feature","geometry":{"type":"LineString","coordinates":[[139.5496058,35.315174],[139.549919,35.3156521]]},"properties":{"edge_u":"6616256326","edge_v":"6654531552","avg_max_density":0.1179,"run_count":50,"level":"low"}},{"type":"Feature","geometry":{"type":"LineString","coordinates":[[139.5497003,35.3151408],[139.5499982,35.3156329]]},"properties":{"edge_u":"6616256327","edge_v":"6654531538","avg_max_density":0.0247,"run_count":50,"level":"low"}},{"type":"Feature","geometry":{"type":"LineString","coordinates":[[139.5534186,35.3087489],[139.5534179,35.3085169]]},"properties":{"edge_u":"6618029942","edge_v":"6618029945","avg_max_density":0.1934,"run_count":50,"level":"low"}},{"type":"Feature","geometry":{"type":"LineString","coordinates":[[139.5512013,35.3092451],[139.5510215,35.308941]]},"properties":{"edge_u":"6618030414","edge_v":"6618030417","avg_max_density":0.0566,"run_count":50,"level":"low"}},{"type":"Feature","geometry":{"type":"LineString","coordinates":[[139.5511328,35.3082348],[139.5512554,35.3082022]]},"properties":{"edge_u":"6618030471","edge_v":"6618030472","avg_max_density":0.1009,"run_count":50,"level":"low"}},{"type":"Feature","geometry":{"type":"LineString","coordinates":[[139.5472777,35.3090061],[139.5471306,35.3091594]]},"properties":{"edge_u":"6620482132","edge_v":"6620482133","avg_max_density":0.1715,"run_count":50,"level":"low"}},{"type":"Feature","geometry":{"type":"LineString","coordinates":[[139.5474978,35.3097415],[139.5473243,35.3098671]]},"properties":{"edge_u":"6620482134","edge_v":"6620482135","avg_max_density":0.0884,"run_count":50,"level":"low"}},{"type":"Feature","geometry":{"type":"LineString","coordinates":[[139.5487214,35.3099663],[139.5486597,35.3096975]]},"properties":{"edge_u":"6620482138","edge_v":"796606959","avg_max_density":0.2876,"run_count":50,"level":"low"}},{"type":"Feature","geometry":{"type":"LineString","coordinates":[[139.5487214,35.3099663],[139.5489805,35.3104867]]},"properties":{"edge_u":"6620482138","edge_v":"796607025","avg_max_density":0.129,"run_count":50,"level":"low"}},{"type":"Feature","geometry":{"type":"LineString","coordinates":[[139.5485582,35.3097648],[139.5484277,35.3096255]]},"properties":{"edge_u":"6620482141","edge_v":"6620482142","avg_max_density":1.8638,"run_count":50,"level":"medium"}},{"type":"Feature","geometry":{"type":"LineString","coordinates":[[139.5485582,35.3097648],[139.5486597,35.3096975]]},"properties":{"edge_u":"6620482141","edge_v":"796606959","avg_max_density":0.7491,"run_count":50,"level":"medium"}},{"type":"Feature","geometry":{"type":"LineString","coordinates":[[139.5429292,35.3129453],[139.5428346,35.3127724]]},"properties":{"edge_u":"6620539198","edge_v":"6620539199","avg_max_density":0.0459,"run_count":50,"level":"low"}},{"type":"Feature","geometry":{"type":"LineString","coordinates":[[139.5442738,35.3132267],[139.5440463,35.3131844]]},"properties":{"edge_u":"6620539200","edge_v":"6620539201","avg_max_density":0.0425,"run_count":50,"level":"low"}},{"type":"Feature","geometry":{"type":"LineString","coordinates":[[139.5431636,35.3131765],[139.5436306,35.3131734]]},"properties":{"edge_u":"6620539202","edge_v":"6620539204","avg_max_density":0.0242,"run_count":50,"level":"low"}},{"type":"Feature","geometry":{"type":"LineString","coordinates":[[139.542877,35.3150945],[139.5428895,35.3150785]]},"properties":{"edge_u":"6620539210","edge_v":"6620539213","avg_max_density":0.1185,"run_count":26,"level":"low"}},{"type":"Feature","geometry":{"type":"LineString","coordinates":[[139.542877,35.3150945],[139.5427048,35.3153156]]},"properties":{"edge_u":"6620539210","edge_v":"6620539215","avg_max_density":0.0161,"run_count":47,"level":"low"}},{"type":"Feature","geometry":{"type":"LineString","coordinates":[[139.5431203,35.3151941],[139.5428895,35.3150785]]},"properties":{"edge_u":"6620539212","edge_v":"6620539213","avg_max_density":0.0266,"run_count":47,"level":"low"}},{"type":"Feature","geometry":{"type":"LineString","coordinates":[[139.5354872,35.3119578],[139.5353626,35.3119839]]},"properties":{"edge_u":"6622547953","edge_v":"6622547955","avg_max_density":0.1241,"run_count":50,"level":"low"}},{"type":"Feature","geometry":{"type":"LineString","coordinates":[[139.5354872,35.3119578],[139.5354109,35.3121855]]},"properties":{"edge_u":"6622547953","edge_v":"6622547965","avg_max_density":0.163,"run_count":50,"level":"low"}},{"type":"Feature","geometry":{"type":"LineString","coordinates":[[139.5354872,35.3119578],[139.5355202,35.3118591]]},"properties":{"edge_u":"6622547953","edge_v":"6622547969","avg_max_density":0.1626,"run_count":50,"level":"low"}},{"type":"Feature","geometry":{"type":"LineString","coordinates":[[139.5358354,35.3108102],[139.5357574,35.311131]]},"properties":{"edge_u":"6622547961","edge_v":"6622547962","avg_max_density":0.1567,"run_count":50,"level":"low"}},{"type":"Feature","geometry":{"type":"LineString","coordinates":[[139.5357574,35.311131],[139.5352352,35.3109914]]},"properties":{"edge_u":"6622547962","edge_v":"6707901853","avg_max_density":0.0739,"run_count":50,"level":"low"}},{"type":"Feature","geometry":{"type":"LineString","coordinates":[[139.5357574,35.311131],[139.5356877,35.3113436]]},"properties":{"edge_u":"6622547962","edge_v":"9976832484","avg_max_density":0.1577,"run_count":50,"level":"low"}},{"type":"Feature","geometry":{"type":"LineString","coordinates":[[139.5351742,35.3118974],[139.5355202,35.3118591]]},"properties":{"edge_u":"6622547966","edge_v":"6622547969","avg_max_density":0.264,"run_count":50,"level":"low"}},{"type":"Feature","geometry":{"type":"LineString","coordinates":[[139.5355202,35.3118591],[139.5356877,35.3113436]]},"properties":{"edge_u":"6622547969","edge_v":"9976832484","avg_max_density":0.2376,"run_count":50,"level":"low"}},{"type":"Feature","geometry":{"type":"LineString","coordinates":[[139.5530017,35.3104533],[139.5526139,35.3105218]]},"properties":{"edge_u":"6625288973","edge_v":"6625288975","avg_max_density":0.052,"run_count":50,"level":"low"}},{"type":"Feature","geometry":{"type":"LineString","coordinates":[[139.5529812,35.3101817],[139.552569,35.3102403]]},"properties":{"edge_u":"6625288976","edge_v":"6625288978","avg_max_density":0.1019,"run_count":50,"level":"low"}},{"type":"Feature","geometry":{"type":"LineString","coordinates":[[139.5506673,35.3102022],[139.5506011,35.3100586]]},"properties":{"edge_u":"6625312738","edge_v":"6625312739","avg_max_density":0.0942,"run_count":50,"level":"low"}},{"type":"Feature","geometry":{"type":"LineString","coordinates":[[139.5511515,35.3120287],[139.5507798,35.3121843]]},"properties":{"edge_u":"6625312745","edge_v":"6625312746","avg_max_density":0.0874,"run_count":50,"level":"low"}},{"type":"Feature","geometry":{"type":"LineString","coordinates":[[139.5540208,35.3145025],[139.5546804,35.3141994]]},"properties":{"edge_u":"6629385316","edge_v":"6629385320","avg_max_density":0.1527,"run_count":50,"level":"low"}},{"type":"Feature","geometry":{"type":"LineString","coordinates":[[139.5555041,35.3137625],[139.5558963,35.3135544]]},"properties":{"edge_u":"6629385325","edge_v":"6629385327","avg_max_density":0.163,"run_count":50,"level":"low"}},{"type":"Feature","geometry":{"type":"LineString","coordinates":[[139.5558963,35.3135544],[139.5563905,35.3132894]]},"properties":{"edge_u":"6629385327","edge_v":"6629385331","avg_max_density":0.1497,"run_count":50,"level":"low"}},{"type":"Feature","geometry":{"type":"LineString","coordinates":[[139.5563925,35.3132052],[139.5566354,35.3128304]]},"properties":{"edge_u":"6629385338","edge_v":"6629385343","avg_max_density":0.2016,"run_count":50,"level":"low"}},{"type":"Feature","geometry":{"type":"LineString","coordinates":[[139.5566354,35.3128304],[139.5567523,35.3124134]]},"properties":{"edge_u":"6629385343","edge_v":"6629385347","avg_max_density":0.2169,"run_count":50,"level":"low"}},{"type":"Feature","geometry":{"type":"LineString","coordinates":[[139.5567523,35.3124134],[139.5573675,35.3113951]]},"properties":{"edge_u":"6629385347","edge_v":"6629385355","avg_max_density":0.0279,"run_count":50,"level":"low"}},{"type":"Feature","geometry":{"type":"LineString","coordinates":[[139.5567137,35.3128791],[139.5575223,35.3113046]]},"properties":{"edge_u":"6629385356","edge_v":"6629385365","avg_max_density":0.0157,"run_count":50,"level":"low"}},{"type":"Feature","geometry":{"type":"LineString","coordinates":[[139.5532362,35.3146617],[139.5525578,35.3148606]]},"properties":{"edge_u":"6629390415","edge_v":"6629390419","avg_max_density":0.1237,"run_count":50,"level":"low"}},{"type":"Feature","geometry":{"type":"LineString","coordinates":[[139.5525578,35.3148606],[139.5522217,35.3149649]]},"properties":{"edge_u":"6629390419","edge_v":"6629390422","avg_max_density":0.0608,"run_count":50,"level":"low"}},{"type":"Feature","geometry":{"type":"LineString","coordinates":[[139.5521573,35.3149857],[139.5515887,35.3152078]]},"properties":{"edge_u":"6629390423","edge_v":"6629390427","avg_max_density":0.3058,"run_count":50,"level":"low"}},{"type":"Feature","geometry":{"type":"LineString","coordinates":[[139.5515887,35.3152078],[139.5512628,35.3153539]]},"properties":{"edge_u":"6629390427","edge_v":"6629390430","avg_max_density":0.2377,"run_count":50,"level":"low"}},{"type":"Feature","geometry":{"type":"LineString","coordinates":[[139.5514491,35.3153438],[139.5522964,35.3150195]]},"properties":{"edge_u":"6629390441","edge_v":"6629390445","avg_max_density":0.1703,"run_count":50,"level":"low"}},{"type":"Feature","geometry":{"type":"LineString","coordinates":[[139.5514491,35.3153438],[139.550897,35.3167345]]},"properties":{"edge_u":"6629390441","edge_v":"6652594210","avg_max_density":0.0728,"run_count":50,"level":"low"}},{"type":"Feature","geometry":{"type":"LineString","coordinates":[[139.5522964,35.3150195],[139.5532597,35.3147378]]},"properties":{"edge_u":"6629390445","edge_v":"6629390452","avg_max_density":0.0874,"run_count":50,"level":"low"}},{"type":"Feature","geometry":{"type":"LineString","coordinates":[[139.5533931,35.3146251],[139.5539573,35.3144532]]},"properties":{"edge_u":"6629390459","edge_v":"6629390462","avg_max_density":0.0635,"run_count":50,"level":"low"}},{"type":"Feature","geometry":{"type":"LineString","coordinates":[[139.5539573,35.3144532],[139.5547139,35.3140999]]},"properties":{"edge_u":"6629390462","edge_v":"6629390466","avg_max_density":0.2087,"run_count":50,"level":"low"}},{"type":"Feature","geometry":{"type":"LineString","coordinates":[[139.5547139,35.3140999],[139.5550554,35.3139132]]},"properties":{"edge_u":"6629390466","edge_v":"6629390469","avg_max_density":0.2024,"run_count":50,"level":"low"}},{"type":"Feature","geometry":{"type":"LineString","coordinates":[[139.5558514,35.3104069],[139.5559265,35.3105289]]},"properties":{"edge_u":"6630213836","edge_v":"6630213837","avg_max_density":0.1199,"run_count":50,"level":"low"}},{"type":"Feature","geometry":{"type":"LineString","coordinates":[[139.5547364,35.3100637],[139.5549964,35.309915]]},"properties":{"edge_u":"6630214433","edge_v":"6630214434","avg_max_density":0.1409,"run_count":50,"level":"low"}},{"type":"Feature","geometry":{"type":"LineString","coordinates":[[139.5547364,35.3100637],[139.554968,35.3103548]]},"properties":{"edge_u":"6630214433","edge_v":"6630214438","avg_max_density":0.1027,"run_count":50,"level":"low"}},{"type":"Feature","geometry":{"type":"LineString","coordinates":[[139.5550804,35.3104966],[139.555319,35.3103806]]},"properties":{"edge_u":"6630214435","edge_v":"6630214436","avg_max_density":0.0686,"run_count":50,"level":"low"}},{"type":"Feature","geometry":{"type":"LineString","coordinates":[[139.5550804,35.3104966],[139.5549816,35.3103719]]},"properties":{"edge_u":"6630214435","edge_v":"6630214440","avg_max_density":0.0681,"run_count":50,"level":"low"}},{"type":"Feature","geometry":{"type":"LineString","coordinates":[[139.554968,35.3103548],[139.5549816,35.3103719]]},"properties":{"edge_u":"6630214438","edge_v":"6630214440","avg_max_density":0.214,"run_count":50,"level":"low"}},{"type":"Feature","geometry":{"type":"LineString","coordinates":[[139.5549816,35.3103719],[139.555153,35.3102736]]},"properties":{"edge_u":"6630214440","edge_v":"6630214441","avg_max_density":0.0524,"run_count":50,"level":"low"}},{"type":"Feature","geometry":{"type":"LineString","coordinates":[[139.5519179,35.3112468],[139.5517936,35.3110862]]},"properties":{"edge_u":"6630215004","edge_v":"6630215005","avg_max_density":0.072,"run_count":50,"level":"low"}},{"type":"Feature","geometry":{"type":"LineString","coordinates":[[139.5517936,35.3110862],[139.5519565,35.3110995]]},"properties":{"edge_u":"6630215005","edge_v":"6630215016","avg_max_density":0.2794,"run_count":50,"level":"low"}},{"type":"Feature","geometry":{"type":"LineString","coordinates":[[139.5526401,35.3108622],[139.5530356,35.3107588]]},"properties":{"edge_u":"6630215006","edge_v":"6630215009","avg_max_density":0.0571,"run_count":50,"level":"low"}},{"type":"Feature","geometry":{"type":"LineString","coordinates":[[139.5522559,35.3106788],[139.5522057,35.3106108]]},"properties":{"edge_u":"6630215010","edge_v":"6630215011","avg_max_density":0.098,"run_count":50,"level":"low"}},{"type":"Feature","geometry":{"type":"LineString","coordinates":[[139.5522057,35.3106108],[139.5522907,35.3105661]]},"properties":{"edge_u":"6630215011","edge_v":"6630215012","avg_max_density":0.0953,"run_count":50,"level":"low"}},{"type":"Feature","geometry":{"type":"LineString","coordinates":[[139.5519565,35.3110995],[139.5518931,35.3109552]]},"properties":{"edge_u":"6630215016","edge_v":"6630215019","avg_max_density":0.072,"run_count":50,"level":"low"}},{"type":"Feature","geometry":{"type":"LineString","coordinates":[[139.5446089,35.3124484],[139.544756,35.3125967]]},"properties":{"edge_u":"6631051636","edge_v":"6631051637","avg_max_density":0.1552,"run_count":50,"level":"low"}},{"type":"Feature","geometry":{"type":"LineString","coordinates":[[139.544756,35.3125967],[139.5445444,35.3127821]]},"properties":{"edge_u":"6631051637","edge_v":"6631051638","avg_max_density":0.0345,"run_count":50,"level":"low"}},{"type":"Feature","geometry":{"type":"LineString","coordinates":[[139.5410432,35.3129578],[139.5411596,35.3129146]]},"properties":{"edge_u":"6631051683","edge_v":"6631051684","avg_max_density":0.0948,"run_count":50,"level":"low"}},{"type":"Feature","geometry":{"type":"LineString","coordinates":[[139.5415657,35.3123766],[139.541287,35.3123324]]},"properties":{"edge_u":"6631051685","edge_v":"6631051686","avg_max_density":0.1974,"run_count":50,"level":"low"}},{"type":"Feature","geometry":{"type":"LineString","coordinates":[[139.5403361,35.3134323],[139.5402638,35.3136618]]},"properties":{"edge_u":"6631051687","edge_v":"6631051688","avg_max_density":0.0546,"run_count":50,"level":"low"}},{"type":"Feature","geometry":{"type":"LineString","coordinates":[[139.54283,35.312056],[139.5424853,35.3120222]]},"properties":{"edge_u":"6631052277","edge_v":"6631052278","avg_max_density":0.1259,"run_count":50,"level":"low"}},{"type":"Feature","geometry":{"type":"LineString","coordinates":[[139.54283,35.312056],[139.5429432,35.3110345]]},"properties":{"edge_u":"6631052277","edge_v":"6631052283","avg_max_density":0.086,"run_count":50,"level":"low"}},{"type":"Feature","geometry":{"type":"LineString","coordinates":[[139.54283,35.312056],[139.5427795,35.3123058]]},"properties":{"edge_u":"6631052277","edge_v":"6631052285","avg_max_density":0.1539,"run_count":50,"level":"low"}},{"type":"Feature","geometry":{"type":"LineString","coordinates":[[139.542905,35.3125207],[139.5427795,35.3123058]]},"properties":{"edge_u":"6631052284","edge_v":"6631052285","avg_max_density":0.1065,"run_count":50,"level":"low"}},{"type":"Feature","geometry":{"type":"LineString","coordinates":[[139.5344743,35.3138583],[139.5345372,35.3135494]]},"properties":{"edge_u":"6632502108","edge_v":"6632502109","avg_max_density":0.1019,"run_count":50,"level":"low"}},{"type":"Feature","geometry":{"type":"LineString","coordinates":[[139.5330456,35.3077713],[139.532887,35.3078296]]},"properties":{"edge_u":"6632593662","edge_v":"6632593663","avg_max_density":0.0456,"run_count":50,"level":"low"}},{"type":"Feature","geometry":{"type":"LineString","coordinates":[[139.5329802,35.3084539],[139.5328112,35.3085896]]},"properties":{"edge_u":"6632593664","edge_v":"6632593665","avg_max_density":0.0351,"run_count":50,"level":"low"}},{"type":"Feature","geometry":{"type":"LineString","coordinates":[[139.5542441,35.307748],[139.5538659,35.3081831]]},"properties":{"edge_u":"6632598176","edge_v":"6632598179","avg_max_density":0.0399,"run_count":50,"level":"low"}},{"type":"Feature","geometry":{"type":"LineString","coordinates":[[139.5541841,35.3091726],[139.5546645,35.3088994]]},"properties":{"edge_u":"6632607466","edge_v":"6632607468","avg_max_density":0.0644,"run_count":50,"level":"low"}},{"type":"Feature","geometry":{"type":"LineString","coordinates":[[139.5222661,35.3046502],[139.5224638,35.3046934]]},"properties":{"edge_u":"6634968634","edge_v":"759649494","avg_max_density":0.0894,"run_count":50,"level":"low"}},{"type":"Feature","geometry":{"type":"LineString","coordinates":[[139.5251061,35.3024529],[139.5251756,35.3026353]]},"properties":{"edge_u":"6635018416","edge_v":"6635018429","avg_max_density":11.3528,"run_count":50,"level":"high"}},{"type":"Feature","geometry":{"type":"LineString","coordinates":[[139.5251061,35.3024529],[139.525061,35.3023343]]},"properties":{"edge_u":"6635018416","edge_v":"6635018433","avg_max_density":0.0976,"run_count":50,"level":"low"}},{"type":"Feature","geometry":{"type":"LineString","coordinates":[[139.5252044,35.3027711],[139.5251756,35.3026353]]},"properties":{"edge_u":"6635018428","edge_v":"6635018429","avg_max_density":27.9991,"run_count":50,"level":"high"}},{"type":"Feature","geometry":{"type":"LineString","coordinates":[[139.5251756,35.3026353],[139.5252212,35.3024164]]},"properties":{"edge_u":"6635018429","edge_v":"6635018430","avg_max_density":0.3183,"run_count":50,"level":"low"}},{"type":"Feature","geometry":{"type":"LineString","coordinates":[[139.5252212,35.3024164],[139.525061,35.3023343]]},"properties":{"edge_u":"6635018430","edge_v":"6635018433","avg_max_density":0.0628,"run_count":50,"level":"low"}},{"type":"Feature","geometry":{"type":"LineString","coordinates":[[139.525354,35.3051673],[139.5251609,35.3050288]]},"properties":{"edge_u":"6635019042","edge_v":"6635019043","avg_max_density":0.0483,"run_count":50,"level":"low"}},{"type":"Feature","geometry":{"type":"LineString","coordinates":[[139.5253206,35.3047208],[139.5251816,35.3045172]]},"properties":{"edge_u":"6635019044","edge_v":"6635019045","avg_max_density":0.0949,"run_count":50,"level":"low"}},{"type":"Feature","geometry":{"type":"LineString","coordinates":[[139.5114406,35.3080955],[139.511198,35.308107]]},"properties":{"edge_u":"6636588538","edge_v":"6636588540","avg_max_density":0.0566,"run_count":50,"level":"low"}},{"type":"Feature","geometry":{"type":"LineString","coordinates":[[139.5114406,35.3080955],[139.5114084,35.3076757]]},"properties":{"edge_u":"6636588538","edge_v":"677435654","avg_max_density":0.0701,"run_count":50,"level":"low"}},{"type":"Feature","geometry":{"type":"LineString","coordinates":[[139.5107782,35.3077699],[139.5107693,35.3073801]]},"properties":{"edge_u":"6636662619","edge_v":"6636662620","avg_max_density":0.121,"run_count":50,"level":"low"}},{"type":"Feature","geometry":{"type":"LineString","coordinates":[[139.510455,35.3058864],[139.5097801,35.3054338]]},"properties":{"edge_u":"6636663105","edge_v":"9896186209","avg_max_density":0.0523,"run_count":50,"level":"low"}},{"type":"Feature","geometry":{"type":"LineString","coordinates":[[139.5520735,35.3098635],[139.5519957,35.3092858]]},"properties":{"edge_u":"6636848191","edge_v":"6636848195","avg_max_density":0.0448,"run_count":50,"level":"low"}},{"type":"Feature","geometry":{"type":"LineString","coordinates":[[139.5517778,35.3078465],[139.5515738,35.3076319]]},"properties":{"edge_u":"6636848196","edge_v":"6636848198","avg_max_density":0.0932,"run_count":50,"level":"low"}},{"type":"Feature","geometry":{"type":"LineString","coordinates":[[139.5537051,35.3074839],[139.5536573,35.3073716]]},"properties":{"edge_u":"6636848199","edge_v":"6636848200","avg_max_density":0.1679,"run_count":50,"level":"low"}},{"type":"Feature","geometry":{"type":"LineString","coordinates":[[139.5537051,35.3074839],[139.5535765,35.3074732]]},"properties":{"edge_u":"6636848199","edge_v":"6636848203","avg_max_density":0.1194,"run_count":50,"level":"low"}},{"type":"Feature","geometry":{"type":"LineString","coordinates":[[139.5537257,35.3077639],[139.5535765,35.3074732]]},"properties":{"edge_u":"6636848201","edge_v":"6636848203","avg_max_density":0.0806,"run_count":50,"level":"low"}},{"type":"Feature","geometry":{"type":"LineString","coordinates":[[139.5199915,35.3039166],[139.5189446,35.3039236]]},"properties":{"edge_u":"6637051408","edge_v":"6637051416","avg_max_density":0.1041,"run_count":50,"level":"low"}},{"type":"Feature","geometry":{"type":"LineString","coordinates":[[139.5199915,35.3039166],[139.5199681,35.3033276]]},"properties":{"edge_u":"6637051408","edge_v":"6637051425","avg_max_density":0.0252,"run_count":50,"level":"low"}},{"type":"Feature","geometry":{"type":"LineString","coordinates":[[139.5199915,35.3039166],[139.5204342,35.3040323]]},"properties":{"edge_u":"6637051408","edge_v":"723776869","avg_max_density":0.1389,"run_count":50,"level":"low"}},{"type":"Feature","geometry":{"type":"LineString","coordinates":[[139.519969,35.3032873],[139.5199681,35.3033276]]},"properties":{"edge_u":"6637051424","edge_v":"6637051425","avg_max_density":0.2231,"run_count":50,"level":"low"}},{"type":"Feature","geometry":{"type":"LineString","coordinates":[[139.5199681,35.3033276],[139.5201974,35.3033344]]},"properties":{"edge_u":"6637051425","edge_v":"6637051434","avg_max_density":0.2862,"run_count":50,"level":"low"}},{"type":"Feature","geometry":{"type":"LineString","coordinates":[[139.5201974,35.3033344],[139.5203952,35.303231]]},"properties":{"edge_u":"6637051434","edge_v":"6637051438","avg_max_density":0.2834,"run_count":50,"level":"low"}},{"type":"Feature","geometry":{"type":"LineString","coordinates":[[139.5201974,35.3033344],[139.5210086,35.3033971]]},"properties":{"edge_u":"6637051434","edge_v":"6637051444","avg_max_density":0.1582,"run_count":50,"level":"low"}},{"type":"Feature","geometry":{"type":"LineString","coordinates":[[139.5210117,35.3033634],[139.5210086,35.3033971]]},"properties":{"edge_u":"6637051443","edge_v":"6637051444","avg_max_density":0.1358,"run_count":49,"level":"low"}},{"type":"Feature","geometry":{"type":"LineString","coordinates":[[139.5210086,35.3033971],[139.5210517,35.3034895]]},"properties":{"edge_u":"6637051444","edge_v":"6637051446","avg_max_density":0.0699,"run_count":50,"level":"low"}},{"type":"Feature","geometry":{"type":"LineString","coordinates":[[139.5243515,35.3025351],[139.5244782,35.3026491]]},"properties":{"edge_u":"6637051466","edge_v":"6637051467","avg_max_density":0.1963,"run_count":50,"level":"low"}},{"type":"Feature","geometry":{"type":"LineString","coordinates":[[139.5237312,35.3044636],[139.5236474,35.304549]]},"properties":{"edge_u":"6637051483","edge_v":"6637051484","avg_max_density":0.1885,"run_count":50,"level":"low"}},{"type":"Feature","geometry":{"type":"LineString","coordinates":[[139.5237312,35.3044636],[139.523821,35.3044795]]},"properties":{"edge_u":"6637051483","edge_v":"723776510","avg_max_density":0.2998,"run_count":50,"level":"low"}},{"type":"Feature","geometry":{"type":"LineString","coordinates":[[139.5235613,35.3042346],[139.5231885,35.3043009]]},"properties":{"edge_u":"6637052791","edge_v":"6651974996","avg_max_density":0.1585,"run_count":50,"level":"low"}},{"type":"Feature","geometry":{"type":"LineString","coordinates":[[139.5235613,35.3042346],[139.523821,35.3044795]]},"properties":{"edge_u":"6637052791","edge_v":"723776510","avg_max_density":0.1022,"run_count":50,"level":"low"}},{"type":"Feature","geometry":{"type":"LineString","coordinates":[[139.5235613,35.3042346],[139.5234711,35.3041495]]},"properties":{"edge_u":"6637052791","edge_v":"759647847","avg_max_density":0.1087,"run_count":50,"level":"low"}},{"type":"Feature","geometry":{"type":"LineString","coordinates":[[139.5218736,35.3043928],[139.5218158,35.3043935]]},"properties":{"edge_u":"6637052842","edge_v":"759648672","avg_max_density":0.143,"run_count":50,"level":"low"}},{"type":"Feature","geometry":{"type":"LineString","coordinates":[[139.5218736,35.3043928],[139.5225932,35.3043419]]},"properties":{"edge_u":"6637052842","edge_v":"759649686","avg_max_density":0.0545,"run_count":50,"level":"low"}},{"type":"Feature","geometry":{"type":"LineString","coordinates":[[139.5583693,35.2987484],[139.5586563,35.2986069]]},"properties":{"edge_u":"6642889793","edge_v":"6642889795","avg_max_density":0.063,"run_count":50,"level":"low"}},{"type":"Feature","geometry":{"type":"LineString","coordinates":[[139.5258743,35.3053518],[139.5260941,35.3052024]]},"properties":{"edge_u":"6644972861","edge_v":"759646985","avg_max_density":0.0724,"run_count":50,"level":"low"}},{"type":"Feature","geometry":{"type":"LineString","coordinates":[[139.5589679,35.3012748],[139.5587969,35.3016176]]},"properties":{"edge_u":"6645196218","edge_v":"6645196225","avg_max_density":0.0521,"run_count":50,"level":"low"}},{"type":"Feature","geometry":{"type":"LineString","coordinates":[[139.5589909,35.3016694],[139.5587969,35.3016176]]},"properties":{"edge_u":"6645196224","edge_v":"6645196225","avg_max_density":0.1018,"run_count":50,"level":"low"}},{"type":"Feature","geometry":{"type":"LineString","coordinates":[[139.5604567,35.3006701],[139.5601554,35.3005006]]},"properties":{"edge_u":"6645196452","edge_v":"6645196454","avg_max_density":0.0432,"run_count":50,"level":"low"}},{"type":"Feature","geometry":{"type":"LineString","coordinates":[[139.5510588,35.3197485],[139.5514109,35.3196544]]},"properties":{"edge_u":"6646343609","edge_v":"6646343610","avg_max_density":0.1419,"run_count":50,"level":"low"}},{"type":"Feature","geometry":{"type":"LineString","coordinates":[[139.5513085,35.319851],[139.5514794,35.3197997]]},"properties":{"edge_u":"6646343614","edge_v":"6646343615","avg_max_density":0.1913,"run_count":50,"level":"low"}},{"type":"Feature","geometry":{"type":"LineString","coordinates":[[139.5514794,35.3197997],[139.5515311,35.319908]]},"properties":{"edge_u":"6646343615","edge_v":"6646343619","avg_max_density":0.0692,"run_count":50,"level":"low"}},{"type":"Feature","geometry":{"type":"LineString","coordinates":[[139.5513213,35.3199795],[139.5515311,35.319908]]},"properties":{"edge_u":"6646343618","edge_v":"6646343619","avg_max_density":0.0548,"run_count":50,"level":"low"}},{"type":"Feature","geometry":{"type":"LineString","coordinates":[[139.5515597,35.3202728],[139.5516878,35.32022]]},"properties":{"edge_u":"6646351843","edge_v":"6646351844","avg_max_density":0.1221,"run_count":50,"level":"low"}},{"type":"Feature","geometry":{"type":"LineString","coordinates":[[139.5396457,35.3130891],[139.5396043,35.3133012]]},"properties":{"edge_u":"6650522115","edge_v":"6650522116","avg_max_density":0.2219,"run_count":50,"level":"low"}},{"type":"Feature","geometry":{"type":"LineString","coordinates":[[139.5232888,35.3040088],[139.5231885,35.3043009]]},"properties":{"edge_u":"6651974993","edge_v":"6651974996","avg_max_density":0.3578,"run_count":50,"level":"low"}},{"type":"Feature","geometry":{"type":"LineString","coordinates":[[139.5232888,35.3040088],[139.5234711,35.3041495]]},"properties":{"edge_u":"6651974993","edge_v":"759647847","avg_max_density":0.1911,"run_count":50,"level":"low"}},{"type":"Feature","geometry":{"type":"LineString","coordinates":[[139.5231885,35.3043009],[139.5224934,35.3042299]]},"properties":{"edge_u":"6651974996","edge_v":"6651974997","avg_max_density":0.0877,"run_count":50,"level":"low"}},{"type":"Feature","geometry":{"type":"LineString","coordinates":[[139.5234711,35.3040945],[139.5234711,35.3041495]]},"properties":{"edge_u":"6652010192","edge_v":"759647847","avg_max_density":0.2551,"run_count":50,"level":"low"}},{"type":"Feature","geometry":{"type":"LineString","coordinates":[[139.5465529,35.3141292],[139.5466671,35.3141972]]},"properties":{"edge_u":"6652592602","edge_v":"6652592603","avg_max_density":0.1299,"run_count":50,"level":"low"}},{"type":"Feature","geometry":{"type":"LineString","coordinates":[[139.5517627,35.3187887],[139.5513772,35.3180896]]},"properties":{"edge_u":"6652594198","edge_v":"6654360470","avg_max_density":0.5473,"run_count":50,"level":"medium"}},{"type":"Feature","geometry":{"type":"LineString","coordinates":[[139.5519845,35.3186848],[139.552096,35.3188705]]},"properties":{"edge_u":"6652594199","edge_v":"6652594201","avg_max_density":0.0383,"run_count":50,"level":"low"}},{"type":"Feature","geometry":{"type":"LineString","coordinates":[[139.5514633,35.3180512],[139.5515583,35.3180142]]},"properties":{"edge_u":"6652594206","edge_v":"6654360468","avg_max_density":0.1403,"run_count":50,"level":"low"}},{"type":"Feature","geometry":{"type":"LineString","coordinates":[[139.5514633,35.3180512],[139.5513772,35.3180896]]},"properties":{"edge_u":"6652594206","edge_v":"6654360470","avg_max_density":0.1674,"run_count":50,"level":"low"}},{"type":"Feature","geometry":{"type":"LineString","coordinates":[[139.5470953,35.3108463],[139.5471741,35.3109536]]},"properties":{"edge_u":"6654353353","edge_v":"6654531566","avg_max_density":0.354,"run_count":50,"level":"low"}},{"type":"Feature","geometry":{"type":"LineString","coordinates":[[139.5440309,35.3096726],[139.5440269,35.309643]]},"properties":{"edge_u":"6654353359","edge_v":"6654353360","avg_max_density":0.0936,"run_count":50,"level":"low"}},{"type":"Feature","geometry":{"type":"LineString","coordinates":[[139.5440309,35.3096726],[139.5440322,35.3096994]]},"properties":{"edge_u":"6654353359","edge_v":"6654360064","avg_max_density":0.1095,"run_count":49,"level":"low"}},{"type":"Feature","geometry":{"type":"LineString","coordinates":[[139.5440596,35.30999],[139.5440657,35.310008]]},"properties":{"edge_u":"6654353361","edge_v":"6654360025","avg_max_density":0.1517,"run_count":50,"level":"low"}},{"type":"Feature","geometry":{"type":"LineString","coordinates":[[139.5440596,35.30999],[139.544055,35.3099719]]},"properties":{"edge_u":"6654353361","edge_v":"6654360062","avg_max_density":0.1241,"run_count":48,"level":"low"}},{"type":"Feature","geometry":{"type":"LineString","coordinates":[[139.5428071,35.3097472],[139.5440678,35.3102162]]},"properties":{"edge_u":"6654353370","edge_v":"6654353371","avg_max_density":0.0695,"run_count":50,"level":"low"}},{"type":"Feature","geometry":{"type":"LineString","coordinates":[[139.5440678,35.3102162],[139.5440657,35.310008]]},"properties":{"edge_u":"6654353371","edge_v":"6654360025","avg_max_density":0.0597,"run_count":50,"level":"low"}},{"type":"Feature","geometry":{"type":"LineString","coordinates":[[139.544055,35.3099719],[139.5440322,35.3096994]]},"properties":{"edge_u":"6654360062","edge_v":"6654360064","avg_max_density":0.0283,"run_count":50,"level":"low"}},{"type":"Feature","geometry":{"type":"LineString","coordinates":[[139.5466232,35.3153265],[139.5464857,35.3154482]]},"properties":{"edge_u":"6654360101","edge_v":"6819147490","avg_max_density":0.2689,"run_count":50,"level":"low"}},{"type":"Feature","geometry":{"type":"LineString","coordinates":[[139.5465387,35.3102765],[139.5464588,35.3103156]]},"properties":{"edge_u":"6654496114","edge_v":"6654496115","avg_max_density":0.1356,"run_count":50,"level":"low"}},{"type":"Feature","geometry":{"type":"LineString","coordinates":[[139.5464588,35.3103156],[139.5463583,35.3103648]]},"properties":{"edge_u":"6654496115","edge_v":"6654496118","avg_max_density":0.3962,"run_count":50,"level":"low"}},{"type":"Feature","geometry":{"type":"LineString","coordinates":[[139.5462351,35.310425],[139.5463583,35.3103648]]},"properties":{"edge_u":"6654496117","edge_v":"6654496118","avg_max_density":0.3653,"run_count":50,"level":"low"}},{"type":"Feature","geometry":{"type":"LineString","coordinates":[[139.5462351,35.310425],[139.5465025,35.310507]]},"properties":{"edge_u":"6654496117","edge_v":"6654496120","avg_max_density":0.0488,"run_count":50,"level":"low"}},{"type":"Feature","geometry":{"type":"LineString","coordinates":[[139.5462351,35.310425],[139.5459255,35.3100917]]},"properties":{"edge_u":"6654496117","edge_v":"6654496124","avg_max_density":0.2575,"run_count":50,"level":"low"}},{"type":"Feature","geometry":{"type":"LineString","coordinates":[[139.5463583,35.3103648],[139.5465025,35.310507]]},"properties":{"edge_u":"6654496118","edge_v":"6654496120","avg_max_density":0.1689,"run_count":50,"level":"low"}},{"type":"Feature","geometry":{"type":"LineString","coordinates":[[139.5465441,35.3105497],[139.5465025,35.310507]]},"properties":{"edge_u":"6654496119","edge_v":"6654496120","avg_max_density":0.1473,"run_count":50,"level":"low"}},{"type":"Feature","geometry":{"type":"LineString","coordinates":[[139.5499982,35.3156329],[139.5500759,35.3155979]]},"properties":{"edge_u":"6654531538","edge_v":"6654531547","avg_max_density":0.3477,"run_count":50,"level":"low"}},{"type":"Feature","geometry":{"type":"LineString","coordinates":[[139.5499982,35.3156329],[139.549919,35.3156521]]},"properties":{"edge_u":"6654531538","edge_v":"6654531552","avg_max_density":0.1679,"run_count":50,"level":"low"}},{"type":"Feature","geometry":{"type":"LineString","coordinates":[[139.5499176,35.3156734],[139.549919,35.3156521]]},"properties":{"edge_u":"6654531540","edge_v":"6654531552","avg_max_density":0.3204,"run_count":50,"level":"low"}},{"type":"Feature","geometry":{"type":"LineString","coordinates":[[139.5501139,35.3158316],[139.5499765,35.3158667]]},"properties":{"edge_u":"6654531544","edge_v":"6654531546","avg_max_density":0.1415,"run_count":50,"level":"low"}},{"type":"Feature","geometry":{"type":"LineString","coordinates":[[139.5500759,35.3155979],[139.5501658,35.3157216]]},"properties":{"edge_u":"6654531547","edge_v":"6654531550","avg_max_density":0.4405,"run_count":50,"level":"low"}},{"type":"Feature","geometry":{"type":"LineString","coordinates":[[139.5500759,35.3155979],[139.5495203,35.3146693]]},"properties":{"edge_u":"6654531547","edge_v":"6654531553","avg_max_density":0.4374,"run_count":50,"level":"low"}},{"type":"Feature","geometry":{"type":"LineString","coordinates":[[139.5495203,35.3146693],[139.5494167,35.3146686]]},"properties":{"edge_u":"6654531553","edge_v":"6654531557","avg_max_density":0.174,"run_count":50,"level":"low"}},{"type":"Feature","geometry":{"type":"LineString","coordinates":[[139.5492956,35.3146756],[139.5494167,35.3146686]]},"properties":{"edge_u":"6654531555","edge_v":"6654531557","avg_max_density":0.1634,"run_count":50,"level":"low"}},{"type":"Feature","geometry":{"type":"LineString","coordinates":[[139.5494468,35.3145389],[139.5493238,35.3143469]]},"properties":{"edge_u":"6654531558","edge_v":"6654531559","avg_max_density":0.1121,"run_count":50,"level":"low"}},{"type":"Feature","geometry":{"type":"LineString","coordinates":[[139.5549275,35.323643],[139.5537676,35.3217454]]},"properties":{"edge_u":"6654572993","edge_v":"6654572998","avg_max_density":0.0108,"run_count":50,"level":"low"}},{"type":"Feature","geometry":{"type":"LineString","coordinates":[[139.5537676,35.3217454],[139.553704,35.3217737]]},"properties":{"edge_u":"6654572998","edge_v":"6654573000","avg_max_density":0.1278,"run_count":50,"level":"low"}},{"type":"Feature","geometry":{"type":"LineString","coordinates":[[139.553704,35.3217737],[139.5536479,35.3217987]]},"properties":{"edge_u":"6654573000","edge_v":"6654573001","avg_max_density":0.2293,"run_count":50,"level":"low"}},{"type":"Feature","geometry":{"type":"LineString","coordinates":[[139.5536479,35.3217987],[139.5541307,35.3225739]]},"properties":{"edge_u":"6654573001","edge_v":"7967987906","avg_max_density":0.0085,"run_count":46,"level":"low"}},{"type":"Feature","geometry":{"type":"LineString","coordinates":[[139.5492263,35.3164258],[139.5490019,35.3164787]]},"properties":{"edge_u":"6661627758","edge_v":"6661627759","avg_max_density":0.1002,"run_count":50,"level":"low"}},{"type":"Feature","geometry":{"type":"LineString","coordinates":[[139.5490019,35.3164787],[139.5489584,35.3162634]]},"properties":{"edge_u":"6661627759","edge_v":"6681149468","avg_max_density":0.0941,"run_count":50,"level":"low"}},{"type":"Feature","geometry":{"type":"LineString","coordinates":[[139.5497389,35.3180569],[139.5495113,35.3181219]]},"properties":{"edge_u":"6661627771","edge_v":"6661627772","avg_max_density":0.1518,"run_count":50,"level":"low"}},{"type":"Feature","geometry":{"type":"LineString","coordinates":[[139.5541832,35.3056563],[139.5540261,35.3055214]]},"properties":{"edge_u":"6670494409","edge_v":"6670494410","avg_max_density":0.0329,"run_count":50,"level":"low"}},{"type":"Feature","geometry":{"type":"LineString","coordinates":[[139.5546591,35.3063406],[139.5545571,35.3060793]]},"properties":{"edge_u":"6670527238","edge_v":"6670527240","avg_max_density":0.04,"run_count":50,"level":"low"}},{"type":"Feature","geometry":{"type":"LineString","coordinates":[[139.5545571,35.3060793],[139.5542365,35.3059924]]},"properties":{"edge_u":"6670527240","edge_v":"6670527241","avg_max_density":0.0885,"run_count":50,"level":"low"}},{"type":"Feature","geometry":{"type":"LineString","coordinates":[[139.5542365,35.3059924],[139.5543775,35.305859]]},"properties":{"edge_u":"6670527241","edge_v":"6670527243","avg_max_density":0.0686,"run_count":50,"level":"low"}},{"type":"Feature","geometry":{"type":"LineString","coordinates":[[139.5541173,35.3062454],[139.5537718,35.3060727]]},"properties":{"edge_u":"6670527446","edge_v":"6670527447","avg_max_density":0.0595,"run_count":50,"level":"low"}},{"type":"Feature","geometry":{"type":"LineString","coordinates":[[139.5547081,35.305395],[139.5543882,35.3054202]]},"properties":{"edge_u":"6670527452","edge_v":"6670527458","avg_max_density":0.1145,"run_count":50,"level":"low"}},{"type":"Feature","geometry":{"type":"LineString","coordinates":[[139.5554826,35.3065573],[139.5554917,35.3063118]]},"properties":{"edge_u":"6670527468","edge_v":"6670527469","avg_max_density":0.0332,"run_count":50,"level":"low"}},{"type":"Feature","geometry":{"type":"LineString","coordinates":[[139.54905,35.3162151],[139.5489584,35.3162634]]},"properties":{"edge_u":"6681149467","edge_v":"6681149468","avg_max_density":0.2011,"run_count":50,"level":"low"}},{"type":"Feature","geometry":{"type":"LineString","coordinates":[[139.5413662,35.3127661],[139.5412226,35.3126912]]},"properties":{"edge_u":"6688269891","edge_v":"6688269894","avg_max_density":0.1052,"run_count":50,"level":"low"}},{"type":"Feature","geometry":{"type":"LineString","coordinates":[[139.5377144,35.3131235],[139.5376841,35.3133365]]},"properties":{"edge_u":"6691337077","edge_v":"6691337078","avg_max_density":0.0685,"run_count":50,"level":"low"}},{"type":"Feature","geometry":{"type":"LineString","coordinates":[[139.5357531,35.3128908],[139.5356242,35.3124676]]},"properties":{"edge_u":"6695230594","edge_v":"6695230597","avg_max_density":0.0775,"run_count":50,"level":"low"}},{"type":"Feature","geometry":{"type":"LineString","coordinates":[[139.5357531,35.3128908],[139.5358404,35.3129014]]},"properties":{"edge_u":"6695230594","edge_v":"6701072657","avg_max_density":0.0568,"run_count":50,"level":"low"}},{"type":"Feature","geometry":{"type":"LineString","coordinates":[[139.5357531,35.3128908],[139.5356897,35.3128831]]},"properties":{"edge_u":"6695230594","edge_v":"6701072659","avg_max_density":0.0641,"run_count":50,"level":"low"}},{"type":"Feature","geometry":{"type":"LineString","coordinates":[[139.5361357,35.3129393],[139.5362136,35.3127138]]},"properties":{"edge_u":"6695230600","edge_v":"6695230603","avg_max_density":0.1366,"run_count":50,"level":"low"}},{"type":"Feature","geometry":{"type":"LineString","coordinates":[[139.5358404,35.3129014],[139.5357113,35.3131882]]},"properties":{"edge_u":"6701072657","edge_v":"6701072658","avg_max_density":0.0695,"run_count":50,"level":"low"}},{"type":"Feature","geometry":{"type":"LineString","coordinates":[[139.5356897,35.3128831],[139.5355645,35.3132282]]},"properties":{"edge_u":"6701072659","edge_v":"6701072661","avg_max_density":0.0956,"run_count":50,"level":"low"}},{"type":"Feature","geometry":{"type":"LineString","coordinates":[[139.5352352,35.3109914],[139.535128,35.3113497]]},"properties":{"edge_u":"6707901853","edge_v":"6707901855","avg_max_density":0.2253,"run_count":50,"level":"low"}},{"type":"Feature","geometry":{"type":"LineString","coordinates":[[139.5334232,35.309816],[139.5336281,35.3093677]]},"properties":{"edge_u":"6707996874","edge_v":"6707996875","avg_max_density":0.0271,"run_count":50,"level":"low"}},{"type":"Feature","geometry":{"type":"LineString","coordinates":[[139.5339042,35.3101371],[139.5337843,35.3101047]]},"properties":{"edge_u":"6707996881","edge_v":"6707996882","avg_max_density":0.2426,"run_count":50,"level":"low"}},{"type":"Feature","geometry":{"type":"LineString","coordinates":[[139.5005449,35.314148],[139.5008963,35.3140735]]},"properties":{"edge_u":"6726649182","edge_v":"6726649185","avg_max_density":0.0624,"run_count":50,"level":"low"}},{"type":"Feature","geometry":{"type":"LineString","coordinates":[[139.500859,35.3143745],[139.5006716,35.3142727]]},"properties":{"edge_u":"6726649186","edge_v":"6726649188","avg_max_density":0.0613,"run_count":50,"level":"low"}},{"type":"Feature","geometry":{"type":"LineString","coordinates":[[139.5000637,35.3133668],[139.4999273,35.313232]]},"properties":{"edge_u":"6727787579","edge_v":"6727787581","avg_max_density":0.5808,"run_count":50,"level":"medium"}},{"type":"Feature","geometry":{"type":"LineString","coordinates":[[139.5003236,35.3067477],[139.499767,35.306748]]},"properties":{"edge_u":"6732097144","edge_v":"6732097152","avg_max_density":0.0885,"run_count":50,"level":"low"}},{"type":"Feature","geometry":{"type":"LineString","coordinates":[[139.5001176,35.3119954],[139.4999394,35.3122646]]},"properties":{"edge_u":"6738057316","edge_v":"6738057321","avg_max_density":0.362,"run_count":50,"level":"low"}},{"type":"Feature","geometry":{"type":"LineString","coordinates":[[139.5001176,35.3119954],[139.5000305,35.3118949]]},"properties":{"edge_u":"6738057316","edge_v":"6738057325","avg_max_density":0.2406,"run_count":50,"level":"low"}},{"type":"Feature","geometry":{"type":"LineString","coordinates":[[139.5003042,35.3118236],[139.5000305,35.3118949]]},"properties":{"edge_u":"6738057322","edge_v":"6738057325","avg_max_density":0.1028,"run_count":50,"level":"low"}},{"type":"Feature","geometry":{"type":"LineString","coordinates":[[139.4993337,35.3107979],[139.499307,35.3108272]]},"properties":{"edge_u":"6738057344","edge_v":"6741508576","avg_max_density":0.0568,"run_count":47,"level":"low"}},{"type":"Feature","geometry":{"type":"LineString","coordinates":[[139.499307,35.3108272],[139.4990985,35.3107708]]},"properties":{"edge_u":"6741508576","edge_v":"6741508578","avg_max_density":0.0294,"run_count":50,"level":"low"}},{"type":"Feature","geometry":{"type":"LineString","coordinates":[[139.4980323,35.310182],[139.4978902,35.3102575]]},"properties":{"edge_u":"6741508579","edge_v":"6741508582","avg_max_density":0.2079,"run_count":50,"level":"low"}},{"type":"Feature","geometry":{"type":"LineString","coordinates":[[139.4978097,35.3101738],[139.4978902,35.3102575]]},"properties":{"edge_u":"6741508581","edge_v":"6741508582","avg_max_density":0.0727,"run_count":50,"level":"low"}},{"type":"Feature","geometry":{"type":"LineString","coordinates":[[139.4978902,35.3102575],[139.4974889,35.3105309]]},"properties":{"edge_u":"6741508582","edge_v":"6741508583","avg_max_density":0.153,"run_count":50,"level":"low"}},{"type":"Feature","geometry":{"type":"LineString","coordinates":[[139.4962487,35.3097847],[139.4961712,35.3098262]]},"properties":{"edge_u":"6741508617","edge_v":"6741508619","avg_max_density":0.1143,"run_count":50,"level":"low"}},{"type":"Feature","geometry":{"type":"LineString","coordinates":[[139.4961712,35.3098262],[139.4948397,35.3098272]]},"properties":{"edge_u":"6741508619","edge_v":"9898236527","avg_max_density":0.0188,"run_count":50,"level":"low"}},{"type":"Feature","geometry":{"type":"LineString","coordinates":[[139.4976748,35.3117569],[139.4976018,35.3116299]]},"properties":{"edge_u":"6741508620","edge_v":"6741508622","avg_max_density":0.0722,"run_count":50,"level":"low"}},{"type":"Feature","geometry":{"type":"LineString","coordinates":[[139.5015071,35.3123904],[139.5011086,35.312522]]},"properties":{"edge_u":"6741544977","edge_v":"6741618988","avg_max_density":0.0633,"run_count":50,"level":"low"}},{"type":"Feature","geometry":{"type":"LineString","coordinates":[[139.5011086,35.312522],[139.5011041,35.3125375]]},"properties":{"edge_u":"6741618988","edge_v":"678338664","avg_max_density":0.2512,"run_count":50,"level":"low"}},{"type":"Feature","geometry":{"type":"LineString","coordinates":[[139.5012858,35.3128351],[139.501031,35.3129617]]},"properties":{"edge_u":"6741618996","edge_v":"6741618997","avg_max_density":0.3177,"run_count":50,"level":"low"}},{"type":"Feature","geometry":{"type":"LineString","coordinates":[[139.5012858,35.3128351],[139.5018765,35.3138309]]},"properties":{"edge_u":"6741618996","edge_v":"678338648","avg_max_density":0.1245,"run_count":50,"level":"low"}},{"type":"Feature","geometry":{"type":"LineString","coordinates":[[139.5012858,35.3128351],[139.5011041,35.3125375]]},"properties":{"edge_u":"6741618996","edge_v":"678338664","avg_max_density":0.2589,"run_count":50,"level":"low"}},{"type":"Feature","geometry":{"type":"LineString","coordinates":[[139.5004435,35.313339],[139.5002465,35.3134279]]},"properties":{"edge_u":"6741618999","edge_v":"6741619000","avg_max_density":0.128,"run_count":50,"level":"low"}},{"type":"Feature","geometry":{"type":"LineString","coordinates":[[139.5004435,35.313339],[139.5012269,35.3141914]]},"properties":{"edge_u":"6741618999","edge_v":"678338671","avg_max_density":0.0848,"run_count":50,"level":"low"}},{"type":"Feature","geometry":{"type":"LineString","coordinates":[[139.4984921,35.3132088],[139.4984005,35.3131379]]},"properties":{"edge_u":"6743274256","edge_v":"6743274257","avg_max_density":0.0914,"run_count":50,"level":"low"}},{"type":"Feature","geometry":{"type":"LineString","coordinates":[[139.4984921,35.3132088],[139.4984808,35.3132194]]},"properties":{"edge_u":"6743274256","edge_v":"6743274261","avg_max_density":0.1726,"run_count":38,"level":"low"}},{"type":"Feature","geometry":{"type":"LineString","coordinates":[[139.4986223,35.3133383],[139.4985674,35.3133857]]},"properties":{"edge_u":"6743274258","edge_v":"6743274259","avg_max_density":0.1112,"run_count":50,"level":"low"}},{"type":"Feature","geometry":{"type":"LineString","coordinates":[[139.4986223,35.3133383],[139.4984808,35.3132194]]},"properties":{"edge_u":"6743274258","edge_v":"6743274261","avg_max_density":0.0282,"run_count":50,"level":"low"}},{"type":"Feature","geometry":{"type":"LineString","coordinates":[[139.5545187,35.319769],[139.5542063,35.3199543]]},"properties":{"edge_u":"677283610","edge_v":"677283618","avg_max_density":0.0215,"run_count":50,"level":"low"}},{"type":"Feature","geometry":{"type":"LineString","coordinates":[[139.5545187,35.319769],[139.5543925,35.319641]]},"properties":{"edge_u":"677283610","edge_v":"677283624","avg_max_density":0.0624,"run_count":50,"level":"low"}},{"type":"Feature","geometry":{"type":"LineString","coordinates":[[139.5545187,35.319769],[139.5547318,35.3199676]]},"properties":{"edge_u":"677283610","edge_v":"677283656","avg_max_density":0.041,"run_count":50,"level":"low"}},{"type":"Feature","geometry":{"type":"LineString","coordinates":[[139.5554115,35.3206015],[139.5552373,35.320453]]},"properties":{"edge_u":"677283617","edge_v":"677283629","avg_max_density":0.01,"run_count":49,"level":"low"}},{"type":"Feature","geometry":{"type":"LineString","coordinates":[[139.5543925,35.319641],[139.5549737,35.319273]]},"properties":{"edge_u":"677283624","edge_v":"677283652","avg_max_density":0.0236,"run_count":50,"level":"low"}},{"type":"Feature","geometry":{"type":"LineString","coordinates":[[139.5551425,35.3197128],[139.5547318,35.3199676]]},"properties":{"edge_u":"677283634","edge_v":"677283656","avg_max_density":0.0132,"run_count":49,"level":"low"}},{"type":"Feature","geometry":{"type":"LineString","coordinates":[[139.5507651,35.321502],[139.5516018,35.3212487]]},"properties":{"edge_u":"677290850","edge_v":"677291048","avg_max_density":0.0603,"run_count":50,"level":"low"}},{"type":"Feature","geometry":{"type":"LineString","coordinates":[[139.5117345,35.3083595],[139.5114084,35.3076757]]},"properties":{"edge_u":"677435482","edge_v":"677435654","avg_max_density":0.0242,"run_count":50,"level":"low"}},{"type":"Feature","geometry":{"type":"LineString","coordinates":[[139.5218293,35.3045272],[139.5219791,35.3052964]]},"properties":{"edge_u":"677437457","edge_v":"677437507","avg_max_density":0.1197,"run_count":50,"level":"low"}},{"type":"Feature","geometry":{"type":"LineString","coordinates":[[139.5218293,35.3045272],[139.5218158,35.3043935]]},"properties":{"edge_u":"677437457","edge_v":"759648672","avg_max_density":0.2015,"run_count":50,"level":"low"}},{"type":"Feature","geometry":{"type":"LineString","coordinates":[[139.5218293,35.3045272],[139.5215081,35.3048296]]},"properties":{"edge_u":"677437457","edge_v":"759648785","avg_max_density":0.0979,"run_count":50,"level":"low"}},{"type":"Feature","geometry":{"type":"LineString","coordinates":[[139.5220308,35.3055846],[139.5219791,35.3052964]]},"properties":{"edge_u":"677437471","edge_v":"677437507","avg_max_density":0.0946,"run_count":50,"level":"low"}},{"type":"Feature","geometry":{"type":"LineString","coordinates":[[139.5219791,35.3052964],[139.5215081,35.3048296]]},"properties":{"edge_u":"677437507","edge_v":"759648785","avg_max_density":0.0402,"run_count":50,"level":"low"}},{"type":"Feature","geometry":{"type":"LineString","coordinates":[[139.5219791,35.3052964],[139.5224638,35.3046934]]},"properties":{"edge_u":"677437507","edge_v":"759649494","avg_max_density":0.0567,"run_count":50,"level":"low"}},{"type":"Feature","geometry":{"type":"LineString","coordinates":[[139.5018765,35.3138309],[139.5012269,35.3141914]]},"properties":{"edge_u":"678338648","edge_v":"678338671","avg_max_density":0.0527,"run_count":50,"level":"low"}},{"type":"Feature","geometry":{"type":"LineString","coordinates":[[139.5526699,35.3206102],[139.552856,35.3205333]]},"properties":{"edge_u":"682659556","edge_v":"682659559","avg_max_density":0.1865,"run_count":50,"level":"low"}},{"type":"Feature","geometry":{"type":"LineString","coordinates":[[139.5334198,35.3122931],[139.5335394,35.3124987]]},"properties":{"edge_u":"7021699357","edge_v":"7965614254","avg_max_density":0.0324,"run_count":40,"level":"low"}},{"type":"Feature","geometry":{"type":"LineString","coordinates":[[139.5334198,35.3122931],[139.533538,35.3122859]]},"properties":{"edge_u":"7021699357","edge_v":"7965627966","avg_max_density":0.9948,"run_count":50,"level":"medium"}},{"type":"Feature","geometry":{"type":"LineString","coordinates":[[139.5336444,35.3125527],[139.533705,35.3125669]]},"properties":{"edge_u":"7168171314","edge_v":"7965628090","avg_max_density":0.0988,"run_count":46,"level":"low"}},{"type":"Feature","geometry":{"type":"LineString","coordinates":[[139.526578,35.3064239],[139.5249322,35.3054825]]},"properties":{"edge_u":"723776366","edge_v":"723776449","avg_max_density":0.0807,"run_count":50,"level":"low"}},{"type":"Feature","geometry":{"type":"LineString","coordinates":[[139.526578,35.3064239],[139.5266652,35.3059162]]},"properties":{"edge_u":"723776366","edge_v":"759647213","avg_max_density":0.1215,"run_count":50,"level":"low"}},{"type":"Feature","geometry":{"type":"LineString","coordinates":[[139.5227479,35.303577],[139.5218983,35.3037382]]},"properties":{"edge_u":"723776544","edge_v":"723776913","avg_max_density":0.151,"run_count":50,"level":"low"}},{"type":"Feature","geometry":{"type":"LineString","coordinates":[[139.5149707,35.304165],[139.5149855,35.304207]]},"properties":{"edge_u":"723776659","edge_v":"723776685","avg_max_density":0.7593,"run_count":50,"level":"medium"}},{"type":"Feature","geometry":{"type":"LineString","coordinates":[[139.5204342,35.3040323],[139.5212264,35.3038522]]},"properties":{"edge_u":"723776869","edge_v":"723776906","avg_max_density":0.0375,"run_count":50,"level":"low"}},{"type":"Feature","geometry":{"type":"LineString","coordinates":[[139.5212264,35.3038522],[139.521681,35.3037766]]},"properties":{"edge_u":"723776906","edge_v":"759648529","avg_max_density":0.0622,"run_count":50,"level":"low"}},{"type":"Feature","geometry":{"type":"LineString","coordinates":[[139.5218983,35.3037382],[139.521681,35.3037766]]},"properties":{"edge_u":"723776913","edge_v":"759648529","avg_max_density":0.1348,"run_count":50,"level":"low"}},{"type":"Feature","geometry":{"type":"LineString","coordinates":[[139.5240993,35.3045166],[139.5244184,35.3040809]]},"properties":{"edge_u":"7241512957","edge_v":"7241512960","avg_max_density":0.1971,"run_count":50,"level":"low"}},{"type":"Feature","geometry":{"type":"LineString","coordinates":[[139.5248567,35.3033045],[139.5248827,35.3033388]]},"properties":{"edge_u":"759646297","edge_v":"759646337","avg_max_density":0.2029,"run_count":50,"level":"low"}},{"type":"Feature","geometry":{"type":"LineString","coordinates":[[139.5248567,35.3033045],[139.5251157,35.3031685]]},"properties":{"edge_u":"759646297","edge_v":"759647605","avg_max_density":0.0829,"run_count":50,"level":"low"}},{"type":"Feature","geometry":{"type":"LineString","coordinates":[[139.5260941,35.3052024],[139.5263064,35.3054336]]},"properties":{"edge_u":"759646985","edge_v":"759647045","avg_max_density":0.167,"run_count":50,"level":"low"}},{"type":"Feature","geometry":{"type":"LineString","coordinates":[[139.5263064,35.3054336],[139.5266652,35.3059162]]},"properties":{"edge_u":"759647045","edge_v":"759647213","avg_max_density":0.0574,"run_count":50,"level":"low"}},{"type":"Feature","geometry":{"type":"LineString","coordinates":[[139.5251157,35.3031685],[139.5257052,35.3030891]]},"properties":{"edge_u":"759647605","edge_v":"759647808","avg_max_density":0.0131,"run_count":50,"level":"low"}},{"type":"Feature","geometry":{"type":"LineString","coordinates":[[139.5224638,35.3046934],[139.5225932,35.3043419]]},"properties":{"edge_u":"759649494","edge_v":"759649686","avg_max_density":0.0311,"run_count":50,"level":"low"}},{"type":"Feature","geometry":{"type":"LineString","coordinates":[[139.5543748,35.303419],[139.5544546,35.3035501]]},"properties":{"edge_u":"7912560952","edge_v":"7912560953","avg_max_density":0.1321,"run_count":50,"level":"low"}},{"type":"Feature","geometry":{"type":"LineString","coordinates":[[139.5536956,35.3039055],[139.5537377,35.3039828]]},"properties":{"edge_u":"7912560975","edge_v":"7912560976","avg_max_density":0.1648,"run_count":50,"level":"low"}},{"type":"Feature","geometry":{"type":"LineString","coordinates":[[139.5536956,35.3039055],[139.5542362,35.3040844]]},"properties":{"edge_u":"7912560975","edge_v":"7912592287","avg_max_density":0.0787,"run_count":50,"level":"low"}},{"type":"Feature","geometry":{"type":"LineString","coordinates":[[139.5537377,35.3039828],[139.5537765,35.3041458]]},"properties":{"edge_u":"7912560976","edge_v":"7912560978","avg_max_density":0.0897,"run_count":50,"level":"low"}},{"type":"Feature","geometry":{"type":"LineString","coordinates":[[139.5537377,35.3039828],[139.5539069,35.3040198]]},"properties":{"edge_u":"7912560976","edge_v":"7912560982","avg_max_density":0.1646,"run_count":50,"level":"low"}},{"type":"Feature","geometry":{"type":"LineString","coordinates":[[139.5536247,35.3043291],[139.5538542,35.3043232]]},"properties":{"edge_u":"7912560983","edge_v":"7912592286","avg_max_density":0.0959,"run_count":50,"level":"low"}},{"type":"Feature","geometry":{"type":"LineString","coordinates":[[139.5542362,35.3040844],[139.5542593,35.3042055]]},"properties":{"edge_u":"7912592287","edge_v":"7912592290","avg_max_density":0.2484,"run_count":50,"level":"low"}},{"type":"Feature","geometry":{"type":"LineString","coordinates":[[139.5542362,35.3040844],[139.5549374,35.3040779]]},"properties":{"edge_u":"7912592287","edge_v":"7912592313","avg_max_density":0.1346,"run_count":50,"level":"low"}},{"type":"Feature","geometry":{"type":"LineString","coordinates":[[139.5542593,35.3042055],[139.5544351,35.304293]]},"properties":{"edge_u":"7912592290","edge_v":"7912592295","avg_max_density":0.2435,"run_count":50,"level":"low"}},{"type":"Feature","geometry":{"type":"LineString","coordinates":[[139.5544351,35.304293],[139.5545331,35.3043881]]},"properties":{"edge_u":"7912592295","edge_v":"7912592298","avg_max_density":0.1999,"run_count":50,"level":"low"}},{"type":"Feature","geometry":{"type":"LineString","coordinates":[[139.5335121,35.3126614],[139.5337025,35.3127295]]},"properties":{"edge_u":"7913096098","edge_v":"7913096099","avg_max_density":0.1866,"run_count":50,"level":"low"}},{"type":"Feature","geometry":{"type":"LineString","coordinates":[[139.5335121,35.3126614],[139.5337011,35.3127996]]},"properties":{"edge_u":"7913096098","edge_v":"7965627864","avg_max_density":0.1706,"run_count":50,"level":"low"}},{"type":"Feature","geometry":{"type":"LineString","coordinates":[[139.5335121,35.3126614],[139.5335317,35.3126363]]},"properties":{"edge_u":"7913096098","edge_v":"7965628113","avg_max_density":0.1778,"run_count":34,"level":"low"}},{"type":"Feature","geometry":{"type":"LineString","coordinates":[[139.5337025,35.3127295],[139.5337007,35.312747]]},"properties":{"edge_u":"7913096099","edge_v":"7965628052","avg_max_density":0.371,"run_count":49,"level":"low"}},{"type":"Feature","geometry":{"type":"LineString","coordinates":[[139.5337025,35.3127295],[139.533705,35.3125669]]},"properties":{"edge_u":"7913096099","edge_v":"7965628090","avg_max_density":0.2002,"run_count":50,"level":"low"}},{"type":"Feature","geometry":{"type":"LineString","coordinates":[[139.5334639,35.3128821],[139.5335498,35.3128707]]},"properties":{"edge_u":"7913096101","edge_v":"7965627980","avg_max_density":0.1265,"run_count":48,"level":"low"}},{"type":"Feature","geometry":{"type":"LineString","coordinates":[[139.5338351,35.3124134],[139.5339307,35.3123039]]},"properties":{"edge_u":"7913096120","edge_v":"7965377510","avg_max_density":0.0739,"run_count":50,"level":"low"}},{"type":"Feature","geometry":{"type":"LineString","coordinates":[[139.5338265,35.3125146],[139.5338182,35.3125679]]},"properties":{"edge_u":"7965377508","edge_v":"7965377543","avg_max_density":0.1147,"run_count":36,"level":"low"}},{"type":"Feature","geometry":{"type":"LineString","coordinates":[[139.5339307,35.3123039],[139.5338979,35.3123032]]},"properties":{"edge_u":"7965377510","edge_v":"7965377540","avg_max_density":0.1752,"run_count":46,"level":"low"}},{"type":"Feature","geometry":{"type":"LineString","coordinates":[[139.5339307,35.3123039],[139.5339797,35.3122362]]},"properties":{"edge_u":"7965377510","edge_v":"7965986522","avg_max_density":0.1533,"run_count":50,"level":"low"}},{"type":"Feature","geometry":{"type":"LineString","coordinates":[[139.533964,35.3125404],[139.5340286,35.3125555]]},"properties":{"edge_u":"7965377516","edge_v":"7965386828","avg_max_density":0.1197,"run_count":50,"level":"low"}},{"type":"Feature","geometry":{"type":"LineString","coordinates":[[139.533964,35.3125404],[139.5339797,35.3122362]]},"properties":{"edge_u":"7965377516","edge_v":"7965986522","avg_max_density":0.1091,"run_count":50,"level":"low"}},{"type":"Feature","geometry":{"type":"LineString","coordinates":[[139.5340647,35.3125638],[139.5340741,35.3124269]]},"properties":{"edge_u":"7965377523","edge_v":"7965377557","avg_max_density":0.1916,"run_count":50,"level":"low"}},{"type":"Feature","geometry":{"type":"LineString","coordinates":[[139.5340647,35.3125638],[139.5340865,35.3125689]]},"properties":{"edge_u":"7965377523","edge_v":"7965377564","avg_max_density":0.3135,"run_count":50,"level":"low"}},{"type":"Feature","geometry":{"type":"LineString","coordinates":[[139.5340647,35.3125638],[139.5340286,35.3125555]]},"properties":{"edge_u":"7965377523","edge_v":"7965386828","avg_max_density":0.1983,"run_count":50,"level":"low"}},{"type":"Feature","geometry":{"type":"LineString","coordinates":[[139.5342776,35.3121039],[139.5340928,35.3120578]]},"properties":{"edge_u":"7965377527","edge_v":"7965386806","avg_max_density":0.0623,"run_count":50,"level":"low"}},{"type":"Feature","geometry":{"type":"LineString","coordinates":[[139.5339554,35.3126401],[139.5339387,35.3127831]]},"properties":{"edge_u":"7965377531","edge_v":"7965377552","avg_max_density":0.0625,"run_count":50,"level":"low"}},{"type":"Feature","geometry":{"type":"LineString","coordinates":[[139.5339554,35.3126401],[139.5338793,35.312638]]},"properties":{"edge_u":"7965377531","edge_v":"7965386810","avg_max_density":0.1346,"run_count":50,"level":"low"}},{"type":"Feature","geometry":{"type":"LineString","coordinates":[[139.5339554,35.3126401],[139.5340286,35.3125555]]},"properties":{"edge_u":"7965377531","edge_v":"7965386828","avg_max_density":0.0787,"run_count":50,"level":"low"}},{"type":"Feature","geometry":{"type":"LineString","coordinates":[[139.534044,35.3121977],[139.5339818,35.3121959]]},"properties":{"edge_u":"7965377541","edge_v":"7965377547","avg_max_density":0.0735,"run_count":49,"level":"low"}},{"type":"Feature","geometry":{"type":"LineString","coordinates":[[139.534044,35.3121977],[139.5340928,35.3120578]]},"properties":{"edge_u":"7965377541","edge_v":"7965386806","avg_max_density":0.0742,"run_count":50,"level":"low"}},{"type":"Feature","geometry":{"type":"LineString","coordinates":[[139.534044,35.3121977],[139.5340423,35.3122378]]},"properties":{"edge_u":"7965377541","edge_v":"7965986523","avg_max_density":0.1255,"run_count":50,"level":"low"}},{"type":"Feature","geometry":{"type":"LineString","coordinates":[[139.5338182,35.3125679],[139.533705,35.3125669]]},"properties":{"edge_u":"7965377543","edge_v":"7965628090","avg_max_density":0.2434,"run_count":50,"level":"low"}},{"type":"Feature","geometry":{"type":"LineString","coordinates":[[139.5339818,35.3121959],[139.5338896,35.3120015]]},"properties":{"edge_u":"7965377547","edge_v":"7965377579","avg_max_density":0.0953,"run_count":50,"level":"low"}},{"type":"Feature","geometry":{"type":"LineString","coordinates":[[139.5339818,35.3121959],[139.5339797,35.3122362]]},"properties":{"edge_u":"7965377547","edge_v":"7965986522","avg_max_density":0.1367,"run_count":50,"level":"low"}},{"type":"Feature","geometry":{"type":"LineString","coordinates":[[139.5340865,35.3125689],[139.5340895,35.3125243]]},"properties":{"edge_u":"7965377564","edge_v":"7965386793","avg_max_density":0.1933,"run_count":50,"level":"low"}},{"type":"Feature","geometry":{"type":"LineString","coordinates":[[139.5338896,35.3120015],[139.5340928,35.3120578]]},"properties":{"edge_u":"7965377579","edge_v":"7965386806","avg_max_density":0.0592,"run_count":50,"level":"low"}},{"type":"Feature","geometry":{"type":"LineString","coordinates":[[139.5338896,35.3120015],[139.5337261,35.3119344]]},"properties":{"edge_u":"7965377579","edge_v":"7965386809","avg_max_density":0.0746,"run_count":50,"level":"low"}},{"type":"Feature","geometry":{"type":"LineString","coordinates":[[139.5340903,35.3122615],[139.5340423,35.3122378]]},"properties":{"edge_u":"7965386791","edge_v":"7965986523","avg_max_density":0.0895,"run_count":50,"level":"low"}},{"type":"Feature","geometry":{"type":"LineString","coordinates":[[139.5340286,35.3125555],[139.5340423,35.3122378]]},"properties":{"edge_u":"7965386828","edge_v":"7965986523","avg_max_density":0.0747,"run_count":50,"level":"low"}},{"type":"Feature","geometry":{"type":"LineString","coordinates":[[139.5334389,35.3129023],[139.5335564,35.3129602]]},"properties":{"edge_u":"7965614233","edge_v":"7965627707","avg_max_density":0.0358,"run_count":49,"level":"low"}},{"type":"Feature","geometry":{"type":"LineString","coordinates":[[139.5336224,35.3128316],[139.5337001,35.3128307]]},"properties":{"edge_u":"7965614239","edge_v":"7965628042","avg_max_density":0.1013,"run_count":49,"level":"low"}},{"type":"Feature","geometry":{"type":"LineString","coordinates":[[139.5337939,35.3122528],[139.5336859,35.3122483]]},"properties":{"edge_u":"7965614241","edge_v":"7965628045","avg_max_density":0.0635,"run_count":49,"level":"low"}},{"type":"Feature","geometry":{"type":"LineString","coordinates":[[139.5336171,35.312287],[139.5336842,35.3122884]]},"properties":{"edge_u":"7965614242","edge_v":"7965627712","avg_max_density":0.1215,"run_count":50,"level":"low"}},{"type":"Feature","geometry":{"type":"LineString","coordinates":[[139.5336171,35.312287],[139.5335188,35.312224]]},"properties":{"edge_u":"7965614242","edge_v":"7965627801","avg_max_density":0.1263,"run_count":50,"level":"low"}},{"type":"Feature","geometry":{"type":"LineString","coordinates":[[139.5336171,35.312287],[139.5336051,35.3122865]]},"properties":{"edge_u":"7965614242","edge_v":"7965628146","avg_max_density":0.4586,"run_count":14,"level":"low"}},{"type":"Feature","geometry":{"type":"LineString","coordinates":[[139.5336711,35.3127465],[139.5337007,35.312747]]},"properties":{"edge_u":"7965614248","edge_v":"7965628052","avg_max_density":0.1919,"run_count":32,"level":"low"}},{"type":"Feature","geometry":{"type":"LineString","coordinates":[[139.5335394,35.3124987],[139.5335317,35.3126363]]},"properties":{"edge_u":"7965614254","edge_v":"7965628113","avg_max_density":0.0412,"run_count":49,"level":"low"}},{"type":"Feature","geometry":{"type":"LineString","coordinates":[[139.5335564,35.3129602],[139.5335976,35.3129351]]},"properties":{"edge_u":"7965627707","edge_v":"7965628096","avg_max_density":0.3466,"run_count":50,"level":"low"}},{"type":"Feature","geometry":{"type":"LineString","coordinates":[[139.5336842,35.3122884],[139.5336822,35.3123597]]},"properties":{"edge_u":"7965627712","edge_v":"7965627953","avg_max_density":0.227,"run_count":50,"level":"low"}},{"type":"Feature","geometry":{"type":"LineString","coordinates":[[139.5336842,35.3122884],[139.5336859,35.3122483]]},"properties":{"edge_u":"7965627712","edge_v":"7965628045","avg_max_density":0.1898,"run_count":49,"level":"low"}},{"type":"Feature","geometry":{"type":"LineString","coordinates":[[139.5336984,35.3121127],[139.5337287,35.3121445]]},"properties":{"edge_u":"7965627751","edge_v":"7965627950","avg_max_density":0.1786,"run_count":45,"level":"low"}},{"type":"Feature","geometry":{"type":"LineString","coordinates":[[139.5336984,35.3121127],[139.5335203,35.31219]]},"properties":{"edge_u":"7965627751","edge_v":"7965628003","avg_max_density":0.0991,"run_count":50,"level":"low"}},{"type":"Feature","geometry":{"type":"LineString","coordinates":[[139.5336984,35.3121127],[139.5337819,35.3121292]]},"properties":{"edge_u":"7965627751","edge_v":"7965628094","avg_max_density":0.0737,"run_count":48,"level":"low"}},{"type":"Feature","geometry":{"type":"LineString","coordinates":[[139.5335188,35.312224],[139.533538,35.3122859]]},"properties":{"edge_u":"7965627801","edge_v":"7965627966","avg_max_density":0.6655,"run_count":50,"level":"medium"}},{"type":"Feature","geometry":{"type":"LineString","coordinates":[[139.5335188,35.312224],[139.5335203,35.31219]]},"properties":{"edge_u":"7965627801","edge_v":"7965628003","avg_max_density":0.341,"run_count":50,"level":"low"}},{"type":"Feature","geometry":{"type":"LineString","coordinates":[[139.5337161,35.3121725],[139.5336261,35.3121892]]},"properties":{"edge_u":"7965627805","edge_v":"7965627986","avg_max_density":0.2265,"run_count":50,"level":"low"}},{"type":"Feature","geometry":{"type":"LineString","coordinates":[[139.5337161,35.3121725],[139.5337109,35.3122006]]},"properties":{"edge_u":"7965627805","edge_v":"7965628160","avg_max_density":0.1635,"run_count":30,"level":"low"}},{"type":"Feature","geometry":{"type":"LineString","coordinates":[[139.5337017,35.3127814],[139.5337001,35.3128307]]},"properties":{"edge_u":"7965627848","edge_v":"7965628042","avg_max_density":0.174,"run_count":50,"level":"low"}},{"type":"Feature","geometry":{"type":"LineString","coordinates":[[139.5337017,35.3127814],[139.5337007,35.312747]]},"properties":{"edge_u":"7965627848","edge_v":"7965628052","avg_max_density":0.2667,"run_count":49,"level":"low"}},{"type":"Feature","geometry":{"type":"LineString","coordinates":[[139.5337011,35.3127996],[139.5337001,35.3128307]]},"properties":{"edge_u":"7965627864","edge_v":"7965628042","avg_max_density":0.3729,"run_count":50,"level":"low"}},{"type":"Feature","geometry":{"type":"LineString","coordinates":[[139.5336656,35.3128736],[139.5335498,35.3128707]]},"properties":{"edge_u":"7965627888","edge_v":"7965627980","avg_max_density":0.117,"run_count":50,"level":"low"}},{"type":"Feature","geometry":{"type":"LineString","coordinates":[[139.5336656,35.3128736],[139.5335976,35.3129351]]},"properties":{"edge_u":"7965627888","edge_v":"7965628096","avg_max_density":0.2161,"run_count":50,"level":"low"}},{"type":"Feature","geometry":{"type":"LineString","coordinates":[[139.5337287,35.3121445],[139.5337819,35.3121292]]},"properties":{"edge_u":"7965627950","edge_v":"7965628094","avg_max_density":0.1004,"run_count":24,"level":"low"}},{"type":"Feature","geometry":{"type":"LineString","coordinates":[[139.5336822,35.3123597],[139.5336823,35.3123731]]},"properties":{"edge_u":"7965627953","edge_v":"7965627973","avg_max_density":0.4176,"run_count":45,"level":"low"}},{"type":"Feature","geometry":{"type":"LineString","coordinates":[[139.5336822,35.3123597],[139.5337877,35.3123634]]},"properties":{"edge_u":"7965627953","edge_v":"7965628087","avg_max_density":0.1034,"run_count":50,"level":"low"}},{"type":"Feature","geometry":{"type":"LineString","coordinates":[[139.533538,35.3122859],[139.5336051,35.3122865]]},"properties":{"edge_u":"7965627966","edge_v":"7965628146","avg_max_density":0.1001,"run_count":50,"level":"low"}},{"type":"Feature","geometry":{"type":"LineString","coordinates":[[139.5336823,35.3123731],[139.5336389,35.3123933]]},"properties":{"edge_u":"7965627973","edge_v":"7965628104","avg_max_density":0.1404,"run_count":44,"level":"low"}},{"type":"Feature","geometry":{"type":"LineString","coordinates":[[139.5336261,35.3121892],[139.5335203,35.31219]]},"properties":{"edge_u":"7965627986","edge_v":"7965628003","avg_max_density":0.4005,"run_count":50,"level":"low"}},{"type":"Feature","geometry":{"type":"LineString","coordinates":[[139.5336261,35.3121892],[139.533688,35.3122199]]},"properties":{"edge_u":"7965627986","edge_v":"7965628108","avg_max_density":0.1319,"run_count":45,"level":"low"}},{"type":"Feature","geometry":{"type":"LineString","coordinates":[[139.5336859,35.3122483],[139.533688,35.3122199]]},"properties":{"edge_u":"7965628045","edge_v":"7965628108","avg_max_density":0.2497,"run_count":50,"level":"low"}},{"type":"Feature","geometry":{"type":"LineString","coordinates":[[139.5337819,35.3121292],[139.5337109,35.3122006]]},"properties":{"edge_u":"7965628094","edge_v":"7965628160","avg_max_density":0.0704,"run_count":49,"level":"low"}},{"type":"Feature","geometry":{"type":"LineString","coordinates":[[139.533688,35.3122199],[139.5337109,35.3122006]]},"properties":{"edge_u":"7965628108","edge_v":"7965628160","avg_max_density":0.2493,"run_count":47,"level":"low"}},{"type":"Feature","geometry":{"type":"LineString","coordinates":[[139.5339797,35.3122362],[139.5340423,35.3122378]]},"properties":{"edge_u":"7965986522","edge_v":"7965986523","avg_max_density":0.1185,"run_count":49,"level":"low"}},{"type":"Feature","geometry":{"type":"LineString","coordinates":[[139.5489805,35.3104867],[139.5492774,35.3108886]]},"properties":{"edge_u":"796607025","edge_v":"796607086","avg_max_density":0.1045,"run_count":50,"level":"low"}},{"type":"Feature","geometry":{"type":"LineString","coordinates":[[139.5526046,35.3174567],[139.5523602,35.3175601]]},"properties":{"edge_u":"8088240146","edge_v":"8088240147","avg_max_density":0.1677,"run_count":50,"level":"low"}},{"type":"Feature","geometry":{"type":"LineString","coordinates":[[139.5527542,35.3171886],[139.552773,35.3172408]]},"properties":{"edge_u":"8088240152","edge_v":"8088240153","avg_max_density":0.1223,"run_count":50,"level":"low"}},{"type":"Feature","geometry":{"type":"LineString","coordinates":[[139.552773,35.3172408],[139.5527877,35.3173075]]},"properties":{"edge_u":"8088240153","edge_v":"8088240154","avg_max_density":0.1115,"run_count":50,"level":"low"}},{"type":"Feature","geometry":{"type":"LineString","coordinates":[[139.552773,35.3172408],[139.5529143,35.3171281]]},"properties":{"edge_u":"8088240153","edge_v":"8088240159","avg_max_density":0.0652,"run_count":50,"level":"low"}},{"type":"Feature","geometry":{"type":"LineString","coordinates":[[139.5527877,35.3173075],[139.5527019,35.317314]]},"properties":{"edge_u":"8088240154","edge_v":"8088240156","avg_max_density":0.3377,"run_count":50,"level":"low"}},{"type":"Feature","geometry":{"type":"LineString","coordinates":[[139.5527019,35.317314],[139.5527126,35.3173478]]},"properties":{"edge_u":"8088240156","edge_v":"8088240157","avg_max_density":0.1319,"run_count":41,"level":"low"}},{"type":"Feature","geometry":{"type":"LineString","coordinates":[[139.5352811,35.3156709],[139.5353096,35.3157363]]},"properties":{"edge_u":"8090643361","edge_v":"8090643406","avg_max_density":0.1322,"run_count":50,"level":"low"}},{"type":"Feature","geometry":{"type":"LineString","coordinates":[[139.5352811,35.3156709],[139.5359506,35.3165971]]},"properties":{"edge_u":"8090643361","edge_v":"8090655628","avg_max_density":0.0089,"run_count":50,"level":"low"}},{"type":"Feature","geometry":{"type":"LineString","coordinates":[[139.5353329,35.315777],[139.5354481,35.31598]]},"properties":{"edge_u":"8090643383","edge_v":"8090643404","avg_max_density":0.307,"run_count":50,"level":"low"}},{"type":"Feature","geometry":{"type":"LineString","coordinates":[[139.5353329,35.315777],[139.5353177,35.3157495]]},"properties":{"edge_u":"8090643383","edge_v":"8499382563","avg_max_density":0.3638,"run_count":50,"level":"low"}},{"type":"Feature","geometry":{"type":"LineString","coordinates":[[139.5353096,35.3157363],[139.5353177,35.3157495]]},"properties":{"edge_u":"8090643406","edge_v":"8499382563","avg_max_density":0.4304,"run_count":46,"level":"low"}},{"type":"Feature","geometry":{"type":"LineString","coordinates":[[139.5356884,35.3166473],[139.5358418,35.3166321]]},"properties":{"edge_u":"8090655623","edge_v":"8090655625","avg_max_density":0.272,"run_count":50,"level":"low"}},{"type":"Feature","geometry":{"type":"LineString","coordinates":[[139.5358418,35.3166321],[139.5358384,35.3166123]]},"properties":{"edge_u":"8090655625","edge_v":"8090655627","avg_max_density":0.2718,"run_count":48,"level":"low"}},{"type":"Feature","geometry":{"type":"LineString","coordinates":[[139.5358241,35.316546],[139.5358384,35.3166123]]},"properties":{"edge_u":"8090655626","edge_v":"8090655627","avg_max_density":0.7517,"run_count":50,"level":"medium"}},{"type":"Feature","geometry":{"type":"LineString","coordinates":[[139.5358384,35.3166123],[139.5359506,35.3165971]]},"properties":{"edge_u":"8090655627","edge_v":"8090655628","avg_max_density":0.5279,"run_count":50,"level":"medium"}},{"type":"Feature","geometry":{"type":"LineString","coordinates":[[139.55209,35.304033],[139.5522776,35.3041032]]},"properties":{"edge_u":"8158059456","edge_v":"8158059459","avg_max_density":19.9446,"run_count":50,"level":"high"}},{"type":"Feature","geometry":{"type":"LineString","coordinates":[[139.5522776,35.3041032],[139.5523181,35.3039908]]},"properties":{"edge_u":"8158059459","edge_v":"8158059460","avg_max_density":0.5439,"run_count":50,"level":"medium"}},{"type":"Feature","geometry":{"type":"LineString","coordinates":[[139.5353967,35.316184],[139.5353375,35.3161123]]},"properties":{"edge_u":"8499382577","edge_v":"8499382579","avg_max_density":0.1105,"run_count":50,"level":"low"}},{"type":"Feature","geometry":{"type":"LineString","coordinates":[[139.5498209,35.3190303],[139.5498444,35.3188919]]},"properties":{"edge_u":"9902113690","edge_v":"9902113702","avg_max_density":0.0505,"run_count":50,"level":"low"}},{"type":"Feature","geometry":{"type":"LineString","coordinates":[[139.5499731,35.3189195],[139.5498444,35.3188919]]},"properties":{"edge_u":"9902113699","edge_v":"9902113702","avg_max_density":0.0227,"run_count":50,"level":"low"}},{"type":"Feature","geometry":{"type":"LineString","coordinates":[[139.5501199,35.3190179],[139.550091,35.3190178]]},"properties":{"edge_u":"9903823685","edge_v":"9974032192","avg_max_density":0.1948,"run_count":47,"level":"low"}},{"type":"Feature","geometry":{"type":"LineString","coordinates":[[139.5358427,35.3112644],[139.5358012,35.3112545]]},"properties":{"edge_u":"9911314620","edge_v":"9976832486","avg_max_density":0.2268,"run_count":50,"level":"low"}},{"type":"Feature","geometry":{"type":"LineString","coordinates":[[139.5499979,35.3185569],[139.5499828,35.3185754]]},"properties":{"edge_u":"9911314621","edge_v":"9974032191","avg_max_density":0.2127,"run_count":39,"level":"low"}},{"type":"Feature","geometry":{"type":"LineString","coordinates":[[139.5101452,35.3063033],[139.5103348,35.3064275]]},"properties":{"edge_u":"9911314622","edge_v":"9976832488","avg_max_density":0.1214,"run_count":50,"level":"low"}},{"type":"Feature","geometry":{"type":"LineString","coordinates":[[139.5499828,35.3185754],[139.550091,35.3190178]]},"properties":{"edge_u":"9974032191","edge_v":"9974032192","avg_max_density":0.0919,"run_count":50,"level":"low"}},{"type":"Feature","geometry":{"type":"LineString","coordinates":[[139.5358357,35.3111418],[139.5359323,35.3107627]]},"properties":{"edge_u":"9976832481","edge_v":"9976832482","avg_max_density":0.1336,"run_count":50,"level":"low"}},{"type":"Feature","geometry":{"type":"LineString","coordinates":[[139.5358357,35.3111418],[139.5358012,35.3112545]]},"properties":{"edge_u":"9976832481","edge_v":"9976832486","avg_max_density":0.2701,"run_count":50,"level":"low"}},{"type":"Feature","geometry":{"type":"LineString","coordinates":[[139.5357655,35.3113614],[139.5357212,35.3113512]]},"properties":{"edge_u":"9976832483","edge_v":"9976832485","avg_max_density":0.6728,"run_count":50,"level":"medium"}},{"type":"Feature","geometry":{"type":"LineString","coordinates":[[139.5357655,35.3113614],[139.5358012,35.3112545]]},"properties":{"edge_u":"9976832483","edge_v":"9976832486","avg_max_density":0.151,"run_count":50,"level":"low"}},{"type":"Feature","geometry":{"type":"LineString","coordinates":[[139.5356877,35.3113436],[139.5357212,35.3113512]]},"properties":{"edge_u":"9976832484","edge_v":"9976832485","avg_max_density":0.4057,"run_count":50,"level":"low"}},{"type":"Feature","geometry":{"type":"LineString","coordinates":[[139.5543402,35.3224446],[139.5542939,35.3224687]]},"properties":{"edge_u":"2019464023","edge_v":"2481912272","avg_max_density":0.0643,"run_count":39,"level":"low"}},{"type":"Feature","geometry":{"type":"LineString","coordinates":[[139.5352811,35.3156121],[139.5352815,35.3156235]]},"properties":{"edge_u":"260752573","edge_v":"8499382553","avg_max_density":0.3943,"run_count":26,"level":"low"}},{"type":"Feature","geometry":{"type":"LineString","coordinates":[[139.5578893,35.2965489],[139.5578408,35.2966694]]},"properties":{"edge_u":"3292731205","edge_v":"3292731220","avg_max_density":0.0492,"run_count":25,"level":"low"}},{"type":"Feature","geometry":{"type":"LineString","coordinates":[[139.5353584,35.3161908],[139.5353967,35.316184]]},"properties":{"edge_u":"5627303152","edge_v":"8499382577","avg_max_density":0.151,"run_count":27,"level":"low"}},{"type":"Feature","geometry":{"type":"LineString","coordinates":[[139.5527454,35.3219037],[139.5530808,35.3218673]]},"properties":{"edge_u":"6596714312","edge_v":"6596714316","avg_max_density":0.017,"run_count":32,"level":"low"}},{"type":"Feature","geometry":{"type":"LineString","coordinates":[[139.5550038,35.3202236],[139.5548321,35.320334]]},"properties":{"edge_u":"6597761582","edge_v":"6597761583","avg_max_density":0.0143,"run_count":45,"level":"low"}},{"type":"Feature","geometry":{"type":"LineString","coordinates":[[139.542954,35.3154349],[139.5427048,35.3153156]]},"properties":{"edge_u":"6620539214","edge_v":"6620539215","avg_max_density":0.0169,"run_count":36,"level":"low"}},{"type":"Feature","geometry":{"type":"LineString","coordinates":[[139.5335564,35.3129602],[139.5335611,35.3129745]]},"properties":{"edge_u":"7965627707","edge_v":"7965628148","avg_max_density":0.3037,"run_count":13,"level":"low"}},{"type":"Feature","geometry":{"type":"LineString","coordinates":[[139.5336045,35.3123118],[139.5336051,35.3122865]]},"properties":{"edge_u":"7965627743","edge_v":"7965628146","avg_max_density":0.1831,"run_count":33,"level":"low"}},{"type":"Feature","geometry":{"type":"LineString","coordinates":[[139.5337161,35.3121725],[139.5337287,35.3121445]]},"properties":{"edge_u":"7965627805","edge_v":"7965627950","avg_max_density":0.1508,"run_count":22,"level":"low"}},{"type":"Feature","geometry":{"type":"LineString","coordinates":[[139.5335498,35.3128707],[139.5335976,35.3129351]]},"properties":{"edge_u":"7965627980","edge_v":"7965628096","avg_max_density":0.0768,"run_count":42,"level":"low"}},{"type":"Feature","geometry":{"type":"LineString","coordinates":[[139.5355626,35.3166668],[139.5356884,35.3166473]]},"properties":{"edge_u":"8090655621","edge_v":"8090655623","avg_max_density":0.0494,"run_count":27,"level":"low"}},{"type":"Feature","geometry":{"type":"LineString","coordinates":[[139.5536294,35.3217722],[139.5536479,35.3217987]]},"properties":{"edge_u":"2019463996","edge_v":"6654573001","avg_max_density":0.1685,"run_count":28,"level":"low"}},{"type":"Feature","geometry":{"type":"LineString","coordinates":[[139.5358253,35.3167035],[139.5358418,35.3166321]]},"properties":{"edge_u":"279554261","edge_v":"8090655625","avg_max_density":0.0861,"run_count":46,"level":"low"}},{"type":"Feature","geometry":{"type":"LineString","coordinates":[[139.5337017,35.3127814],[139.5337011,35.3127996]]},"properties":{"edge_u":"7965627848","edge_v":"7965627864","avg_max_density":0.247,"run_count":15,"level":"low"}},{"type":"Feature","geometry":{"type":"LineString","coordinates":[[139.5352811,35.3156622],[139.5352811,35.3156709]]},"properties":{"edge_u":"10223028868","edge_v":"8090643361","avg_max_density":0.5169,"run_count":13,"level":"medium"}},{"type":"Feature","geometry":{"type":"LineString","coordinates":[[139.542877,35.3150945],[139.5427629,35.3150371]]},"properties":{"edge_u":"6620539210","edge_v":"6620539211","avg_max_density":0.03,"run_count":21,"level":"low"}},{"type":"Feature","geometry":{"type":"LineString","coordinates":[[139.4997526,35.3067475],[139.499767,35.306748]]},"properties":{"edge_u":"6732097151","edge_v":"6732097152","avg_max_density":0.5097,"run_count":8,"level":"medium"}},{"type":"Feature","geometry":{"type":"LineString","coordinates":[[139.5335532,35.312627],[139.5335317,35.3126363]]},"properties":{"edge_u":"7965627785","edge_v":"7965628113","avg_max_density":0.2265,"run_count":8,"level":"low"}}]}